--
-- PostgreSQL database dump
--

-- Dumped from database version 9.6.15
-- Dumped by pg_dump version 12.1

SET statement_timeout = 0;
SET lock_timeout = 0;
SET idle_in_transaction_session_timeout = 0;
SET client_encoding = 'UTF8';
SET standard_conforming_strings = on;
SELECT pg_catalog.set_config('search_path', '', false);
SET check_function_bodies = false;
SET xmloption = content;
SET client_min_messages = warning;
SET row_security = off;

--
-- Name: global_role_type; Type: TYPE; Schema: public; Owner: track
--

CREATE TYPE public.global_role_type AS ENUM (
    'ADMIN',
    'VISOR',
    'USER',
    'EXTERNAL_SERVICE',
    'EXTERNAL_USER',
    'DEV_OPS'
);


ALTER TYPE public.global_role_type OWNER TO track;

--
-- Name: goal_status; Type: TYPE; Schema: public; Owner: track
--

CREATE TYPE public.goal_status AS ENUM (
    'not_done',
    'done'
);


ALTER TYPE public.goal_status OWNER TO track;

SET default_tablespace = '';

--
-- Name: Milestones; Type: TABLE; Schema: public; Owner: track
--

CREATE TABLE public."Milestones" (
    id integer NOT NULL,
    name character varying(255),
    date date,
    done boolean,
    "projectId" integer,
    "typeId" integer,
    "updatedAt" timestamp with time zone,
    "deletedAt" timestamp with time zone,
    "createdAt" timestamp with time zone
);


ALTER TABLE public."Milestones" OWNER TO track;

--
-- Name: Milestones_id_seq; Type: SEQUENCE; Schema: public; Owner: track
--

CREATE SEQUENCE public."Milestones_id_seq"
    START WITH 1
    INCREMENT BY 1
    NO MINVALUE
    NO MAXVALUE
    CACHE 1;


ALTER TABLE public."Milestones_id_seq" OWNER TO track;

--
-- Name: Milestones_id_seq; Type: SEQUENCE OWNED BY; Schema: public; Owner: track
--

ALTER SEQUENCE public."Milestones_id_seq" OWNED BY public."Milestones".id;


--
-- Name: SequelizeMeta; Type: TABLE; Schema: public; Owner: track
--

CREATE TABLE public."SequelizeMeta" (
    name character varying(255) NOT NULL
);


ALTER TABLE public."SequelizeMeta" OWNER TO track;

--
-- Name: bot_notification; Type: TABLE; Schema: public; Owner: track
--

CREATE TABLE public.bot_notification (
    id bigint NOT NULL,
    active boolean,
    start_date_time timestamp without time zone NOT NULL,
    repeat_days integer,
    repeat_months integer,
    repeat_years integer,
    message character varying
);


ALTER TABLE public.bot_notification OWNER TO track;

--
-- Name: bot_notification_seq; Type: SEQUENCE; Schema: public; Owner: track
--

CREATE SEQUENCE public.bot_notification_seq
    START WITH 99
    INCREMENT BY 1
    NO MINVALUE
    NO MAXVALUE
    CACHE 1;


ALTER TABLE public.bot_notification_seq OWNER TO track;

--
-- Name: bot_notification_seq; Type: SEQUENCE OWNED BY; Schema: public; Owner: track
--

ALTER SEQUENCE public.bot_notification_seq OWNED BY public.bot_notification.id;


--
-- Name: bot_notification_users; Type: TABLE; Schema: public; Owner: track
--

CREATE TABLE public.bot_notification_users (
    bot_notification_id bigint,
    users_id integer
);


ALTER TABLE public.bot_notification_users OWNER TO track;

--
-- Name: bot_reply; Type: TABLE; Schema: public; Owner: track
--

CREATE TABLE public.bot_reply (
    id bigint NOT NULL,
    name character varying,
    value character varying
);


ALTER TABLE public.bot_reply OWNER TO track;

--
-- Name: bot_reply_seq; Type: SEQUENCE; Schema: public; Owner: track
--

CREATE SEQUENCE public.bot_reply_seq
    START WITH 99
    INCREMENT BY 1
    NO MINVALUE
    NO MAXVALUE
    CACHE 1;


ALTER TABLE public.bot_reply_seq OWNER TO track;

--
-- Name: bot_reply_seq; Type: SEQUENCE OWNED BY; Schema: public; Owner: track
--

ALTER SEQUENCE public.bot_reply_seq OWNED BY public.bot_reply.id;


--
-- Name: bot_settings; Type: TABLE; Schema: public; Owner: track
--

CREATE TABLE public.bot_settings (
    bot_name character varying NOT NULL,
    bot_enabled boolean NOT NULL,
    calendar_enabled boolean,
    holidays character varying,
    user_notification_hour integer,
    supervisor_notification_hour integer,
    supervisor_second_notification_hour integer,
    newbies_notification_hour integer,
    id bigint NOT NULL
);


ALTER TABLE public.bot_settings OWNER TO track;

--
-- Name: bot_settings_seq; Type: SEQUENCE; Schema: public; Owner: track
--

CREATE SEQUENCE public.bot_settings_seq
    START WITH 99
    INCREMENT BY 1
    NO MINVALUE
    NO MAXVALUE
    CACHE 1;


ALTER TABLE public.bot_settings_seq OWNER TO track;

--
-- Name: bot_settings_seq; Type: SEQUENCE OWNED BY; Schema: public; Owner: track
--

ALTER SEQUENCE public.bot_settings_seq OWNED BY public.bot_settings.id;


--
-- Name: bot_settings_users; Type: TABLE; Schema: public; Owner: track
--

CREATE TABLE public.bot_settings_users (
    bot_settings_id bigint,
    users_id integer
);


ALTER TABLE public.bot_settings_users OWNER TO track;

--
-- Name: comments; Type: TABLE; Schema: public; Owner: track
--

CREATE TABLE public.comments (
    id integer NOT NULL,
    task_id integer NOT NULL,
    parent_id integer,
    author_id integer NOT NULL,
    text text,
    created_at timestamp with time zone NOT NULL,
    updated_at timestamp with time zone NOT NULL,
    deleted_at timestamp with time zone,
    attachment_ids text
);


ALTER TABLE public.comments OWNER TO track;

--
-- Name: comments_id_seq; Type: SEQUENCE; Schema: public; Owner: track
--

CREATE SEQUENCE public.comments_id_seq
    START WITH 1
    INCREMENT BY 1
    NO MINVALUE
    NO MAXVALUE
    CACHE 1;


ALTER TABLE public.comments_id_seq OWNER TO track;

--
-- Name: comments_id_seq; Type: SEQUENCE OWNED BY; Schema: public; Owner: track
--

ALTER SEQUENCE public.comments_id_seq OWNED BY public.comments.id;


--
-- Name: departments; Type: TABLE; Schema: public; Owner: track
--

CREATE TABLE public.departments (
    id integer NOT NULL,
    name text NOT NULL,
    ps_id text NOT NULL,
    created_at timestamp with time zone NOT NULL,
    updated_at timestamp with time zone NOT NULL,
    deleted_at timestamp with time zone
);


ALTER TABLE public.departments OWNER TO track;

--
-- Name: departments_id_seq; Type: SEQUENCE; Schema: public; Owner: track
--

CREATE SEQUENCE public.departments_id_seq
    START WITH 1
    INCREMENT BY 1
    NO MINVALUE
    NO MAXVALUE
    CACHE 1;


ALTER TABLE public.departments_id_seq OWNER TO track;

--
-- Name: departments_id_seq; Type: SEQUENCE OWNED BY; Schema: public; Owner: track
--

ALTER SEQUENCE public.departments_id_seq OWNED BY public.departments.id;


--
-- Name: flyway_schema_history; Type: TABLE; Schema: public; Owner: track
--

CREATE TABLE public.flyway_schema_history (
    installed_rank integer NOT NULL,
    version character varying(50),
    description character varying(200) NOT NULL,
    type character varying(20) NOT NULL,
    script character varying(1000) NOT NULL,
    checksum integer,
    installed_by character varying(100) NOT NULL,
    installed_on timestamp without time zone DEFAULT now() NOT NULL,
    execution_time integer NOT NULL,
    success boolean NOT NULL
);


ALTER TABLE public.flyway_schema_history OWNER TO track;

--
-- Name: gitlab_user_roles; Type: TABLE; Schema: public; Owner: track
--

CREATE TABLE public.gitlab_user_roles (
    id integer NOT NULL,
    access_level integer,
    expires_at timestamp with time zone,
    project_user_id integer,
    gitlab_project_id integer,
    created_at timestamp with time zone NOT NULL,
    updated_at timestamp with time zone NOT NULL,
    deleted_at timestamp with time zone
);


ALTER TABLE public.gitlab_user_roles OWNER TO track;

--
-- Name: gitlab_user_roles_id_seq; Type: SEQUENCE; Schema: public; Owner: track
--

CREATE SEQUENCE public.gitlab_user_roles_id_seq
    START WITH 1
    INCREMENT BY 1
    NO MINVALUE
    NO MAXVALUE
    CACHE 1;


ALTER TABLE public.gitlab_user_roles_id_seq OWNER TO track;

--
-- Name: gitlab_user_roles_id_seq; Type: SEQUENCE OWNED BY; Schema: public; Owner: track
--

ALTER SEQUENCE public.gitlab_user_roles_id_seq OWNED BY public.gitlab_user_roles.id;


--
-- Name: goal_sprints; Type: TABLE; Schema: public; Owner: track
--

CREATE TABLE public.goal_sprints (
    goal_id integer NOT NULL,
    sprint_id integer NOT NULL,
    created_at timestamp with time zone NOT NULL,
    updated_at timestamp with time zone NOT NULL,
    deleted_at timestamp with time zone
);


ALTER TABLE public.goal_sprints OWNER TO track;

--
-- Name: goal_tasks; Type: TABLE; Schema: public; Owner: track
--

CREATE TABLE public.goal_tasks (
    goal_id integer NOT NULL,
    task_id integer NOT NULL,
    created_at timestamp with time zone NOT NULL,
    updated_at timestamp with time zone NOT NULL,
    deleted_at timestamp with time zone
);


ALTER TABLE public.goal_tasks OWNER TO track;

--
-- Name: goals; Type: TABLE; Schema: public; Owner: track
--

CREATE TABLE public.goals (
    id integer NOT NULL,
    name character varying(255) NOT NULL,
    description text,
    visible text DEFAULT 'true'::text NOT NULL,
    planned_execution_time numeric(10,2) NOT NULL,
    status public.goal_status DEFAULT 'not_done'::public.goal_status NOT NULL,
    active_sprint_id integer,
    moved_to_sprint_id integer,
    parent_id integer,
    project_id integer NOT NULL,
    created_at timestamp with time zone NOT NULL,
    updated_at timestamp with time zone NOT NULL,
    deleted_at timestamp with time zone
);


ALTER TABLE public.goals OWNER TO track;

--
-- Name: item_tags; Type: TABLE; Schema: public; Owner: track
--

CREATE TABLE public.item_tags (
    id integer NOT NULL,
    tag_id integer,
    taggable character varying(255),
    taggable_id integer,
    deleted_at timestamp without time zone
);


ALTER TABLE public.item_tags OWNER TO track;

--
-- Name: item_tags_id_seq; Type: SEQUENCE; Schema: public; Owner: track
--

CREATE SEQUENCE public.item_tags_id_seq
    START WITH 1
    INCREMENT BY 1
    NO MINVALUE
    NO MAXVALUE
    CACHE 1;


ALTER TABLE public.item_tags_id_seq OWNER TO track;

--
-- Name: item_tags_id_seq; Type: SEQUENCE OWNED BY; Schema: public; Owner: track
--

ALTER SEQUENCE public.item_tags_id_seq OWNED BY public.item_tags.id;


--
-- Name: jira_sync_status; Type: TABLE; Schema: public; Owner: track
--

CREATE TABLE public.jira_sync_status (
    id integer NOT NULL,
    simtrack_project_id integer NOT NULL,
    jira_project_id integer,
    date timestamp with time zone NOT NULL,
    status character varying(255) NOT NULL
);


ALTER TABLE public.jira_sync_status OWNER TO track;

--
-- Name: jira_sync_status_id_seq; Type: SEQUENCE; Schema: public; Owner: track
--

CREATE SEQUENCE public.jira_sync_status_id_seq
    START WITH 1
    INCREMENT BY 1
    NO MINVALUE
    NO MAXVALUE
    CACHE 1;


ALTER TABLE public.jira_sync_status_id_seq OWNER TO track;

--
-- Name: jira_sync_status_id_seq; Type: SEQUENCE OWNED BY; Schema: public; Owner: track
--

ALTER SEQUENCE public.jira_sync_status_id_seq OWNED BY public.jira_sync_status.id;


--
-- Name: metric_types; Type: TABLE; Schema: public; Owner: track
--

CREATE TABLE public.metric_types (
    id integer NOT NULL,
    name character varying(255) NOT NULL,
    calc_every_sprint boolean DEFAULT true NOT NULL
);


ALTER TABLE public.metric_types OWNER TO track;

--
-- Name: metrics; Type: TABLE; Schema: public; Owner: track
--

CREATE TABLE public.metrics (
    id integer NOT NULL,
    type_id integer,
    value text,
    created_at timestamp with time zone,
    project_id integer,
    sprint_id integer,
    user_id integer
);


ALTER TABLE public.metrics OWNER TO track;

--
-- Name: metrics_id_seq; Type: SEQUENCE; Schema: public; Owner: track
--

CREATE SEQUENCE public.metrics_id_seq
    START WITH 1
    INCREMENT BY 1
    NO MINVALUE
    NO MAXVALUE
    CACHE 1;


ALTER TABLE public.metrics_id_seq OWNER TO track;

--
-- Name: metrics_id_seq; Type: SEQUENCE OWNED BY; Schema: public; Owner: track
--

ALTER SEQUENCE public.metrics_id_seq OWNED BY public.metrics.id;


--
-- Name: milestone_types_dictionary; Type: TABLE; Schema: public; Owner: track
--

CREATE TABLE public.milestone_types_dictionary (
    id integer NOT NULL,
    name character varying(25),
    code_name character varying(25),
    name_en character varying(255)
);


ALTER TABLE public.milestone_types_dictionary OWNER TO track;

--
-- Name: milestone_types_dictionary_id_seq; Type: SEQUENCE; Schema: public; Owner: track
--

CREATE SEQUENCE public.milestone_types_dictionary_id_seq
    START WITH 1
    INCREMENT BY 1
    NO MINVALUE
    NO MAXVALUE
    CACHE 1;


ALTER TABLE public.milestone_types_dictionary_id_seq OWNER TO track;

--
-- Name: milestone_types_dictionary_id_seq; Type: SEQUENCE OWNED BY; Schema: public; Owner: track
--

ALTER SEQUENCE public.milestone_types_dictionary_id_seq OWNED BY public.milestone_types_dictionary.id;


--
-- Name: task_histories; Type: TABLE; Schema: public; Owner: track
--

CREATE TABLE public.task_histories (
    id integer NOT NULL,
    entity character varying(255) NOT NULL,
    entity_id integer NOT NULL,
    task_id integer,
    field character varying(255),
    prev_value_str character varying(255),
    value_str character varying(255),
    prev_value_int integer,
    value_int integer,
    prev_value_date timestamp with time zone,
    value_date timestamp with time zone,
    value_float double precision,
    prev_value_float double precision,
    action character varying(6) NOT NULL,
    created_at timestamp with time zone NOT NULL,
    user_id integer,
    value_text text,
    prev_value_text text,
    value_boolean boolean,
    prev_value_boolean boolean,
    value_decimal numeric,
    prev_value_decimal numeric
);


ALTER TABLE public.task_histories OWNER TO track;

--
-- Name: model_histories_id_seq; Type: SEQUENCE; Schema: public; Owner: track
--

CREATE SEQUENCE public.model_histories_id_seq
    START WITH 1
    INCREMENT BY 1
    NO MINVALUE
    NO MAXVALUE
    CACHE 1;


ALTER TABLE public.model_histories_id_seq OWNER TO track;

--
-- Name: model_histories_id_seq; Type: SEQUENCE OWNED BY; Schema: public; Owner: track
--

ALTER SEQUENCE public.model_histories_id_seq OWNED BY public.task_histories.id;


--
-- Name: portfolios; Type: TABLE; Schema: public; Owner: track
--

CREATE TABLE public.portfolios (
    id integer NOT NULL,
    name character varying(150) NOT NULL,
    author_id integer NOT NULL,
    created_at timestamp with time zone NOT NULL,
    updated_at timestamp with time zone NOT NULL,
    deleted_at timestamp with time zone
);


ALTER TABLE public.portfolios OWNER TO track;

--
-- Name: portfolios_id_seq; Type: SEQUENCE; Schema: public; Owner: track
--

CREATE SEQUENCE public.portfolios_id_seq
    START WITH 1
    INCREMENT BY 1
    NO MINVALUE
    NO MAXVALUE
    CACHE 1;


ALTER TABLE public.portfolios_id_seq OWNER TO track;

--
-- Name: portfolios_id_seq; Type: SEQUENCE OWNED BY; Schema: public; Owner: track
--

ALTER SEQUENCE public.portfolios_id_seq OWNED BY public.portfolios.id;


--
-- Name: project_attachments; Type: TABLE; Schema: public; Owner: track
--

CREATE TABLE public.project_attachments (
    id integer NOT NULL,
    project_id integer,
    file_name character varying(255) NOT NULL,
    path character varying(255) NOT NULL,
    "previewPath" character varying(255),
    author_id integer NOT NULL,
    size integer NOT NULL,
    type character varying(80) NOT NULL,
    created_at timestamp with time zone NOT NULL,
    deleted_at timestamp with time zone
);


ALTER TABLE public.project_attachments OWNER TO track;

--
-- Name: project_attachments_id_seq; Type: SEQUENCE; Schema: public; Owner: track
--

CREATE SEQUENCE public.project_attachments_id_seq
    START WITH 1
    INCREMENT BY 1
    NO MINVALUE
    NO MAXVALUE
    CACHE 1;


ALTER TABLE public.project_attachments_id_seq OWNER TO track;

--
-- Name: project_attachments_id_seq; Type: SEQUENCE OWNED BY; Schema: public; Owner: track
--

ALTER SEQUENCE public.project_attachments_id_seq OWNED BY public.project_attachments.id;


--
-- Name: project_events; Type: TABLE; Schema: public; Owner: track
--

CREATE TABLE public.project_events (
    id integer NOT NULL,
    name character varying(255) NOT NULL
);


ALTER TABLE public.project_events OWNER TO track;

--
-- Name: project_histories; Type: TABLE; Schema: public; Owner: track
--

CREATE TABLE public.project_histories (
    id integer NOT NULL,
    entity character varying(255) NOT NULL,
    entity_id integer NOT NULL,
    project_id integer,
    field character varying(255),
    prev_value_str character varying(255),
    value_str character varying(255),
    prev_value_int integer,
    value_int integer,
    prev_value_date timestamp with time zone,
    value_date timestamp with time zone,
    prev_value_float double precision,
    value_float double precision,
    prev_value_text text,
    value_text text,
    action character varying(6) NOT NULL,
    created_at timestamp with time zone NOT NULL,
    user_id integer
);


ALTER TABLE public.project_histories OWNER TO track;

--
-- Name: project_histories_id_seq; Type: SEQUENCE; Schema: public; Owner: track
--

CREATE SEQUENCE public.project_histories_id_seq
    START WITH 1
    INCREMENT BY 1
    NO MINVALUE
    NO MAXVALUE
    CACHE 1;


ALTER TABLE public.project_histories_id_seq OWNER TO track;

--
-- Name: project_histories_id_seq; Type: SEQUENCE OWNED BY; Schema: public; Owner: track
--

ALTER SEQUENCE public.project_histories_id_seq OWNED BY public.project_histories.id;


--
-- Name: project_roles; Type: TABLE; Schema: public; Owner: track
--

CREATE TABLE public.project_roles (
    id integer NOT NULL,
    code character varying(20) NOT NULL,
    name character varying(30) NOT NULL,
    name_en character varying(255)
);


ALTER TABLE public.project_roles OWNER TO track;

--
-- Name: project_statuses; Type: TABLE; Schema: public; Owner: track
--

CREATE TABLE public.project_statuses (
    id integer NOT NULL,
    name character varying(20) NOT NULL,
    name_en character varying(255)
);


ALTER TABLE public.project_statuses OWNER TO track;

--
-- Name: project_types; Type: TABLE; Schema: public; Owner: track
--

CREATE TABLE public.project_types (
    id integer NOT NULL,
    name character varying(255),
    code_name character varying(255),
    name_en character varying(255)
);


ALTER TABLE public.project_types OWNER TO track;

--
-- Name: project_types_id_seq; Type: SEQUENCE; Schema: public; Owner: track
--

CREATE SEQUENCE public.project_types_id_seq
    START WITH 1
    INCREMENT BY 1
    NO MINVALUE
    NO MAXVALUE
    CACHE 1;


ALTER TABLE public.project_types_id_seq OWNER TO track;

--
-- Name: project_types_id_seq; Type: SEQUENCE OWNED BY; Schema: public; Owner: track
--

ALTER SEQUENCE public.project_types_id_seq OWNED BY public.project_types.id;


--
-- Name: project_users; Type: TABLE; Schema: public; Owner: track
--

CREATE TABLE public.project_users (
    id integer NOT NULL,
    project_id integer,
    user_id integer,
    author_id integer NOT NULL,
    deleted_at timestamp with time zone,
    created_at timestamp with time zone NOT NULL
);


ALTER TABLE public.project_users OWNER TO track;

--
-- Name: project_users_id_seq; Type: SEQUENCE; Schema: public; Owner: track
--

CREATE SEQUENCE public.project_users_id_seq
    START WITH 1
    INCREMENT BY 1
    NO MINVALUE
    NO MAXVALUE
    CACHE 1;


ALTER TABLE public.project_users_id_seq OWNER TO track;

--
-- Name: project_users_id_seq; Type: SEQUENCE OWNED BY; Schema: public; Owner: track
--

ALTER SEQUENCE public.project_users_id_seq OWNED BY public.project_users.id;


--
-- Name: project_users_roles; Type: TABLE; Schema: public; Owner: track
--

CREATE TABLE public.project_users_roles (
    id integer NOT NULL,
    project_user_id integer NOT NULL,
    project_role_id integer NOT NULL
);


ALTER TABLE public.project_users_roles OWNER TO track;

--
-- Name: project_users_roles_id_seq; Type: SEQUENCE; Schema: public; Owner: track
--

CREATE SEQUENCE public.project_users_roles_id_seq
    START WITH 1
    INCREMENT BY 1
    NO MINVALUE
    NO MAXVALUE
    CACHE 1;


ALTER TABLE public.project_users_roles_id_seq OWNER TO track;

--
-- Name: project_users_roles_id_seq; Type: SEQUENCE OWNED BY; Schema: public; Owner: track
--

ALTER SEQUENCE public.project_users_roles_id_seq OWNED BY public.project_users_roles.id;


--
-- Name: project_users_subscriptions; Type: TABLE; Schema: public; Owner: track
--

CREATE TABLE public.project_users_subscriptions (
    id integer NOT NULL,
    project_user_id integer NOT NULL,
    project_event_id integer NOT NULL
);


ALTER TABLE public.project_users_subscriptions OWNER TO track;

--
-- Name: project_users_subscriptions_id_seq; Type: SEQUENCE; Schema: public; Owner: track
--

CREATE SEQUENCE public.project_users_subscriptions_id_seq
    START WITH 1
    INCREMENT BY 1
    NO MINVALUE
    NO MAXVALUE
    CACHE 1;


ALTER TABLE public.project_users_subscriptions_id_seq OWNER TO track;

--
-- Name: project_users_subscriptions_id_seq; Type: SEQUENCE OWNED BY; Schema: public; Owner: track
--

ALTER SEQUENCE public.project_users_subscriptions_id_seq OWNED BY public.project_users_subscriptions.id;


--
-- Name: projects; Type: TABLE; Schema: public; Owner: track
--

CREATE TABLE public.projects (
    id integer NOT NULL,
    name character varying(255) NOT NULL,
    description text,
    prefix character varying(8),
    status_id integer DEFAULT 1,
    notbillable integer DEFAULT 1,
    budget double precision,
    risk_budget double precision,
    attaches integer[],
    portfolio_id integer,
    author_id integer,
    finished_at timestamp with time zone,
    created_at timestamp with time zone NOT NULL,
    updated_at timestamp with time zone NOT NULL,
    deleted_at timestamp with time zone,
    completed_at timestamp without time zone,
    created_by_system_user boolean DEFAULT false NOT NULL,
    gitlab_project_ids integer[],
    type_id integer,
    qa_percent integer,
    jira_hostname character varying(255),
    external_id character varying(255),
    jira_project_name character varying(255),
    jira_token character varying(255)
);


ALTER TABLE public.projects OWNER TO track;

--
-- Name: projects_id_seq; Type: SEQUENCE; Schema: public; Owner: track
--

CREATE SEQUENCE public.projects_id_seq
    START WITH 1
    INCREMENT BY 1
    NO MINVALUE
    NO MAXVALUE
    CACHE 1;


ALTER TABLE public.projects_id_seq OWNER TO track;

--
-- Name: projects_id_seq; Type: SEQUENCE OWNED BY; Schema: public; Owner: track
--

ALTER SEQUENCE public.projects_id_seq OWNED BY public.projects.id;


--
-- Name: sprint_statuses; Type: TABLE; Schema: public; Owner: track
--

CREATE TABLE public.sprint_statuses (
    id integer NOT NULL,
    name character varying(20) NOT NULL,
    name_en character varying(255)
);


ALTER TABLE public.sprint_statuses OWNER TO track;

--
-- Name: sprint_statuses_id_seq; Type: SEQUENCE; Schema: public; Owner: track
--

CREATE SEQUENCE public.sprint_statuses_id_seq
    START WITH 1
    INCREMENT BY 1
    NO MINVALUE
    NO MAXVALUE
    CACHE 1;


ALTER TABLE public.sprint_statuses_id_seq OWNER TO track;

--
-- Name: sprint_statuses_id_seq; Type: SEQUENCE OWNED BY; Schema: public; Owner: track
--

ALTER SEQUENCE public.sprint_statuses_id_seq OWNED BY public.sprint_statuses.id;


--
-- Name: sprints; Type: TABLE; Schema: public; Owner: track
--

CREATE TABLE public.sprints (
    id integer NOT NULL,
    name character varying(255) NOT NULL,
    status_id integer DEFAULT 1,
    fact_start_date date,
    fact_finish_date date,
    allotted_time numeric(10,2),
    author_id integer NOT NULL,
    created_at timestamp with time zone NOT NULL,
    updated_at timestamp with time zone NOT NULL,
    deleted_at timestamp with time zone,
    project_id integer,
    budget numeric(10,2) DEFAULT NULL::numeric,
    risk_budget numeric(10,2) DEFAULT NULL::numeric,
    qa_percent integer,
    external_id character varying(255),
    entities_last_update timestamp with time zone,
    metric_last_update timestamp with time zone
);


ALTER TABLE public.sprints OWNER TO track;

--
-- Name: sprints_id_seq; Type: SEQUENCE; Schema: public; Owner: track
--

CREATE SEQUENCE public.sprints_id_seq
    START WITH 1
    INCREMENT BY 1
    NO MINVALUE
    NO MAXVALUE
    CACHE 1;


ALTER TABLE public.sprints_id_seq OWNER TO track;

--
-- Name: sprints_id_seq; Type: SEQUENCE OWNED BY; Schema: public; Owner: track
--

ALTER SEQUENCE public.sprints_id_seq OWNED BY public.sprints.id;


--
-- Name: system_tokens; Type: TABLE; Schema: public; Owner: track
--

CREATE TABLE public.system_tokens (
    id integer NOT NULL,
    token text NOT NULL,
    expires timestamp with time zone
);


ALTER TABLE public.system_tokens OWNER TO track;

--
-- Name: system_tokens_id_seq; Type: SEQUENCE; Schema: public; Owner: track
--

CREATE SEQUENCE public.system_tokens_id_seq
    START WITH 1
    INCREMENT BY 1
    NO MINVALUE
    NO MAXVALUE
    CACHE 1;


ALTER TABLE public.system_tokens_id_seq OWNER TO track;

--
-- Name: system_tokens_id_seq; Type: SEQUENCE OWNED BY; Schema: public; Owner: track
--

ALTER SEQUENCE public.system_tokens_id_seq OWNED BY public.system_tokens.id;


--
-- Name: tags; Type: TABLE; Schema: public; Owner: track
--

CREATE TABLE public.tags (
    id integer NOT NULL,
    name character varying(50) NOT NULL
);


ALTER TABLE public.tags OWNER TO track;

--
-- Name: tags_id_seq; Type: SEQUENCE; Schema: public; Owner: track
--

CREATE SEQUENCE public.tags_id_seq
    START WITH 1
    INCREMENT BY 1
    NO MINVALUE
    NO MAXVALUE
    CACHE 1;


ALTER TABLE public.tags_id_seq OWNER TO track;

--
-- Name: tags_id_seq; Type: SEQUENCE OWNED BY; Schema: public; Owner: track
--

ALTER SEQUENCE public.tags_id_seq OWNED BY public.tags.id;


--
-- Name: task_attachments; Type: TABLE; Schema: public; Owner: track
--

CREATE TABLE public.task_attachments (
    id integer NOT NULL,
    task_id integer,
    file_name character varying(255) NOT NULL,
    path character varying(255) NOT NULL,
    "previewPath" character varying(255),
    author_id integer NOT NULL,
    size integer NOT NULL,
    type character varying(80) NOT NULL,
    created_at timestamp with time zone NOT NULL,
    deleted_at timestamp with time zone
);


ALTER TABLE public.task_attachments OWNER TO track;

--
-- Name: task_attachments_id_seq; Type: SEQUENCE; Schema: public; Owner: track
--

CREATE SEQUENCE public.task_attachments_id_seq
    START WITH 1
    INCREMENT BY 1
    NO MINVALUE
    NO MAXVALUE
    CACHE 1;


ALTER TABLE public.task_attachments_id_seq OWNER TO track;

--
-- Name: task_attachments_id_seq; Type: SEQUENCE OWNED BY; Schema: public; Owner: track
--

ALTER SEQUENCE public.task_attachments_id_seq OWNED BY public.task_attachments.id;


--
-- Name: task_statuses; Type: TABLE; Schema: public; Owner: track
--

CREATE TABLE public.task_statuses (
    id integer NOT NULL,
    name character varying(20) NOT NULL,
    name_en character varying(255)
);


ALTER TABLE public.task_statuses OWNER TO track;

--
-- Name: task_statuses_association; Type: TABLE; Schema: public; Owner: track
--

CREATE TABLE public.task_statuses_association (
    id integer NOT NULL,
    project_id integer,
    external_status_id integer,
    internal_status_id integer,
    created_at timestamp with time zone NOT NULL,
    updated_at timestamp with time zone NOT NULL,
    deleted_at timestamp with time zone
);


ALTER TABLE public.task_statuses_association OWNER TO track;

--
-- Name: task_statuses_association_id_seq; Type: SEQUENCE; Schema: public; Owner: track
--

CREATE SEQUENCE public.task_statuses_association_id_seq
    START WITH 1
    INCREMENT BY 1
    NO MINVALUE
    NO MAXVALUE
    CACHE 1;


ALTER TABLE public.task_statuses_association_id_seq OWNER TO track;

--
-- Name: task_statuses_association_id_seq; Type: SEQUENCE OWNED BY; Schema: public; Owner: track
--

ALTER SEQUENCE public.task_statuses_association_id_seq OWNED BY public.task_statuses_association.id;


--
-- Name: task_statuses_id_seq; Type: SEQUENCE; Schema: public; Owner: track
--

CREATE SEQUENCE public.task_statuses_id_seq
    START WITH 1
    INCREMENT BY 1
    NO MINVALUE
    NO MAXVALUE
    CACHE 1;


ALTER TABLE public.task_statuses_id_seq OWNER TO track;

--
-- Name: task_statuses_id_seq; Type: SEQUENCE OWNED BY; Schema: public; Owner: track
--

ALTER SEQUENCE public.task_statuses_id_seq OWNED BY public.task_statuses.id;


--
-- Name: task_tasks; Type: TABLE; Schema: public; Owner: track
--

CREATE TABLE public.task_tasks (
    id integer NOT NULL,
    linked_task_id integer,
    task_id integer,
    deleted_at timestamp without time zone
);


ALTER TABLE public.task_tasks OWNER TO track;

--
-- Name: task_tasks_id_seq; Type: SEQUENCE; Schema: public; Owner: track
--

CREATE SEQUENCE public.task_tasks_id_seq
    START WITH 1
    INCREMENT BY 1
    NO MINVALUE
    NO MAXVALUE
    CACHE 1;


ALTER TABLE public.task_tasks_id_seq OWNER TO track;

--
-- Name: task_tasks_id_seq; Type: SEQUENCE OWNED BY; Schema: public; Owner: track
--

ALTER SEQUENCE public.task_tasks_id_seq OWNED BY public.task_tasks.id;


--
-- Name: task_types; Type: TABLE; Schema: public; Owner: track
--

CREATE TABLE public.task_types (
    id integer NOT NULL,
    name character varying(20) NOT NULL,
    name_en character varying(255)
);


ALTER TABLE public.task_types OWNER TO track;

--
-- Name: task_types_association; Type: TABLE; Schema: public; Owner: track
--

CREATE TABLE public.task_types_association (
    id integer NOT NULL,
    project_id integer,
    external_task_type_id integer,
    internal_task_type_id integer,
    created_at timestamp with time zone NOT NULL,
    updated_at timestamp with time zone NOT NULL,
    deleted_at timestamp with time zone
);


ALTER TABLE public.task_types_association OWNER TO track;

--
-- Name: task_types_association_id_seq; Type: SEQUENCE; Schema: public; Owner: track
--

CREATE SEQUENCE public.task_types_association_id_seq
    START WITH 1
    INCREMENT BY 1
    NO MINVALUE
    NO MAXVALUE
    CACHE 1;


ALTER TABLE public.task_types_association_id_seq OWNER TO track;

--
-- Name: task_types_association_id_seq; Type: SEQUENCE OWNED BY; Schema: public; Owner: track
--

ALTER SEQUENCE public.task_types_association_id_seq OWNED BY public.task_types_association.id;


--
-- Name: task_types_id_seq; Type: SEQUENCE; Schema: public; Owner: track
--

CREATE SEQUENCE public.task_types_id_seq
    START WITH 1
    INCREMENT BY 1
    NO MINVALUE
    NO MAXVALUE
    CACHE 1;


ALTER TABLE public.task_types_id_seq OWNER TO track;

--
-- Name: task_types_id_seq; Type: SEQUENCE OWNED BY; Schema: public; Owner: track
--

ALTER SEQUENCE public.task_types_id_seq OWNED BY public.task_types.id;


--
-- Name: tasks; Type: TABLE; Schema: public; Owner: track
--

CREATE TABLE public.tasks (
    id integer NOT NULL,
    name character varying(255) NOT NULL,
    type_id integer DEFAULT 1 NOT NULL,
    status_id integer DEFAULT 1 NOT NULL,
    description text,
    planned_execution_time numeric(10,2),
    fact_execution_time numeric(10,2),
    attaches integer[],
    priorities_id integer DEFAULT 3,
    author_id integer NOT NULL,
    created_at timestamp with time zone NOT NULL,
    updated_at timestamp with time zone NOT NULL,
    deleted_at timestamp with time zone,
    sprint_id integer,
    project_id integer NOT NULL,
    parent_id integer,
    performer_id integer,
    is_task_by_client boolean DEFAULT false NOT NULL,
    gitlab_branch_ids json,
    external_id character varying(255),
    is_dev_ops boolean
);


ALTER TABLE public.tasks OWNER TO track;

--
-- Name: tasks_id_seq; Type: SEQUENCE; Schema: public; Owner: track
--

CREATE SEQUENCE public.tasks_id_seq
    START WITH 1
    INCREMENT BY 1
    NO MINVALUE
    NO MAXVALUE
    CACHE 1;


ALTER TABLE public.tasks_id_seq OWNER TO track;

--
-- Name: tasks_id_seq; Type: SEQUENCE OWNED BY; Schema: public; Owner: track
--

ALTER SEQUENCE public.tasks_id_seq OWNED BY public.tasks.id;


--
-- Name: timesheets; Type: TABLE; Schema: public; Owner: track
--

CREATE TABLE public.timesheets (
    id integer NOT NULL,
    sprint_id integer,
    task_id integer,
    user_id integer NOT NULL,
    on_date date NOT NULL,
    type_id integer NOT NULL,
    spent_time numeric(10,2) NOT NULL,
    comment text,
    is_billable boolean NOT NULL,
    user_role_id text,
    task_status_id integer,
    status_id integer,
    is_visible boolean DEFAULT true NOT NULL,
    created_at timestamp with time zone NOT NULL,
    updated_at timestamp with time zone NOT NULL,
    project_id integer,
    external_id character varying(255)
);


ALTER TABLE public.timesheets OWNER TO track;

--
-- Name: timesheets_draft; Type: TABLE; Schema: public; Owner: track
--

CREATE TABLE public.timesheets_draft (
    id integer NOT NULL,
    task_id integer,
    user_id integer NOT NULL,
    type_id integer NOT NULL,
    task_status_id integer,
    is_visible boolean DEFAULT true NOT NULL,
    created_at timestamp with time zone,
    updated_at timestamp with time zone,
    on_date date,
    project_id integer
);


ALTER TABLE public.timesheets_draft OWNER TO track;

--
-- Name: timesheets_draft_id_seq; Type: SEQUENCE; Schema: public; Owner: track
--

CREATE SEQUENCE public.timesheets_draft_id_seq
    START WITH 1
    INCREMENT BY 1
    NO MINVALUE
    NO MAXVALUE
    CACHE 1;


ALTER TABLE public.timesheets_draft_id_seq OWNER TO track;

--
-- Name: timesheets_draft_id_seq; Type: SEQUENCE OWNED BY; Schema: public; Owner: track
--

ALTER SEQUENCE public.timesheets_draft_id_seq OWNED BY public.timesheets_draft.id;


--
-- Name: timesheets_id_seq; Type: SEQUENCE; Schema: public; Owner: track
--

CREATE SEQUENCE public.timesheets_id_seq
    START WITH 1
    INCREMENT BY 1
    NO MINVALUE
    NO MAXVALUE
    CACHE 1;


ALTER TABLE public.timesheets_id_seq OWNER TO track;

--
-- Name: timesheets_id_seq; Type: SEQUENCE OWNED BY; Schema: public; Owner: track
--

ALTER SEQUENCE public.timesheets_id_seq OWNED BY public.timesheets.id;


--
-- Name: timesheets_statuses; Type: TABLE; Schema: public; Owner: track
--

CREATE TABLE public.timesheets_statuses (
    id integer NOT NULL,
    name character varying(15) NOT NULL,
    name_ru character varying(15) NOT NULL,
    is_blocked boolean NOT NULL
);


ALTER TABLE public.timesheets_statuses OWNER TO track;

--
-- Name: timesheets_statuses_id_seq; Type: SEQUENCE; Schema: public; Owner: track
--

CREATE SEQUENCE public.timesheets_statuses_id_seq
    START WITH 1
    INCREMENT BY 1
    NO MINVALUE
    NO MAXVALUE
    CACHE 1;


ALTER TABLE public.timesheets_statuses_id_seq OWNER TO track;

--
-- Name: timesheets_statuses_id_seq; Type: SEQUENCE OWNED BY; Schema: public; Owner: track
--

ALTER SEQUENCE public.timesheets_statuses_id_seq OWNED BY public.timesheets_statuses.id;


--
-- Name: timesheets_types; Type: TABLE; Schema: public; Owner: track
--

CREATE TABLE public.timesheets_types (
    id integer NOT NULL,
    name character varying(25),
    code_name character varying(25),
    is_magic_activity boolean,
    "order" integer,
    name_en character varying(255)
);


ALTER TABLE public.timesheets_types OWNER TO track;

--
-- Name: timesheets_types_id_seq; Type: SEQUENCE; Schema: public; Owner: track
--

CREATE SEQUENCE public.timesheets_types_id_seq
    START WITH 1
    INCREMENT BY 1
    NO MINVALUE
    NO MAXVALUE
    CACHE 1;


ALTER TABLE public.timesheets_types_id_seq OWNER TO track;

--
-- Name: timesheets_types_id_seq; Type: SEQUENCE OWNED BY; Schema: public; Owner: track
--

ALTER SEQUENCE public.timesheets_types_id_seq OWNED BY public.timesheets_types.id;


--
-- Name: tokens; Type: TABLE; Schema: public; Owner: track
--

CREATE TABLE public.tokens (
    id integer NOT NULL,
    token text NOT NULL,
    expires timestamp with time zone,
    user_id integer
);


ALTER TABLE public.tokens OWNER TO track;

--
-- Name: tokens_id_seq; Type: SEQUENCE; Schema: public; Owner: track
--

CREATE SEQUENCE public.tokens_id_seq
    START WITH 1
    INCREMENT BY 1
    NO MINVALUE
    NO MAXVALUE
    CACHE 1;


ALTER TABLE public.tokens_id_seq OWNER TO track;

--
-- Name: tokens_id_seq; Type: SEQUENCE OWNED BY; Schema: public; Owner: track
--

ALTER SEQUENCE public.tokens_id_seq OWNED BY public.tokens.id;


--
-- Name: user_departments; Type: TABLE; Schema: public; Owner: track
--

CREATE TABLE public.user_departments (
    id integer NOT NULL,
    department_id integer,
    user_id integer
);


ALTER TABLE public.user_departments OWNER TO track;

--
-- Name: user_departments_id_seq; Type: SEQUENCE; Schema: public; Owner: track
--

CREATE SEQUENCE public.user_departments_id_seq
    START WITH 1
    INCREMENT BY 1
    NO MINVALUE
    NO MAXVALUE
    CACHE 1;


ALTER TABLE public.user_departments_id_seq OWNER TO track;

--
-- Name: user_departments_id_seq; Type: SEQUENCE OWNED BY; Schema: public; Owner: track
--

ALTER SEQUENCE public.user_departments_id_seq OWNED BY public.user_departments.id;


--
-- Name: user_email_association; Type: TABLE; Schema: public; Owner: track
--

CREATE TABLE public.user_email_association (
    id integer NOT NULL,
    project_id integer,
    external_user_email character varying(255),
    internal_user_id integer,
    created_at timestamp with time zone NOT NULL,
    updated_at timestamp with time zone NOT NULL,
    deleted_at timestamp with time zone
);


ALTER TABLE public.user_email_association OWNER TO track;

--
-- Name: user_email_association_id_seq; Type: SEQUENCE; Schema: public; Owner: track
--

CREATE SEQUENCE public.user_email_association_id_seq
    START WITH 1
    INCREMENT BY 1
    NO MINVALUE
    NO MAXVALUE
    CACHE 1;


ALTER TABLE public.user_email_association_id_seq OWNER TO track;

--
-- Name: user_email_association_id_seq; Type: SEQUENCE OWNED BY; Schema: public; Owner: track
--

ALTER SEQUENCE public.user_email_association_id_seq OWNED BY public.user_email_association.id;


--
-- Name: users; Type: TABLE; Schema: public; Owner: track
--

CREATE TABLE public.users (
    id integer NOT NULL,
    ldap_login text NOT NULL,
    login character varying(255) NOT NULL,
    last_name_en character varying(255),
    first_name_en character varying(255),
    last_name_ru character varying(255),
    first_name_ru character varying(255),
    active integer,
    photo character varying(255),
    email_primary character varying(255),
    email_secondary character varying(255),
    phone character varying(255),
    mobile character varying(255),
    skype character varying(255),
    city character varying(255),
    birth_date date,
    create_date timestamp with time zone,
    delete_date timestamp with time zone,
    ps_id character varying(255),
    created_at timestamp with time zone NOT NULL,
    updated_at timestamp with time zone NOT NULL,
    deleted_at timestamp with time zone,
    full_name_ru character varying(200),
    full_name_en character varying(50),
    fullnameen character varying(50),
    global_role public.global_role_type DEFAULT 'USER'::public.global_role_type,
    password character varying(100),
    set_password_token character varying(100),
    set_password_expired timestamp with time zone,
    expired_date character varying(100),
    "isActive" integer,
    description text,
    is_test boolean DEFAULT false NOT NULL,
    gitlab_user_id integer,
    employment_date timestamp with time zone,
    dismissal_date timestamp with time zone,
    telegram_chat_id bigint,
    telegram_user_name character varying(100),
    telegram_reg_date timestamp without time zone
);


ALTER TABLE public.users OWNER TO track;

--
-- Name: users_id_seq; Type: SEQUENCE; Schema: public; Owner: track
--

CREATE SEQUENCE public.users_id_seq
    START WITH 1
    INCREMENT BY 1
    NO MINVALUE
    NO MAXVALUE
    CACHE 1;


ALTER TABLE public.users_id_seq OWNER TO track;

--
-- Name: users_id_seq; Type: SEQUENCE OWNED BY; Schema: public; Owner: track
--

ALTER SEQUENCE public.users_id_seq OWNED BY public.users.id;


--
-- Name: Milestones id; Type: DEFAULT; Schema: public; Owner: track
--

ALTER TABLE ONLY public."Milestones" ALTER COLUMN id SET DEFAULT nextval('public."Milestones_id_seq"'::regclass);


--
-- Name: comments id; Type: DEFAULT; Schema: public; Owner: track
--

ALTER TABLE ONLY public.comments ALTER COLUMN id SET DEFAULT nextval('public.comments_id_seq'::regclass);


--
-- Name: departments id; Type: DEFAULT; Schema: public; Owner: track
--

ALTER TABLE ONLY public.departments ALTER COLUMN id SET DEFAULT nextval('public.departments_id_seq'::regclass);


--
-- Name: gitlab_user_roles id; Type: DEFAULT; Schema: public; Owner: track
--

ALTER TABLE ONLY public.gitlab_user_roles ALTER COLUMN id SET DEFAULT nextval('public.gitlab_user_roles_id_seq'::regclass);


--
-- Name: item_tags id; Type: DEFAULT; Schema: public; Owner: track
--

ALTER TABLE ONLY public.item_tags ALTER COLUMN id SET DEFAULT nextval('public.item_tags_id_seq'::regclass);


--
-- Name: jira_sync_status id; Type: DEFAULT; Schema: public; Owner: track
--

ALTER TABLE ONLY public.jira_sync_status ALTER COLUMN id SET DEFAULT nextval('public.jira_sync_status_id_seq'::regclass);


--
-- Name: metrics id; Type: DEFAULT; Schema: public; Owner: track
--

ALTER TABLE ONLY public.metrics ALTER COLUMN id SET DEFAULT nextval('public.metrics_id_seq'::regclass);


--
-- Name: milestone_types_dictionary id; Type: DEFAULT; Schema: public; Owner: track
--

ALTER TABLE ONLY public.milestone_types_dictionary ALTER COLUMN id SET DEFAULT nextval('public.milestone_types_dictionary_id_seq'::regclass);


--
-- Name: portfolios id; Type: DEFAULT; Schema: public; Owner: track
--

ALTER TABLE ONLY public.portfolios ALTER COLUMN id SET DEFAULT nextval('public.portfolios_id_seq'::regclass);


--
-- Name: project_attachments id; Type: DEFAULT; Schema: public; Owner: track
--

ALTER TABLE ONLY public.project_attachments ALTER COLUMN id SET DEFAULT nextval('public.project_attachments_id_seq'::regclass);


--
-- Name: project_histories id; Type: DEFAULT; Schema: public; Owner: track
--

ALTER TABLE ONLY public.project_histories ALTER COLUMN id SET DEFAULT nextval('public.project_histories_id_seq'::regclass);


--
-- Name: project_types id; Type: DEFAULT; Schema: public; Owner: track
--

ALTER TABLE ONLY public.project_types ALTER COLUMN id SET DEFAULT nextval('public.project_types_id_seq'::regclass);


--
-- Name: project_users id; Type: DEFAULT; Schema: public; Owner: track
--

ALTER TABLE ONLY public.project_users ALTER COLUMN id SET DEFAULT nextval('public.project_users_id_seq'::regclass);


--
-- Name: project_users_roles id; Type: DEFAULT; Schema: public; Owner: track
--

ALTER TABLE ONLY public.project_users_roles ALTER COLUMN id SET DEFAULT nextval('public.project_users_roles_id_seq'::regclass);


--
-- Name: project_users_subscriptions id; Type: DEFAULT; Schema: public; Owner: track
--

ALTER TABLE ONLY public.project_users_subscriptions ALTER COLUMN id SET DEFAULT nextval('public.project_users_subscriptions_id_seq'::regclass);


--
-- Name: projects id; Type: DEFAULT; Schema: public; Owner: track
--

ALTER TABLE ONLY public.projects ALTER COLUMN id SET DEFAULT nextval('public.projects_id_seq'::regclass);


--
-- Name: sprint_statuses id; Type: DEFAULT; Schema: public; Owner: track
--

ALTER TABLE ONLY public.sprint_statuses ALTER COLUMN id SET DEFAULT nextval('public.sprint_statuses_id_seq'::regclass);


--
-- Name: sprints id; Type: DEFAULT; Schema: public; Owner: track
--

ALTER TABLE ONLY public.sprints ALTER COLUMN id SET DEFAULT nextval('public.sprints_id_seq'::regclass);


--
-- Name: system_tokens id; Type: DEFAULT; Schema: public; Owner: track
--

ALTER TABLE ONLY public.system_tokens ALTER COLUMN id SET DEFAULT nextval('public.system_tokens_id_seq'::regclass);


--
-- Name: tags id; Type: DEFAULT; Schema: public; Owner: track
--

ALTER TABLE ONLY public.tags ALTER COLUMN id SET DEFAULT nextval('public.tags_id_seq'::regclass);


--
-- Name: task_attachments id; Type: DEFAULT; Schema: public; Owner: track
--

ALTER TABLE ONLY public.task_attachments ALTER COLUMN id SET DEFAULT nextval('public.task_attachments_id_seq'::regclass);


--
-- Name: task_histories id; Type: DEFAULT; Schema: public; Owner: track
--

ALTER TABLE ONLY public.task_histories ALTER COLUMN id SET DEFAULT nextval('public.model_histories_id_seq'::regclass);


--
-- Name: task_statuses id; Type: DEFAULT; Schema: public; Owner: track
--

ALTER TABLE ONLY public.task_statuses ALTER COLUMN id SET DEFAULT nextval('public.task_statuses_id_seq'::regclass);


--
-- Name: task_statuses_association id; Type: DEFAULT; Schema: public; Owner: track
--

ALTER TABLE ONLY public.task_statuses_association ALTER COLUMN id SET DEFAULT nextval('public.task_statuses_association_id_seq'::regclass);


--
-- Name: task_tasks id; Type: DEFAULT; Schema: public; Owner: track
--

ALTER TABLE ONLY public.task_tasks ALTER COLUMN id SET DEFAULT nextval('public.task_tasks_id_seq'::regclass);


--
-- Name: task_types id; Type: DEFAULT; Schema: public; Owner: track
--

ALTER TABLE ONLY public.task_types ALTER COLUMN id SET DEFAULT nextval('public.task_types_id_seq'::regclass);


--
-- Name: task_types_association id; Type: DEFAULT; Schema: public; Owner: track
--

ALTER TABLE ONLY public.task_types_association ALTER COLUMN id SET DEFAULT nextval('public.task_types_association_id_seq'::regclass);


--
-- Name: tasks id; Type: DEFAULT; Schema: public; Owner: track
--

ALTER TABLE ONLY public.tasks ALTER COLUMN id SET DEFAULT nextval('public.tasks_id_seq'::regclass);


--
-- Name: timesheets id; Type: DEFAULT; Schema: public; Owner: track
--

ALTER TABLE ONLY public.timesheets ALTER COLUMN id SET DEFAULT nextval('public.timesheets_id_seq'::regclass);


--
-- Name: timesheets_draft id; Type: DEFAULT; Schema: public; Owner: track
--

ALTER TABLE ONLY public.timesheets_draft ALTER COLUMN id SET DEFAULT nextval('public.timesheets_draft_id_seq'::regclass);


--
-- Name: timesheets_statuses id; Type: DEFAULT; Schema: public; Owner: track
--

ALTER TABLE ONLY public.timesheets_statuses ALTER COLUMN id SET DEFAULT nextval('public.timesheets_statuses_id_seq'::regclass);


--
-- Name: timesheets_types id; Type: DEFAULT; Schema: public; Owner: track
--

ALTER TABLE ONLY public.timesheets_types ALTER COLUMN id SET DEFAULT nextval('public.timesheets_types_id_seq'::regclass);


--
-- Name: tokens id; Type: DEFAULT; Schema: public; Owner: track
--

ALTER TABLE ONLY public.tokens ALTER COLUMN id SET DEFAULT nextval('public.tokens_id_seq'::regclass);


--
-- Name: user_departments id; Type: DEFAULT; Schema: public; Owner: track
--

ALTER TABLE ONLY public.user_departments ALTER COLUMN id SET DEFAULT nextval('public.user_departments_id_seq'::regclass);


--
-- Name: user_email_association id; Type: DEFAULT; Schema: public; Owner: track
--

ALTER TABLE ONLY public.user_email_association ALTER COLUMN id SET DEFAULT nextval('public.user_email_association_id_seq'::regclass);


--
-- Name: users id; Type: DEFAULT; Schema: public; Owner: track
--

ALTER TABLE ONLY public.users ALTER COLUMN id SET DEFAULT nextval('public.users_id_seq'::regclass);


--
-- Name: 296264; Type: BLOB; Schema: -; Owner: track
--

SELECT pg_catalog.lo_create('296264');


ALTER LARGE OBJECT 296264 OWNER TO track;

--
-- Data for Name: Milestones; Type: TABLE DATA; Schema: public; Owner: track
--

COPY public."Milestones" (id, name, date, done, "projectId", "typeId", "updatedAt", "deletedAt", "createdAt") FROM stdin;
224	Milestone test	2019-10-01	f	472	1	2019-10-29 06:43:09.345+00	\N	2019-10-29 06:43:09.345+00
\.


--
-- Data for Name: SequelizeMeta; Type: TABLE DATA; Schema: public; Owner: track
--

COPY public."SequelizeMeta" (name) FROM stdin;
20171229111705-create-milestone.js
20180311121300-timesheets-types-fix.js
20180326113010-change-task-tasks-constraint.js
20180404165400-external-user.js
20180409173800-user-active-colums.js
20180528102900-project-gitlab-column.js
20180530162600-project-types-table.js
20180530172500-project-type-column.js
20180531122310-projects-typeIds-default.js
20180609105102-task-by_client-column.js
20180613112510-delete-unused-task-type.js
20180613164625-qa-percent-column.js
20180623155500-create-milestone-type-enum.js
20180703151650-history-boolean-columns.js
201807051200-project-metric-types.js
201807051228-project-roles.js
20180802103612-timesheets-types-namesEn.js
20180802135300-milestone-types-namesEn.js
20180802140800-task-types-nameEn.js
201808101600-update-uploads-type.js
20180815093429-project_roles_en.js
20180815094623-task_statuses_en.js
20180815112232-sprint_statuses_en.js
20180815113832-project_statuses_en.js
201808161415-add-bug-metric-type.js
20180910151200-user-description.js
20180913162200-project-types-en-column.js
20180919164800-add-task-types-metrics.js
20180921171400-add-out-of-plan-metric-value.js
201808221310-add-gitlab-branches.js
20180927112000-comment-attachment-id.js
20170904104610-create-issues-types-association-tables.js
20170904104710-create-statuses-association-tables.js
20170930210000-create-users-association-tables.js
20181010100000-add-jira-hostname-to-project.js
20181016110403-add-external-id.js
201809271200-project-metric-types.js
20181024115400-add-devops-global-role.js
20181024141300-add-is_dev_ops-column.js
201811021901-update-user-association-table.js
201812031747-edit-metrics-types.js
201812071114-add-lastMetricCalc-to-sprint.js
201812100000-jira-project-name.js
20190110-add-indexes.js
20190111-test-user.js
20181221015605-gitlab-user-roles.js
20181229074309-user-gitlab-id.js
20190201141700-add-jira-token-column.js
201902051200-create-jira-sync-status-tables.js
201902071200-change-external-id-constraint.js
201904051200-create-jira-sync-status-tables.js
201902111200-jira-tti-user.js
20190214170000-change-type-description-column-user.js
201903011200-project-histories-delete-constraint.js
20190222170000-add-column-deleteat-in-milestone.js
20181224070443-create-goals.js
201904171400-add-task-history-decimal-value.js
20190903105131-add_firing_and_hiring_date.js
\.


--
-- Data for Name: bot_notification; Type: TABLE DATA; Schema: public; Owner: track
--

COPY public.bot_notification (id, active, start_date_time, repeat_days, repeat_months, repeat_years, message) FROM stdin;
123	f	2019-10-29 12:43:27.802	\N	\N	\N	,    !\r\nhttp://track.nordclan/timereports
124	f	2019-10-29 12:55:30.187	\N	\N	\N	,    !\r\nhttp://track.nordclan/timereports
102	f	2019-10-23 18:00:00.026	\N	\N	\N	,    !\r\nhttp://track.nordclan/timereports
103	f	2019-10-24 18:00:00.026	\N	\N	\N	,    !\r\nhttp://track.nordclan/timereports
104	f	2019-10-25 18:00:00.037	\N	\N	\N	,    !\r\nhttp://track.nordclan/timereports
105	f	2019-10-26 18:00:00.028	\N	\N	\N	,    !\r\nhttp://track.nordclan/timereports
106	f	2019-10-27 18:00:00.004	\N	\N	\N	,    !\r\nhttp://track.nordclan/timereports
107	f	2019-10-28 18:00:00.012	\N	\N	\N	,    !\r\nhttp://track.nordclan/timereports
111	f	2019-10-29 12:12:07.013	\N	\N	\N	,    !\r\nhttp://track.nordclan/timereports
113	f	2019-10-29 12:21:46.53	\N	\N	\N	,    !\r\nhttp://track.nordclan/timereports
115	f	2019-10-29 12:24:03.718	\N	\N	\N	,    !\r\nhttp://track.nordclan/timereports
117	f	2019-10-29 12:34:30.962	\N	\N	\N	,    !\r\nhttp://track.nordclan/timereports
118	f	2019-10-29 12:36:35.897	\N	\N	\N	,    !\r\nhttp://track.nordclan/timereports
119	f	2019-10-29 12:36:58.334	\N	\N	\N	,    !\r\nhttp://track.nordclan/timereports
120	f	2019-10-29 12:39:33.314	\N	\N	\N	,    !\r\nhttp://track.nordclan/timereports
121	f	2019-10-29 12:40:47.868	\N	\N	\N	,    !\r\nhttp://track.nordclan/timereports
122	f	2019-10-29 12:42:37.961	\N	\N	\N	,    !\r\nhttp://track.nordclan/timereports
125	f	2019-10-29 12:55:54.968	\N	\N	\N	,    !\r\nhttp://track.nordclan/timereports
126	f	2019-10-29 12:58:27.112	\N	\N	\N	,    !\r\nhttp://track.nordclan/timereports
127	f	2019-10-29 12:59:31.469	\N	\N	\N	,    !\r\nhttp://track.nordclan/timereports
128	f	2019-10-29 12:59:56.212	\N	\N	\N	,    !\r\nhttp://track.nordclan/timereports
129	f	2019-10-29 13:02:40.422	\N	\N	\N	,    !\r\nhttp://track.nordclan/timereports
130	f	2019-10-29 13:03:04.436	\N	\N	\N	,    !\r\nhttp://track.nordclan/timereports
131	f	2019-10-29 13:04:25.604	\N	\N	\N	,    !\r\nhttp://track.nordclan/timereports
132	f	2019-10-29 13:17:22.796	\N	\N	\N	,    !\r\nhttp://track.nordclan/timereports
133	f	2019-10-29 14:00:00.081	\N	\N	\N	,    !\r\nhttp://track.nordclan/timereports
134	f	2019-10-29 14:02:44.797	\N	\N	\N	,    !\r\nhttp://track.nordclan/timereports
135	f	2019-10-29 14:04:40.032	\N	\N	\N	,    !\r\nhttp://track.nordclan/timereports
136	f	2019-10-29 14:06:26.175	\N	\N	\N	,    !\r\nhttp://track.nordclan/timereports
137	f	2019-10-29 14:08:38.211	\N	\N	\N	,    !\r\nhttp://track.nordclan/timereports
139	f	2019-10-29 14:10:10.3	\N	\N	\N	,    !\r\nhttp://track.nordclan/timereports
138	f	2019-10-29 14:09:01.465	\N	\N	\N	         : \n \n \n \n \n \n \n \n \n \n \n \n \n \n-  -\n \n  @\n \ntest test\n \n \nuser usage\nN1 1\n \n \n  @v555574\nusing usage\nused use\nused user\nll ll\nused used\nInna Shutova\n  @\nnull null @\n  @\nused using\nused newuser\n5 \n \nused1 used1\nPavel Volya\nIwnna Swhutova\n2 2\n22 22\n   null\n \n \n \n2 \n3 \n4 \nawd awd\n6 \n \nPav Vol\n2 \n2 2\n7 \n8 \n11 \n9 \n10 \n3 3\n \nadministrator administratorov\n  @\n  @\n  @\n
140	f	2019-10-29 14:10:26.257	\N	\N	\N	,    !\r\nhttp://track.nordclan/timereports
141	f	2019-10-29 14:11:01.4	\N	\N	\N	         : \n \n \n \n \n \n \n \n \n \n \n \n \n \n-  -\n \n  @\n \ntest test\n \n \nuser usage\nN1 1\n \n \n  @v555574\nusing usage\nused use\nused user\nll ll\nused used\nInna Shutova\n  @\nnull null @\n  @\nused using\nused newuser\n5 \n \nused1 used1\nPavel Volya\nIwnna Swhutova\n2 2\n22 22\n   null\n \n \n \n2 \n3 \n4 \nawd awd\n6 \n \nPav Vol\n2 \n2 2\n7 \n8 \n11 \n9 \n10 \n3 3\n \nadministrator administratorov\n  @\n  @\n  @\n
\.


--
-- Data for Name: bot_notification_users; Type: TABLE DATA; Schema: public; Owner: track
--

COPY public.bot_notification_users (bot_notification_id, users_id) FROM stdin;
139	2710
140	2710
141	2710
\.


--
-- Data for Name: bot_reply; Type: TABLE DATA; Schema: public; Owner: track
--

COPY public.bot_reply (id, name, value) FROM stdin;
1	defaultSuccess	  
2	defaultFailed	  
3	unauthorizedMessage	       
4	greeting	  !
5	greeting	     ,  !
7	startFailed	,     
14	listSuccess	 ,    :
15	listFailed	    
16	timesheetNotFilled	,    !\r\nhttp://track.nordclan/timereports
17	timesheetNotSubmitted	,    !\r\nhttp://track.nordclan/timereports
18	notifySupervisors	         :
21	helpGuestSuccess	: /start __track
6	startSuccess	!          \r\n        :\r\nhttp://xwiki.nordclan/bin/view/Main/%20//\r\n     Telegram:\r\nhttps://t.me/joinchat/???\r\n /help   
\.


--
-- Data for Name: bot_settings; Type: TABLE DATA; Schema: public; Owner: track
--

COPY public.bot_settings (bot_name, bot_enabled, calendar_enabled, holidays, user_notification_hour, supervisor_notification_hour, supervisor_second_notification_hour, newbies_notification_hour, id) FROM stdin;
nordclanBot	t	f		12	15	17	18	1
nordclanTestBot	t	f		12	14	17	18	2
\.


--
-- Data for Name: bot_settings_users; Type: TABLE DATA; Schema: public; Owner: track
--

COPY public.bot_settings_users (bot_settings_id, users_id) FROM stdin;
1	102
\.


--
-- Data for Name: comments; Type: TABLE DATA; Schema: public; Owner: track
--

COPY public.comments (id, task_id, parent_id, author_id, text, created_at, updated_at, deleted_at, attachment_ids) FROM stdin;
888	3095	\N	1	<br>krasnov.aleksandr@nordclan.com<br>noskov.aleksandr@nordclan.com<br>customer@nordclan.com<br><br>	2019-06-13 09:21:02.97+00	2019-06-13 09:21:02.97+00	\N	\N
889	3105	\N	186	 -> ldap-ui.nordclan/	2019-06-13 11:57:37.558+00	2019-06-13 11:57:37.558+00	\N	\N
890	3098	\N	239	http://docker.nordclan:8000/2019/06/13/microservices/	2019-06-13 15:00:17.01+00	2019-06-13 15:00:17.01+00	2019-06-13 15:00:25.641+00	\N
891	3109	\N	239	http://track.docker.nordclan/projects/471/tasks/3109	2019-06-13 15:00:53.228+00	2019-06-13 15:00:53.228+00	\N	\N
892	3113	\N	102	   RatesNet (13.06.2019)<br>1)     ,   <br>2)   17.06             RatesNet.<br>3)   18.06   <br>4)     :<br>-     <br>-     ( 80 000 USD)<br>-    +   	2019-06-13 15:05:51.207+00	2019-06-13 15:05:51.207+00	\N	\N
893	3114	\N	102	11.06.2019   . \n    .           .\n - , 	2019-06-13 15:08:13.893+00	2019-06-13 15:08:39.318+00	\N	\N
894	3114	\N	102	13.06.2019  UCP<br>   ,   - https://docs.google.com/spreadsheets/d/1jFfXtad-p64fRCyWFYwDS-qlaezg4aan50LTnBRSfvQ/edit#gid=389944903	2019-06-13 15:09:39.114+00	2019-06-13 15:09:39.114+00	\N	\N
895	3115	\N	102	11.06.2019   .  .   	2019-06-13 15:14:22.853+00	2019-06-13 15:14:22.853+00	\N	\N
896	3115	\N	102	12.06.2019 ,      469,52	2019-06-13 15:14:58.477+00	2019-06-13 15:14:58.477+00	\N	\N
897	3115	\N	102	13.06.2019  	2019-06-13 15:15:07.245+00	2019-06-13 15:15:07.245+00	\N	\N
898	3116	\N	183	,   nginx	2019-06-13 21:58:45.756+00	2019-06-13 21:58:45.756+00	\N	\N
899	3116	\N	183	client_max_body_size 1M -> client_max_body_size 100M;  /etc/nginx/nginx.conf	2019-06-13 21:59:04.715+00	2019-06-13 22:00:02.136+00	\N	\N
900	3117	\N	102	13.06.2019 <br>1)    ,   API Skyeng   ,     <br>2)       , ,        <br>3)  ,   3D;    ,      	2019-06-14 06:50:06.857+00	2019-06-14 06:50:06.857+00	\N	\N
901	3117	\N	102	13.06.2019<br>     ,  Watson, DialogFlow, , Just AI	2019-06-14 06:50:45.253+00	2019-06-14 06:50:45.253+00	\N	\N
902	3111	\N	239	   " "	2019-06-14 08:00:21.304+00	2019-06-14 08:00:21.304+00	\N	\N
903	3121	\N	239	  1, 3, 4	2019-06-14 09:32:55.537+00	2019-06-14 09:32:55.537+00	\N	\N
904	3121	\N	239	      (       )	2019-06-14 09:34:51.919+00	2019-06-14 09:34:51.919+00	\N	\N
905	3121	\N	239	   (   767px)    "<br>       "	2019-06-14 10:03:51.72+00	2019-06-14 10:03:51.72+00	\N	\N
906	3121	\N	239	    FFE392	2019-06-14 10:10:04.693+00	2019-06-14 10:10:04.693+00	\N	\N
907	3119	\N	239	     /%category%/%postname%/	2019-06-14 10:26:59.9+00	2019-06-14 10:26:59.9+00	\N	\N
908	3118	\N	102	14.06.19 -   . <br>   java+react|angular + 	2019-06-14 10:59:24.195+00	2019-06-14 10:59:24.195+00	\N	\N
909	3121	\N	239	      .     1110px.	2019-06-14 11:06:17.305+00	2019-06-14 11:06:17.305+00	\N	\N
910	3121	\N	239	  2	2019-06-14 11:50:48.993+00	2019-06-14 11:50:48.993+00	\N	\N
911	3132	\N	266	 	2019-06-14 18:28:01.432+00	2019-06-14 18:28:01.432+00	\N	\N
912	3136	\N	266	 , 	2019-06-14 18:29:29.546+00	2019-06-14 18:29:29.546+00	\N	\N
913	3131	\N	266	, ,  	2019-06-14 18:30:47.871+00	2019-06-14 18:30:47.871+00	\N	\N
914	3125	\N	266	:\n- 1  \n-  \n-   \n :\n-    \n-       ()	2019-06-14 18:50:54.515+00	2019-06-14 18:51:30.465+00	\N	\N
915	3125	\N	239	:<br> 2;<br> 3 (      );	2019-06-14 21:18:20.718+00	2019-06-14 21:18:20.718+00	\N	\N
916	3121	\N	239	 5 -    http://track.docker.nordclan/projects/471/tasks/3121\n 6 -   .     http://track.docker.nordclan/projects/471/tasks/3128	2019-06-14 21:19:53.573+00	2019-06-14 21:21:19.676+00	\N	\N
917	3133	\N	239	    	2019-06-14 23:06:02.506+00	2019-06-14 23:06:02.506+00	\N	\N
918	3128	\N	239	     -  <br><br>  -        -  (  250   ,  ,   ,     - 1000  )	2019-06-15 21:04:32.647+00	2019-06-15 21:04:32.647+00	\N	\N
919	3134	\N	266		2019-06-15 21:28:12.466+00	2019-06-15 21:28:12.466+00	\N	\N
920	3124	\N	212	   ,   services  .   ""   	2019-06-16 07:32:27.215+00	2019-06-16 07:32:27.215+00	\N	\N
921	3128	\N	239	  email   - 	2019-06-16 09:52:31.525+00	2019-06-16 09:52:31.525+00	\N	\N
922	3135	\N	186	http://docker.nordclan:8000/projects/foodtech/	2019-06-16 11:19:39.601+00	2019-06-16 11:19:39.601+00	\N	\N
923	3138	\N	336	    ,   .	2019-06-16 11:21:59.481+00	2019-06-16 11:21:59.481+00	\N	\N
924	3135	\N	266		2019-06-16 11:29:41.647+00	2019-06-16 11:29:41.647+00	\N	\N
925	3126	\N	239	( )	2019-06-16 17:49:09.957+00	2019-06-16 17:49:09.957+00	\N	\N
926	3144	\N	239	https://nordclan.com/	2019-06-16 19:24:35.149+00	2019-06-16 19:24:35.149+00	\N	\N
927	3145	\N	239	https://nordclan.com/	2019-06-16 19:25:05.536+00	2019-06-16 19:25:05.536+00	\N	\N
928	3147	\N	239	https://nordclan.com/	2019-06-16 21:23:21.026+00	2019-06-16 21:23:21.026+00	\N	\N
929	3158	\N	239	https://nordclan.com/	2019-06-16 21:23:52.458+00	2019-06-16 21:23:52.458+00	\N	\N
930	3152	\N	239	https://nordclan.com	2019-06-16 22:00:16.604+00	2019-06-16 22:00:16.604+00	\N	\N
931	3151	\N	239	https://nordclan.com	2019-06-16 22:01:06.681+00	2019-06-16 22:01:06.681+00	\N	\N
932	3159	\N	239	https://nordclan.com/contacts/	2019-06-16 22:17:42.309+00	2019-06-16 22:17:42.309+00	\N	\N
933	3163	\N	102	  18.06	2019-06-17 06:27:39.321+00	2019-06-17 06:27:39.321+00	\N	\N
934	3162	\N	266	  	2019-06-17 07:20:53.735+00	2019-06-17 07:20:53.735+00	\N	\N
935	3154	\N	239	 safari 10,11, 12. safari 9 -  	2019-06-17 09:27:08.719+00	2019-06-17 09:27:08.719+00	\N	\N
936	3165	\N	266	https://metrika.yandex.ru/dashboard?group=day&period=week&id=54093205	2019-06-17 09:56:07.857+00	2019-06-17 09:56:07.857+00	\N	\N
937	3165	\N	266	   <br>corpsite@nordclan.com	2019-06-17 09:56:24.572+00	2019-06-17 09:56:24.572+00	\N	\N
938	3165	\N	266	          	2019-06-17 09:57:54.921+00	2019-06-17 09:57:54.921+00	\N	\N
939	3164	\N	239	   (  ) -  ,    	2019-06-17 10:50:07.867+00	2019-06-17 10:50:07.867+00	\N	\N
940	3172	\N	266	      200 	2019-06-17 11:09:35.422+00	2019-06-17 11:09:46.515+00	\N	\N
941	3174	\N	239	  hover-      (    ).	2019-06-17 11:13:40.592+00	2019-06-17 11:13:40.592+00	\N	\N
942	3177	\N	266	<br>   nordclan http://xwiki.nordclan/bin/view/Main/%D0%92%D0%BD%D1%83%D1%82%D1%80%D0%B5%D0%BD%D0%BD%D0%B8%D0%B5%20%D1%81%D0%B5%D1%80%D0%B2%D0%B8%D1%81%D1%8B/%D0%A1%D0%BF%D0%B8%D1%81%D0%BE%D0%BA%20email%20%D1%81%D0%BE%D1%82%D1%80%D1%83%D0%B4%D0%BD%D0%B8%D0%BA%D0%BE%D0%B2%20nordclan/<br> <br>http://xwiki.nordclan/bin/view/Main/4.%20%D0%92%D0%BD%D0%B5%D1%88%D0%BD%D0%B8%D0%B5%20%D1%81%D0%B5%D1%80%D0%B2%D0%B8%D1%81%D1%8B/%D0%9A%D0%BE%D1%80%D0%BF%D0%BE%D1%80%D0%B0%D1%82%D0%B8%D0%B2%D0%BD%D1%8B%D0%B9%20%D1%81%D0%B0%D0%B9%D1%82/	2019-06-18 07:00:37.047+00	2019-06-18 07:00:37.047+00	\N	\N
943	3114	\N	102	 - http://bucksman.docker.nordclan/estimates/5d07540b4fd92217a7868d6a	2019-06-18 08:35:04.797+00	2019-06-18 08:35:04.797+00	\N	\N
944	3114	\N	102	.<br><br> <br>    .<br><br> <br>    -. <br>     -,  ,       . <br>  - Chrome 72+, Firefox 65+, IE 11+, Safari 12+<br>    ui ,   , .<br><br> MVP    : <br>    .         5 ,       .<br>       wiziwig-,      . <br>          .<br>     -,    ,      . <br>  -       .<br>     10   15   .<br>            .	2019-06-18 08:35:43.573+00	2019-06-18 08:35:43.573+00	\N	\N
945	3179	\N	266	  xwiki  " SEO"\nhttp://xwiki.nordclan/bin/view/Main/5.%20%D0%A2%D0%B5%D0%BE%D1%80%D0%B8%D1%8F/SEO/%D0%A1%D0%BF%D0%B8%D1%81%D0%BE%D0%BA%20%D0%B4%D0%BB%D1%8F%20%D0%B8%D0%B7%D1%83%D1%87%D0%B5%D0%BD%D0%B8%D1%8F/\n  SEO   " "\nhttp://xwiki.nordclan/bin/view/Main/4.%20%D0%92%D0%BD%D0%B5%D1%88%D0%BD%D0%B8%D0%B5%20%D1%81%D0%B5%D1%80%D0%B2%D0%B8%D1%81%D1%8B/%D0%9A%D0%BE%D1%80%D0%BF%D0%BE%D1%80%D0%B0%D1%82%D0%B8%D0%B2%D0%BD%D1%8B%D0%B9%20%D1%81%D0%B0%D0%B9%D1%82/	2019-06-18 08:38:05.242+00	2019-06-18 08:38:36.676+00	\N	\N
946	3176	\N	266	   	2019-06-18 09:34:49.311+00	2019-06-18 09:34:49.311+00	\N	\N
947	3176	\N	266	    ""     -        	2019-06-18 09:35:17.3+00	2019-06-18 09:35:39.295+00	\N	\N
948	3099	\N	183	http://xwiki.nordclan/bin/view/Main/%D0%92%D0%BD%D1%83%D1%82%D1%80%D0%B5%D0%BD%D0%BD%D0%B8%D0%B5%20%D1%81%D0%B5%D1%80%D0%B2%D0%B8%D1%81%D1%8B/	2019-06-18 11:14:20.842+00	2019-06-18 11:14:20.842+00	\N	\N
949	3196	\N	205	j8xGfKpkwuUs3GV	2019-06-18 14:03:22.076+00	2019-06-18 14:03:22.076+00	\N	\N
950	3196	\N	205	info.nordclan@yandex.ru\nj8xGfKpkwuUs3GV	2019-06-18 14:45:08.649+00	2019-06-18 14:45:24.784+00	\N	\N
951	3114	\N	102	Leonid Pletnev, [18.06.19 18:14]<br>,      	2019-06-19 05:57:52.679+00	2019-06-19 05:57:52.679+00	\N	\N
952	3194	\N	266	   facebook, vk.    \nog:title="       ">\nog:url="https://nordclan.com/"/>	2019-06-19 09:12:53.499+00	2019-06-19 09:13:29.119+00	\N	\N
953	3194	\N	266	 xwiki        facebook, vk	2019-06-19 09:14:51.281+00	2019-06-19 09:14:51.281+00	\N	\N
954	3207	\N	35	{@102}  , !	2019-06-19 11:29:04.689+00	2019-06-19 11:29:04.689+00	2019-06-19 11:34:42.905+00	\N
955	3207	\N	35	   	2019-06-19 11:31:34.005+00	2019-06-19 11:31:34.005+00	2019-06-19 11:34:45.809+00	\N
956	3168	\N	266	.     	2019-06-19 14:09:36.595+00	2019-06-19 14:09:36.595+00	\N	\N
957	3163	\N	102	19.06   , +.   .<br> -  .    (       ,   -  ) <br>  QA ,         	2019-06-19 14:43:13.94+00	2019-06-19 14:43:13.94+00	\N	\N
958	3227	\N	2717	cmt	2019-10-03 12:04:45.033+00	2019-10-03 12:04:45.033+00	\N	\N
959	3324	\N	2728	 	2019-10-25 08:38:08.993+00	2019-10-25 08:38:08.993+00	\N	\N
960	3324	\N	2728	 	2019-10-25 08:45:56.358+00	2019-10-25 08:45:56.358+00	\N	\N
961	3408	\N	2728	    	2019-10-28 13:13:03.095+00	2019-10-28 13:13:03.095+00	\N	\N
\.


--
-- Data for Name: departments; Type: TABLE DATA; Schema: public; Owner: track
--

COPY public.departments (id, name, ps_id, created_at, updated_at, deleted_at) FROM stdin;
3	* 	o2k007g0000jjksd9m30000000	2017-06-30 10:33:23.164+00	2017-06-30 10:33:23.164+00	\N
4	* PHP	o2k187g0000lgoe7gos0000000	2017-06-30 10:33:23.164+00	2017-06-30 10:33:23.164+00	\N
11	* C++	o2k007g0000jcktnngp0000000	2017-06-30 10:33:23.194+00	2017-06-30 10:33:23.194+00	\N
7	* .Net	o2k187g0000lgkhv2ckg000000	2017-06-30 10:33:23.178+00	2017-06-30 10:33:23.178+00	\N
5	* Frontend/JS	o2k187g0000lgoekeh9g000000	2017-06-30 10:33:23.164+00	2017-06-30 10:33:23.164+00	\N
8	* Bitrix	o2k187g0000lgoe24igg000000	2017-06-30 10:33:23.178+00	2017-06-30 10:33:23.178+00	\N
6	*  	o2k007g0000jcktq5td0000000	2017-06-30 10:33:23.177+00	2017-06-30 10:33:23.177+00	\N
13	* Ruby	o2k187g0000lgkho90fg000000	2017-06-30 10:33:23.194+00	2017-06-30 10:33:23.194+00	\N
9	* 	o2k187g0000l7j0u3840000000	2017-06-30 10:33:23.178+00	2017-06-30 10:33:23.178+00	\N
12	* Python	o2k187g0000lgoe4rp60000000	2017-06-30 10:33:23.194+00	2017-06-30 10:33:23.194+00	\N
1	*   	o2k187g0000lh1fp702g000000	2017-06-30 10:33:23.163+00	2017-06-30 10:33:23.163+00	\N
10	* QA	o2k187g0000lgkhmfg6g000000	2017-06-30 10:33:23.178+00	2017-06-30 10:33:23.178+00	\N
15	* 	14	2017-06-30 10:33:23.178+00	2017-06-30 10:33:23.178+00	\N
16	* 	15	2017-06-30 10:33:23.178+00	2017-06-30 10:33:23.178+00	\N
17	* 	16	2017-06-30 10:33:23.178+00	2017-06-30 10:33:23.178+00	\N
2	* Java	2	2019-10-01 15:47:38.555+00	2019-10-01 15:47:41.529+00	\N
\.


--
-- Data for Name: flyway_schema_history; Type: TABLE DATA; Schema: public; Owner: track
--

COPY public.flyway_schema_history (installed_rank, version, description, type, script, checksum, installed_by, installed_on, execution_time, success) FROM stdin;
1	1.2	Init	SQL	V1.2__Init.sql	-1721205709	track	2019-10-11 05:37:04.694305	34	t
2	1.3	Init	SQL	V1.3__Init.sql	-856500843	track	2019-10-29 14:11:58.781002	156	t
\.


--
-- Data for Name: gitlab_user_roles; Type: TABLE DATA; Schema: public; Owner: track
--

COPY public.gitlab_user_roles (id, access_level, expires_at, project_user_id, gitlab_project_id, created_at, updated_at, deleted_at) FROM stdin;
\.


--
-- Data for Name: goal_sprints; Type: TABLE DATA; Schema: public; Owner: track
--

COPY public.goal_sprints (goal_id, sprint_id, created_at, updated_at, deleted_at) FROM stdin;
\.


--
-- Data for Name: goal_tasks; Type: TABLE DATA; Schema: public; Owner: track
--

COPY public.goal_tasks (goal_id, task_id, created_at, updated_at, deleted_at) FROM stdin;
\.


--
-- Data for Name: goals; Type: TABLE DATA; Schema: public; Owner: track
--

COPY public.goals (id, name, description, visible, planned_execution_time, status, active_sprint_id, moved_to_sprint_id, parent_id, project_id, created_at, updated_at, deleted_at) FROM stdin;
\.


--
-- Data for Name: item_tags; Type: TABLE DATA; Schema: public; Owner: track
--

COPY public.item_tags (id, tag_id, taggable, taggable_id, deleted_at) FROM stdin;
849	382	project	472	\N
850	383	project	472	\N
851	384	project	510	\N
\.


--
-- Data for Name: jira_sync_status; Type: TABLE DATA; Schema: public; Owner: track
--

COPY public.jira_sync_status (id, simtrack_project_id, jira_project_id, date, status) FROM stdin;
\.


--
-- Data for Name: metric_types; Type: TABLE DATA; Schema: public; Owner: track
--

COPY public.metric_types (id, name, calc_every_sprint) FROM stdin;
1	  	f
2	  	f
3	    ()	f
4	    ()	f
5	Burndown    	f
6	Burndown    	f
7	  	f
8	    	f
9	   	f
10	%     1(Account)	f
11	%     2(PM)	f
12	%     3(UX)	f
13	%     4()	f
14	%     5(Back)	f
15	%     6(Front)	f
16	%     7(Mobile)	f
17	%     8(TeamLead(Code review))	f
18	%     9(QA)	f
19	%     10(Unbillable)	f
20	    1(Account)	f
21	    2(PM)	f
22	    3(UX)	f
23	    4()	f
24	    5(Back)	f
25	    6(Front)	f
26	    7(Mobile)	f
27	    8(TeamLead(Code review))	f
28	    9(QA)	f
29	    10(Unbillable)	f
57	    	f
30	Burndown    	t
31	Burndown    	t
32	   (  )	t
33	    	t
34	    	t
35	    1()	t
36	    2(. )	t
37	    3()	t
38	    4(. )	t
39	    5(  )	t
40	   	t
51	%     11(Android)	t
52	%     12 (iOS)	t
53	    11(Android)	t
54	    12(iOS)	t
55	%     13(DevOps)	t
56	    13(DevOps)	t
58	    	t
59	  .  	t
60	     	t
41	    	t
61	  . UserId, -  , -  , -  , -  , -  	t
\.


--
-- Data for Name: metrics; Type: TABLE DATA; Schema: public; Owner: track
--

COPY public.metrics (id, type_id, value, created_at, project_id, sprint_id, user_id) FROM stdin;
\.


--
-- Data for Name: milestone_types_dictionary; Type: TABLE DATA; Schema: public; Owner: track
--

COPY public.milestone_types_dictionary (id, name, code_name, name_en) FROM stdin;
3	 	DEMO_INSIDE	Inner demo
4	 	DEMO_CLIENT	Other
2		OTHER	Demo for client
1	 	GET_REVIEW	Get feedback
\.


--
-- Data for Name: portfolios; Type: TABLE DATA; Schema: public; Owner: track
--

COPY public.portfolios (id, name, author_id, created_at, updated_at, deleted_at) FROM stdin;
\.


--
-- Data for Name: project_attachments; Type: TABLE DATA; Schema: public; Owner: track
--

COPY public.project_attachments (id, project_id, file_name, path, "previewPath", author_id, size, type, created_at, deleted_at) FROM stdin;
\.


--
-- Data for Name: project_events; Type: TABLE DATA; Schema: public; Owner: track
--

COPY public.project_events (id, name) FROM stdin;
1	   
2	  
3	   
4	  
5	     
\.


--
-- Data for Name: project_histories; Type: TABLE DATA; Schema: public; Owner: track
--

COPY public.project_histories (id, entity, entity_id, project_id, field, prev_value_str, value_str, prev_value_int, value_int, prev_value_date, value_date, prev_value_float, value_float, prev_value_text, value_text, action, created_at, user_id) FROM stdin;
5206	Project	470	470	\N	\N	\N	\N	\N	\N	\N	\N	\N	\N	\N	create	2019-06-10 20:53:23.41+00	183
5207	ProjectUser	764	470	\N	\N	\N	\N	\N	\N	\N	\N	\N	\N	\N	create	2019-06-11 07:56:05.691+00	183
5208	ProjectUser	765	470	\N	\N	\N	\N	\N	\N	\N	\N	\N	\N	\N	create	2019-06-11 07:57:33.343+00	183
5209	ProjectUser	766	470	\N	\N	\N	\N	\N	\N	\N	\N	\N	\N	\N	create	2019-06-11 07:59:45.478+00	183
5210	Project	471	471	\N	\N	\N	\N	\N	\N	\N	\N	\N	\N	\N	create	2019-06-11 08:05:18.331+00	102
5211	ProjectUser	767	471	\N	\N	\N	\N	\N	\N	\N	\N	\N	\N	\N	create	2019-06-11 08:06:04.588+00	102
5212	ProjectUser	768	471	\N	\N	\N	\N	\N	\N	\N	\N	\N	\N	\N	create	2019-06-11 08:06:16.345+00	102
5213	ProjectUser	769	471	\N	\N	\N	\N	\N	\N	\N	\N	\N	\N	\N	create	2019-06-11 08:06:27.124+00	102
5214	ProjectUser	770	471	\N	\N	\N	\N	\N	\N	\N	\N	\N	\N	\N	create	2019-06-11 08:06:36.415+00	102
5215	Sprint	424	470	\N	\N	\N	\N	\N	\N	\N	\N	\N	\N	\N	create	2019-06-11 08:27:14.826+00	183
5216	Sprint	424	470	statusId	\N	\N	1	2	\N	\N	\N	\N	\N	\N	update	2019-06-11 08:27:16.383+00	183
5217	ProjectUser	771	470	\N	\N	\N	\N	\N	\N	\N	\N	\N	\N	\N	create	2019-06-11 08:28:33.35+00	183
5218	ProjectUser	772	470	\N	\N	\N	\N	\N	\N	\N	\N	\N	\N	\N	create	2019-06-11 08:28:59.746+00	183
5219	ProjectUser	773	470	\N	\N	\N	\N	\N	\N	\N	\N	\N	\N	\N	create	2019-06-11 08:30:10.053+00	183
5220	ProjectUser	774	470	\N	\N	\N	\N	\N	\N	\N	\N	\N	\N	\N	create	2019-06-11 08:35:02.294+00	183
5221	ProjectUser	775	471	\N	\N	\N	\N	\N	\N	\N	\N	\N	\N	\N	create	2019-06-11 08:39:19.027+00	102
5222	ProjectUser	776	471	\N	\N	\N	\N	\N	\N	\N	\N	\N	\N	\N	create	2019-06-11 08:39:41.572+00	102
5223	ProjectUser	777	471	\N	\N	\N	\N	\N	\N	\N	\N	\N	\N	\N	create	2019-06-11 08:39:49.674+00	102
5224	ProjectUser	778	471	\N	\N	\N	\N	\N	\N	\N	\N	\N	\N	\N	create	2019-06-11 08:39:59.369+00	102
5225	Sprint	425	471	\N	\N	\N	\N	\N	\N	\N	\N	\N	\N	\N	create	2019-06-11 08:40:58.74+00	102
5226	Sprint	425	471	statusId	\N	\N	1	2	\N	\N	\N	\N	\N	\N	update	2019-06-11 08:54:32.977+00	183
5227	Project	470	470	name	track	Tracker	\N	\N	\N	\N	\N	\N	\N	\N	update	2019-06-11 17:53:31.595+00	102
5228	Project	470	470	name	Tracker	InfraStructure	\N	\N	\N	\N	\N	\N	\N	\N	update	2019-06-11 17:54:32.705+00	102
5229	Project	470	470	prefix	track	IS	\N	\N	\N	\N	\N	\N	\N	\N	update	2019-06-11 17:55:13.783+00	102
5230	ProjectUser	779	470	\N	\N	\N	\N	\N	\N	\N	\N	\N	\N	\N	create	2019-06-11 18:28:42.941+00	102
5231	ProjectUser	780	471	\N	\N	\N	\N	\N	\N	\N	\N	\N	\N	\N	create	2019-06-13 08:35:00.386+00	102
5232	ProjectUser	781	470	\N	\N	\N	\N	\N	\N	\N	\N	\N	\N	\N	create	2019-06-13 11:55:51.112+00	1
5233	Project	472	472	\N	\N	\N	\N	\N	\N	\N	\N	\N	\N	\N	create	2019-06-13 14:58:18.138+00	102
5234	ProjectUser	782	472	\N	\N	\N	\N	\N	\N	\N	\N	\N	\N	\N	create	2019-06-13 14:58:32.817+00	102
5235	Sprint	426	472	\N	\N	\N	\N	\N	\N	\N	\N	\N	\N	\N	create	2019-06-13 14:58:52.402+00	102
5236	Sprint	426	472	statusId	\N	\N	1	2	\N	\N	\N	\N	\N	\N	update	2019-06-13 14:58:55.022+00	102
5237	ProjectUser	783	471	\N	\N	\N	\N	\N	\N	\N	\N	\N	\N	\N	create	2019-06-16 10:15:53.684+00	102
5238	ProjectUser	784	471	\N	\N	\N	\N	\N	\N	\N	\N	\N	\N	\N	create	2019-06-16 15:19:39.028+00	1
5239	Sprint	427	471	\N	\N	\N	\N	\N	\N	\N	\N	\N	\N	\N	create	2019-06-17 09:17:42.323+00	102
5240	Project	470	470	name	InfraStructure	NordClan	\N	\N	\N	\N	\N	\N	\N	\N	update	2019-06-18 08:03:26.92+00	102
5241	Project	470	470	prefix	IS	NC	\N	\N	\N	\N	\N	\N	\N	\N	update	2019-06-18 08:03:26.92+00	102
5242	ProjectUser	785	470	\N	\N	\N	\N	\N	\N	\N	\N	\N	\N	\N	create	2019-06-18 08:03:45.254+00	102
5243	ProjectUser	786	470	\N	\N	\N	\N	\N	\N	\N	\N	\N	\N	\N	create	2019-06-18 08:03:53.281+00	102
5244	ProjectUser	787	470	\N	\N	\N	\N	\N	\N	\N	\N	\N	\N	\N	create	2019-06-18 08:04:06.178+00	102
5245	ProjectUser	788	470	\N	\N	\N	\N	\N	\N	\N	\N	\N	\N	\N	create	2019-06-18 08:04:13.871+00	102
5246	Sprint	424	470	name	sptint1	 1	\N	\N	\N	\N	\N	\N	\N	\N	update	2019-06-18 08:05:13.545+00	102
5247	Sprint	424	470	factStartDate	\N	\N	\N	\N	2019-06-10 00:00:00+00	2019-06-10 00:00:00+00	\N	\N	\N	\N	update	2019-06-18 08:05:13.545+00	102
5248	Sprint	424	470	factFinishDate	\N	\N	\N	\N	2019-06-26 00:00:00+00	2019-06-26 00:00:00+00	\N	\N	\N	\N	update	2019-06-18 08:05:13.545+00	102
5249	Project	473	473	\N	\N	\N	\N	\N	\N	\N	\N	\N	\N	\N	create	2019-06-18 08:11:22.915+00	102
5250	ProjectUser	789	473	\N	\N	\N	\N	\N	\N	\N	\N	\N	\N	\N	create	2019-06-18 08:11:30.588+00	102
5251	ProjectUser	790	473	\N	\N	\N	\N	\N	\N	\N	\N	\N	\N	\N	create	2019-06-18 08:11:36.146+00	102
5252	ProjectUser	791	473	\N	\N	\N	\N	\N	\N	\N	\N	\N	\N	\N	create	2019-06-18 08:11:41.733+00	102
5253	Sprint	428	470	\N	\N	\N	\N	\N	\N	\N	\N	\N	\N	\N	create	2019-06-18 08:13:09.198+00	102
5254	Sprint	428	470	name	 ST	 .	\N	\N	\N	\N	\N	\N	\N	\N	update	2019-06-18 08:24:14.45+00	102
5255	Sprint	428	470	factStartDate	\N	\N	\N	\N	2019-06-10 00:00:00+00	2019-06-10 00:00:00+00	\N	\N	\N	\N	update	2019-06-18 08:24:14.45+00	102
5256	Sprint	428	470	factFinishDate	\N	\N	\N	\N	2019-06-30 00:00:00+00	2019-06-30 00:00:00+00	\N	\N	\N	\N	update	2019-06-18 08:24:14.45+00	102
5257	Sprint	428	470	statusId	\N	\N	1	2	\N	\N	\N	\N	\N	\N	update	2019-06-18 08:25:16.346+00	102
5258	Sprint	425	471	statusId	\N	\N	2	1	\N	\N	\N	\N	\N	\N	update	2019-06-18 12:59:18.626+00	102
5259	Sprint	427	471	statusId	\N	\N	1	2	\N	\N	\N	\N	\N	\N	update	2019-06-18 12:59:19.11+00	102
5260	ProjectUser	792	472	\N	\N	\N	\N	\N	\N	\N	\N	\N	\N	\N	create	2019-06-19 06:02:31.911+00	102
5261	ProjectUser	793	470	\N	\N	\N	\N	\N	\N	\N	\N	\N	\N	\N	create	2019-06-19 07:41:37.728+00	102
5262	ProjectUser	794	470	\N	\N	\N	\N	\N	\N	\N	\N	\N	\N	\N	create	2019-06-19 07:41:43.832+00	102
5263	ProjectUser	795	470	\N	\N	\N	\N	\N	\N	\N	\N	\N	\N	\N	create	2019-06-19 07:41:50.73+00	102
5264	ProjectUser	796	471	\N	\N	\N	\N	\N	\N	\N	\N	\N	\N	\N	create	2019-06-19 10:29:17.09+00	102
5265	ProjectUser	797	470	\N	\N	\N	\N	\N	\N	\N	\N	\N	\N	\N	create	2019-06-19 11:32:24.407+00	35
5266	Project	474	474	\N	\N	\N	\N	\N	\N	\N	\N	\N	\N	\N	create	2019-07-04 15:43:20.682+00	186
5267	Project	474	474	deleted_at	\N	\N	\N	\N	\N	2019-07-04 15:50:36.045+00	\N	\N	\N	\N	update	2019-07-04 15:50:36.057+00	186
5268	ProjectUser	799	473	\N	\N	\N	\N	\N	\N	\N	\N	\N	\N	\N	create	2019-09-25 08:42:36.444+00	2698
5269	ProjectUser	800	473	\N	\N	\N	\N	\N	\N	\N	\N	\N	\N	\N	create	2019-09-25 08:43:10.95+00	2698
5270	Project	475	475	\N	\N	\N	\N	\N	\N	\N	\N	\N	\N	\N	create	2019-09-25 08:44:07.34+00	2698
5271	ProjectUser	801	475	\N	\N	\N	\N	\N	\N	\N	\N	\N	\N	\N	create	2019-09-25 08:44:47.804+00	2698
5272	ProjectUser	802	475	\N	\N	\N	\N	\N	\N	\N	\N	\N	\N	\N	create	2019-09-25 08:50:09.782+00	2698
5273	Project	475	475	statusId	\N	\N	1	2	\N	\N	\N	\N	\N	\N	update	2019-09-25 08:51:26.155+00	2698
5274	Project	475	475	statusId	\N	\N	2	3	\N	\N	\N	\N	\N	\N	update	2019-09-25 08:51:29.069+00	2698
5275	Project	475	475	statusId	\N	\N	3	1	\N	\N	\N	\N	\N	\N	update	2019-09-25 08:51:30.524+00	2698
5276	ProjectUser	803	475	\N	\N	\N	\N	\N	\N	\N	\N	\N	\N	\N	create	2019-09-25 08:59:57.987+00	2698
5277	Project	477	477	\N	\N	\N	\N	\N	\N	\N	\N	\N	\N	\N	create	2019-10-01 14:53:17.867+00	2726
5278	Project	478	478	\N	\N	\N	\N	\N	\N	\N	\N	\N	\N	\N	create	2019-10-02 05:27:18.978+00	2698
5279	ProjectUser	804	477	\N	\N	\N	\N	\N	\N	\N	\N	\N	\N	\N	create	2019-10-02 05:36:11.408+00	2698
5280	ProjectUser	805	477	\N	\N	\N	\N	\N	\N	\N	\N	\N	\N	\N	create	2019-10-02 05:36:41.987+00	2698
5281	ProjectUser	806	477	\N	\N	\N	\N	\N	\N	\N	\N	\N	\N	\N	create	2019-10-02 05:51:44.183+00	2717
5282	ProjectUser	807	477	\N	\N	\N	\N	\N	\N	\N	\N	\N	\N	\N	create	2019-10-02 05:51:58.782+00	2717
5283	ProjectUser	808	477	\N	\N	\N	\N	\N	\N	\N	\N	\N	\N	\N	create	2019-10-02 06:04:30.032+00	2717
5284	ProjectUser	809	477	\N	\N	\N	\N	\N	\N	\N	\N	\N	\N	\N	create	2019-10-02 06:41:01.073+00	2717
5285	ProjectUser	810	477	\N	\N	\N	\N	\N	\N	\N	\N	\N	\N	\N	create	2019-10-02 07:13:28.138+00	2717
5286	ProjectUser	811	477	\N	\N	\N	\N	\N	\N	\N	\N	\N	\N	\N	create	2019-10-02 07:15:57.587+00	2717
5287	ProjectUser	811	477	deleted_at	\N	\N	\N	\N	\N	2019-10-02 07:53:55.958+00	\N	\N	\N	\N	update	2019-10-02 07:53:55.961+00	2717
5288	ProjectUser	812	477	\N	\N	\N	\N	\N	\N	\N	\N	\N	\N	\N	create	2019-10-02 07:54:20.643+00	2717
5289	Project	479	479	\N	\N	\N	\N	\N	\N	\N	\N	\N	\N	\N	create	2019-10-02 08:56:36.4+00	2727
5290	Project	480	480	\N	\N	\N	\N	\N	\N	\N	\N	\N	\N	\N	create	2019-10-02 08:59:19.932+00	2728
5291	ProjectUser	813	480	\N	\N	\N	\N	\N	\N	\N	\N	\N	\N	\N	create	2019-10-02 09:12:15.195+00	2728
5292	Project	481	481	\N	\N	\N	\N	\N	\N	\N	\N	\N	\N	\N	create	2019-10-02 11:15:01.974+00	212
5293	Project	482	482	\N	\N	\N	\N	\N	\N	\N	\N	\N	\N	\N	create	2019-10-02 11:19:32.191+00	2697
5294	ProjectUser	814	482	\N	\N	\N	\N	\N	\N	\N	\N	\N	\N	\N	create	2019-10-02 11:20:54.6+00	2697
5295	Project	484	484	\N	\N	\N	\N	\N	\N	\N	\N	\N	\N	\N	create	2019-10-03 09:00:29.998+00	2717
5296	Project	485	485	\N	\N	\N	\N	\N	\N	\N	\N	\N	\N	\N	create	2019-10-03 09:03:25.624+00	2717
5297	Project	486	486	\N	\N	\N	\N	\N	\N	\N	\N	\N	\N	\N	create	2019-10-03 10:16:31.367+00	2717
5298	Project	487	487	\N	\N	\N	\N	\N	\N	\N	\N	\N	\N	\N	create	2019-10-04 06:15:29.424+00	2717
5299	ProjectUser	815	481	\N	\N	\N	\N	\N	\N	\N	\N	\N	\N	\N	create	2019-10-04 08:01:37.301+00	2725
5300	Project	488	488	\N	\N	\N	\N	\N	\N	\N	\N	\N	\N	\N	create	2019-10-07 06:13:56.459+00	2728
5301	ProjectUser	816	488	\N	\N	\N	\N	\N	\N	\N	\N	\N	\N	\N	create	2019-10-07 06:14:34.049+00	2728
5302	ProjectUser	817	488	\N	\N	\N	\N	\N	\N	\N	\N	\N	\N	\N	create	2019-10-07 06:15:05.811+00	2728
5303	Project	489	489	\N	\N	\N	\N	\N	\N	\N	\N	\N	\N	\N	create	2019-10-08 06:12:19.855+00	2717
5304	ProjectUser	818	489	\N	\N	\N	\N	\N	\N	\N	\N	\N	\N	\N	create	2019-10-08 06:14:39.515+00	2717
5305	ProjectUser	819	489	\N	\N	\N	\N	\N	\N	\N	\N	\N	\N	\N	create	2019-10-08 06:14:56.133+00	2717
5306	ProjectUser	820	489	\N	\N	\N	\N	\N	\N	\N	\N	\N	\N	\N	create	2019-10-08 06:15:18.541+00	2717
5307	ProjectUser	818	489	deleted_at	\N	\N	\N	\N	\N	2019-10-08 06:15:37.529+00	\N	\N	\N	\N	update	2019-10-08 06:15:37.656+00	2717
5308	ProjectUser	821	489	\N	\N	\N	\N	\N	\N	\N	\N	\N	\N	\N	create	2019-10-08 06:16:03.313+00	2717
5309	Project	490	490	\N	\N	\N	\N	\N	\N	\N	\N	\N	\N	\N	create	2019-10-08 06:35:10.589+00	2717
5310	Project	491	491	\N	\N	\N	\N	\N	\N	\N	\N	\N	\N	\N	create	2019-10-08 08:51:22.295+00	2717
5311	Project	492	492	\N	\N	\N	\N	\N	\N	\N	\N	\N	\N	\N	create	2019-10-08 09:42:40.1+00	2717
5312	Project	493	493	\N	\N	\N	\N	\N	\N	\N	\N	\N	\N	\N	create	2019-10-08 14:36:44.075+00	2717
5313	Project	495	495	\N	\N	\N	\N	\N	\N	\N	\N	\N	\N	\N	create	2019-10-09 08:21:35.155+00	2717
5314	Project	495	495	typeId	\N	\N	4	3	\N	\N	\N	\N	\N	\N	update	2019-10-09 08:24:21.156+00	2717
5315	Project	495	495	typeId	\N	\N	3	2	\N	\N	\N	\N	\N	\N	update	2019-10-09 08:24:33.113+00	2717
5316	Project	495	495	typeId	\N	\N	2	3	\N	\N	\N	\N	\N	\N	update	2019-10-09 08:24:39.031+00	2717
5317	Project	495	495	typeId	\N	\N	3	1	\N	\N	\N	\N	\N	\N	update	2019-10-09 08:25:02.793+00	2717
5318	Project	495	495	typeId	\N	\N	1	2	\N	\N	\N	\N	\N	\N	update	2019-10-09 08:25:12.529+00	2717
5319	Project	495	495	typeId	\N	\N	2	3	\N	\N	\N	\N	\N	\N	update	2019-10-09 08:25:17.839+00	2717
5320	Project	495	495	typeId	\N	\N	3	4	\N	\N	\N	\N	\N	\N	update	2019-10-09 08:25:27.397+00	2717
5321	Project	481	481	typeId	\N	\N	2	3	\N	\N	\N	\N	\N	\N	update	2019-10-09 08:33:16.716+00	2717
5322	Project	481	481	typeId	\N	\N	3	4	\N	\N	\N	\N	\N	\N	update	2019-10-09 08:33:44.232+00	2717
5323	Project	481	481	typeId	\N	\N	4	1	\N	\N	\N	\N	\N	\N	update	2019-10-09 08:50:56.94+00	2717
5324	Project	481	481	typeId	\N	\N	1	2	\N	\N	\N	\N	\N	\N	update	2019-10-09 08:50:59.042+00	2717
5325	Project	481	481	typeId	\N	\N	2	3	\N	\N	\N	\N	\N	\N	update	2019-10-09 08:51:51.143+00	2717
5326	Project	475	475	typeId	\N	\N	1	3	\N	\N	\N	\N	\N	\N	update	2019-10-09 09:41:06.622+00	2717
5327	Project	493	493	typeId	\N	\N	2	3	\N	\N	\N	\N	\N	\N	update	2019-10-09 09:41:35.556+00	2717
5328	Project	496	496	\N	\N	\N	\N	\N	\N	\N	\N	\N	\N	\N	create	2019-10-09 09:42:24.283+00	2717
5329	Project	497	497	\N	\N	\N	\N	\N	\N	\N	\N	\N	\N	\N	create	2019-10-09 11:40:25.202+00	2717
5330	Project	489	489	typeId	\N	\N	2	4	\N	\N	\N	\N	\N	\N	update	2019-10-09 11:46:37.066+00	2717
5363	Project	498	498	\N	\N	\N	\N	\N	\N	\N	\N	\N	\N	\N	create	2019-10-09 12:41:37.712+00	2759
5364	Project	500	500	\N	\N	\N	\N	\N	\N	\N	\N	\N	\N	\N	create	2019-10-09 12:45:14.274+00	2761
5365	Project	481	481	typeId	\N	\N	3	2	\N	\N	\N	\N	\N	\N	update	2019-10-09 13:15:37.658+00	2717
5366	Project	481	481	typeId	\N	\N	2	1	\N	\N	\N	\N	\N	\N	update	2019-10-09 13:15:44.541+00	2717
5367	Project	481	481	typeId	\N	\N	1	2	\N	\N	\N	\N	\N	\N	update	2019-10-09 13:15:47.938+00	2717
5368	Project	481	481	typeId	\N	\N	2	3	\N	\N	\N	\N	\N	\N	update	2019-10-09 13:15:50.46+00	2717
5369	Project	481	481	typeId	\N	\N	3	4	\N	\N	\N	\N	\N	\N	update	2019-10-09 13:15:58.84+00	2717
5370	Project	481	481	typeId	\N	\N	4	1	\N	\N	\N	\N	\N	\N	update	2019-10-09 13:16:06.797+00	2717
5371	Project	481	481	typeId	\N	\N	1	2	\N	\N	\N	\N	\N	\N	update	2019-10-09 13:16:20.186+00	2717
5372	Project	481	481	typeId	\N	\N	2	4	\N	\N	\N	\N	\N	\N	update	2019-10-09 13:16:28.289+00	2717
5373	Project	470	470	typeId	\N	\N	4	2	\N	\N	\N	\N	\N	\N	update	2019-10-09 13:26:36.843+00	2717
5374	Project	470	470	typeId	\N	\N	2	3	\N	\N	\N	\N	\N	\N	update	2019-10-09 13:26:56.574+00	2717
5375	Project	470	470	typeId	\N	\N	3	2	\N	\N	\N	\N	\N	\N	update	2019-10-09 13:27:17.553+00	2717
5376	Project	470	470	typeId	\N	\N	2	3	\N	\N	\N	\N	\N	\N	update	2019-10-09 13:27:55.672+00	2717
5377	Project	482	482	typeId	\N	\N	2	3	\N	\N	\N	\N	\N	\N	update	2019-10-09 15:08:27.839+00	2717
5378	ProjectUser	822	485	\N	\N	\N	\N	\N	\N	\N	\N	\N	\N	\N	create	2019-10-09 15:11:47.754+00	2717
5379	ProjectUser	823	485	\N	\N	\N	\N	\N	\N	\N	\N	\N	\N	\N	create	2019-10-09 15:13:27.547+00	2717
5380	ProjectUser	823	485	deleted_at	\N	\N	\N	\N	\N	2019-10-09 15:13:42.241+00	\N	\N	\N	\N	update	2019-10-09 15:13:42.243+00	2717
5381	ProjectUser	822	485	deleted_at	\N	\N	\N	\N	\N	2019-10-09 15:13:46.53+00	\N	\N	\N	\N	update	2019-10-09 15:13:46.532+00	2717
5382	ProjectUser	824	485	\N	\N	\N	\N	\N	\N	\N	\N	\N	\N	\N	create	2019-10-09 15:13:56.235+00	2717
5383	ProjectUser	825	485	\N	\N	\N	\N	\N	\N	\N	\N	\N	\N	\N	create	2019-10-09 15:14:16.301+00	2717
5384	ProjectUser	825	485	deleted_at	\N	\N	\N	\N	\N	2019-10-09 15:14:30.58+00	\N	\N	\N	\N	update	2019-10-09 15:14:30.582+00	2717
5385	ProjectUser	824	485	deleted_at	\N	\N	\N	\N	\N	2019-10-09 15:14:33.599+00	\N	\N	\N	\N	update	2019-10-09 15:14:33.601+00	2717
5386	ProjectUser	826	485	\N	\N	\N	\N	\N	\N	\N	\N	\N	\N	\N	create	2019-10-09 15:14:38.755+00	2717
5387	ProjectUser	826	485	deleted_at	\N	\N	\N	\N	\N	2019-10-09 15:15:20.868+00	\N	\N	\N	\N	update	2019-10-09 15:15:20.87+00	2717
5388	ProjectUser	827	485	\N	\N	\N	\N	\N	\N	\N	\N	\N	\N	\N	create	2019-10-09 15:15:27.881+00	2717
5389	Project	485	485	typeId	\N	\N	1	3	\N	\N	\N	\N	\N	\N	update	2019-10-09 15:15:35.674+00	2717
5390	ProjectUser	827	485	deleted_at	\N	\N	\N	\N	\N	2019-10-09 15:15:39.655+00	\N	\N	\N	\N	update	2019-10-09 15:15:39.657+00	2717
5391	ProjectUser	828	485	\N	\N	\N	\N	\N	\N	\N	\N	\N	\N	\N	create	2019-10-09 15:15:45.343+00	2717
5392	ProjectUser	829	485	\N	\N	\N	\N	\N	\N	\N	\N	\N	\N	\N	create	2019-10-09 15:16:00.872+00	2717
5393	Project	485	485	typeId	\N	\N	3	4	\N	\N	\N	\N	\N	\N	update	2019-10-09 15:16:06.328+00	2717
5394	ProjectUser	828	485	deleted_at	\N	\N	\N	\N	\N	2019-10-09 15:17:17.086+00	\N	\N	\N	\N	update	2019-10-09 15:17:17.088+00	2717
5395	ProjectUser	829	485	deleted_at	\N	\N	\N	\N	\N	2019-10-09 15:17:19.759+00	\N	\N	\N	\N	update	2019-10-09 15:17:19.761+00	2717
5396	ProjectUser	830	485	\N	\N	\N	\N	\N	\N	\N	\N	\N	\N	\N	create	2019-10-09 15:17:24.662+00	2717
5397	ProjectUser	831	485	\N	\N	\N	\N	\N	\N	\N	\N	\N	\N	\N	create	2019-10-09 15:17:33.587+00	2717
5398	ProjectUser	832	485	\N	\N	\N	\N	\N	\N	\N	\N	\N	\N	\N	create	2019-10-09 15:19:56.696+00	2717
5399	ProjectUser	833	482	\N	\N	\N	\N	\N	\N	\N	\N	\N	\N	\N	create	2019-10-10 05:50:44.183+00	2717
5400	ProjectUser	833	482	deleted_at	\N	\N	\N	\N	\N	2019-10-10 05:56:55.031+00	\N	\N	\N	\N	update	2019-10-10 05:56:55.033+00	2717
5401	ProjectUser	834	482	\N	\N	\N	\N	\N	\N	\N	\N	\N	\N	\N	create	2019-10-10 05:57:00.254+00	2717
5402	ProjectUser	834	482	deleted_at	\N	\N	\N	\N	\N	2019-10-10 05:57:06.994+00	\N	\N	\N	\N	update	2019-10-10 05:57:06.995+00	2717
5403	ProjectUser	835	482	\N	\N	\N	\N	\N	\N	\N	\N	\N	\N	\N	create	2019-10-10 06:00:02.915+00	2717
5404	ProjectUser	836	482	\N	\N	\N	\N	\N	\N	\N	\N	\N	\N	\N	create	2019-10-10 06:00:22.07+00	2717
5405	ProjectUser	837	480	\N	\N	\N	\N	\N	\N	\N	\N	\N	\N	\N	create	2019-10-10 07:33:49.643+00	2717
5406	ProjectUser	838	495	\N	\N	\N	\N	\N	\N	\N	\N	\N	\N	\N	create	2019-10-10 08:23:31.891+00	2717
5407	ProjectUser	839	495	\N	\N	\N	\N	\N	\N	\N	\N	\N	\N	\N	create	2019-10-10 08:23:55.236+00	2717
5408	ProjectUser	840	498	\N	\N	\N	\N	\N	\N	\N	\N	\N	\N	\N	create	2019-10-10 11:03:04.205+00	2759
5409	ProjectUser	841	482	\N	\N	\N	\N	\N	\N	\N	\N	\N	\N	\N	create	2019-10-10 11:47:03.381+00	2717
5410	ProjectUser	841	482	deleted_at	\N	\N	\N	\N	\N	2019-10-10 11:47:14.667+00	\N	\N	\N	\N	update	2019-10-10 11:47:14.669+00	2717
5411	ProjectUser	836	482	deleted_at	\N	\N	\N	\N	\N	2019-10-10 11:47:18.005+00	\N	\N	\N	\N	update	2019-10-10 11:47:18.007+00	2717
5412	Project	482	482	typeId	\N	\N	3	4	\N	\N	\N	\N	\N	\N	update	2019-10-10 11:47:23.548+00	2717
5413	ProjectUser	842	482	\N	\N	\N	\N	\N	\N	\N	\N	\N	\N	\N	create	2019-10-10 11:47:38.642+00	2717
5414	ProjectUser	843	482	\N	\N	\N	\N	\N	\N	\N	\N	\N	\N	\N	create	2019-10-10 11:48:04.508+00	2717
5415	ProjectUser	844	475	\N	\N	\N	\N	\N	\N	\N	\N	\N	\N	\N	create	2019-10-10 12:24:16.077+00	2717
5416	ProjectUser	845	475	\N	\N	\N	\N	\N	\N	\N	\N	\N	\N	\N	create	2019-10-10 12:24:31.04+00	2717
5417	Sprint	426	472	statusId	\N	\N	2	1	\N	\N	\N	\N	\N	\N	update	2019-10-11 06:44:43.727+00	2717
5418	Sprint	426	472	statusId	\N	\N	1	2	\N	\N	\N	\N	\N	\N	update	2019-10-11 06:44:44.733+00	2717
5419	Sprint	429	472	\N	\N	\N	\N	\N	\N	\N	\N	\N	\N	\N	create	2019-10-11 06:45:48.189+00	2717
5420	Sprint	429	472	statusId	\N	\N	1	2	\N	\N	\N	\N	\N	\N	update	2019-10-11 06:45:50.723+00	2717
5421	Sprint	426	472	statusId	\N	\N	2	1	\N	\N	\N	\N	\N	\N	update	2019-10-11 07:02:00.804+00	2717
5422	Sprint	429	472	statusId	\N	\N	2	1	\N	\N	\N	\N	\N	\N	update	2019-10-11 07:02:07.558+00	2717
5423	Project	501	501	\N	\N	\N	\N	\N	\N	\N	\N	\N	\N	\N	create	2019-10-11 07:05:29.888+00	2728
5424	ProjectUser	846	501	\N	\N	\N	\N	\N	\N	\N	\N	\N	\N	\N	create	2019-10-11 07:07:13.399+00	2728
5425	ProjectUser	847	501	\N	\N	\N	\N	\N	\N	\N	\N	\N	\N	\N	create	2019-10-11 07:10:35.18+00	2728
5426	ProjectUser	848	501	\N	\N	\N	\N	\N	\N	\N	\N	\N	\N	\N	create	2019-10-11 07:10:51.129+00	2728
5427	ProjectUser	848	501	deleted_at	\N	\N	\N	\N	\N	2019-10-11 07:11:05.219+00	\N	\N	\N	\N	update	2019-10-11 07:11:05.221+00	2728
5428	ProjectUser	847	501	deleted_at	\N	\N	\N	\N	\N	2019-10-11 07:11:07.349+00	\N	\N	\N	\N	update	2019-10-11 07:11:07.35+00	2728
5429	ProjectUser	846	501	deleted_at	\N	\N	\N	\N	\N	2019-10-11 07:11:09.416+00	\N	\N	\N	\N	update	2019-10-11 07:11:09.417+00	2728
5430	ProjectUser	849	501	\N	\N	\N	\N	\N	\N	\N	\N	\N	\N	\N	create	2019-10-11 07:11:18.046+00	2728
5431	ProjectUser	850	501	\N	\N	\N	\N	\N	\N	\N	\N	\N	\N	\N	create	2019-10-11 07:11:38.894+00	2728
5432	ProjectUser	851	501	\N	\N	\N	\N	\N	\N	\N	\N	\N	\N	\N	create	2019-10-11 07:11:49.614+00	2728
5433	ProjectUser	852	501	\N	\N	\N	\N	\N	\N	\N	\N	\N	\N	\N	create	2019-10-11 07:12:03.547+00	2728
5434	ProjectUser	853	501	\N	\N	\N	\N	\N	\N	\N	\N	\N	\N	\N	create	2019-10-11 07:12:30.787+00	2728
5435	ProjectUser	854	501	\N	\N	\N	\N	\N	\N	\N	\N	\N	\N	\N	create	2019-10-11 07:12:41.618+00	2728
5436	ProjectUser	855	501	\N	\N	\N	\N	\N	\N	\N	\N	\N	\N	\N	create	2019-10-11 07:12:59.124+00	2728
5437	ProjectUser	856	501	\N	\N	\N	\N	\N	\N	\N	\N	\N	\N	\N	create	2019-10-11 07:13:11.418+00	2728
5438	ProjectUser	857	501	\N	\N	\N	\N	\N	\N	\N	\N	\N	\N	\N	create	2019-10-11 07:13:21.76+00	2728
5439	ProjectUser	858	501	\N	\N	\N	\N	\N	\N	\N	\N	\N	\N	\N	create	2019-10-11 07:13:57.479+00	2728
5440	ProjectUser	859	501	\N	\N	\N	\N	\N	\N	\N	\N	\N	\N	\N	create	2019-10-11 07:14:10.338+00	2728
5441	ProjectUser	860	501	\N	\N	\N	\N	\N	\N	\N	\N	\N	\N	\N	create	2019-10-11 07:14:22.138+00	2728
5442	Project	502	502	\N	\N	\N	\N	\N	\N	\N	\N	\N	\N	\N	create	2019-10-11 07:17:01.219+00	2728
5443	ProjectUser	861	502	\N	\N	\N	\N	\N	\N	\N	\N	\N	\N	\N	create	2019-10-11 07:19:49.763+00	2728
5444	ProjectUser	862	502	\N	\N	\N	\N	\N	\N	\N	\N	\N	\N	\N	create	2019-10-11 07:20:04.51+00	2728
5445	ProjectUser	863	502	\N	\N	\N	\N	\N	\N	\N	\N	\N	\N	\N	create	2019-10-11 07:20:15.807+00	2728
5446	ProjectUser	864	502	\N	\N	\N	\N	\N	\N	\N	\N	\N	\N	\N	create	2019-10-11 07:20:23.727+00	2728
5447	ProjectUser	865	502	\N	\N	\N	\N	\N	\N	\N	\N	\N	\N	\N	create	2019-10-11 07:20:39.577+00	2728
5448	ProjectUser	865	502	deleted_at	\N	\N	\N	\N	\N	2019-10-11 07:20:47.49+00	\N	\N	\N	\N	update	2019-10-11 07:20:47.491+00	2728
5449	ProjectUser	866	502	\N	\N	\N	\N	\N	\N	\N	\N	\N	\N	\N	create	2019-10-11 07:20:56.363+00	2728
5450	ProjectUser	867	502	\N	\N	\N	\N	\N	\N	\N	\N	\N	\N	\N	create	2019-10-11 07:21:21.225+00	2728
5451	ProjectUser	868	502	\N	\N	\N	\N	\N	\N	\N	\N	\N	\N	\N	create	2019-10-11 07:22:08.88+00	2728
5452	ProjectUser	869	502	\N	\N	\N	\N	\N	\N	\N	\N	\N	\N	\N	create	2019-10-11 07:22:20.76+00	2728
5453	ProjectUser	870	502	\N	\N	\N	\N	\N	\N	\N	\N	\N	\N	\N	create	2019-10-11 07:22:41.251+00	2728
5454	ProjectUser	871	502	\N	\N	\N	\N	\N	\N	\N	\N	\N	\N	\N	create	2019-10-11 07:22:54.156+00	2728
5455	ProjectUser	872	502	\N	\N	\N	\N	\N	\N	\N	\N	\N	\N	\N	create	2019-10-11 07:23:13.136+00	2728
5456	ProjectUser	873	502	\N	\N	\N	\N	\N	\N	\N	\N	\N	\N	\N	create	2019-10-11 07:23:27.672+00	2728
5457	ProjectUser	874	475	\N	\N	\N	\N	\N	\N	\N	\N	\N	\N	\N	create	2019-10-11 07:28:45.317+00	2717
5458	Sprint	430	501	\N	\N	\N	\N	\N	\N	\N	\N	\N	\N	\N	create	2019-10-11 07:38:08.404+00	2728
5459	Sprint	431	501	\N	\N	\N	\N	\N	\N	\N	\N	\N	\N	\N	create	2019-10-11 07:40:21.404+00	2728
5460	Sprint	430	501	deleted_at	\N	\N	\N	\N	\N	2019-10-11 07:49:50.459+00	\N	\N	\N	\N	update	2019-10-11 07:49:50.475+00	2728
5461	Sprint	431	501	deleted_at	\N	\N	\N	\N	\N	2019-10-11 07:49:52.859+00	\N	\N	\N	\N	update	2019-10-11 07:49:52.874+00	2728
5462	Sprint	432	501	\N	\N	\N	\N	\N	\N	\N	\N	\N	\N	\N	create	2019-10-11 07:50:53.062+00	2728
5463	Sprint	433	501	\N	\N	\N	\N	\N	\N	\N	\N	\N	\N	\N	create	2019-10-11 07:51:55.551+00	2728
5464	Sprint	434	475	\N	\N	\N	\N	\N	\N	\N	\N	\N	\N	\N	create	2019-10-11 07:53:44.436+00	2717
5465	Sprint	435	475	\N	\N	\N	\N	\N	\N	\N	\N	\N	\N	\N	create	2019-10-11 07:54:43.257+00	2717
5466	Project	498	498	name			\N	\N	\N	\N	\N	\N	\N	\N	update	2019-10-11 08:00:59.77+00	2759
5467	ProjectUser	875	480	\N	\N	\N	\N	\N	\N	\N	\N	\N	\N	\N	create	2019-10-11 08:03:33.828+00	2717
5468	Sprint	436	480	\N	\N	\N	\N	\N	\N	\N	\N	\N	\N	\N	create	2019-10-11 08:19:22.354+00	2717
5469	Sprint	437	480	\N	\N	\N	\N	\N	\N	\N	\N	\N	\N	\N	create	2019-10-11 08:20:44.09+00	2717
5470	ProjectUser	876	481	\N	\N	\N	\N	\N	\N	\N	\N	\N	\N	\N	create	2019-10-12 08:49:26.649+00	2717
5471	Sprint	438	480	\N	\N	\N	\N	\N	\N	\N	\N	\N	\N	\N	create	2019-10-14 11:13:03.182+00	2717
5472	Sprint	439	480	\N	\N	\N	\N	\N	\N	\N	\N	\N	\N	\N	create	2019-10-14 12:58:09.209+00	2717
5473	Project	503	503	\N	\N	\N	\N	\N	\N	\N	\N	\N	\N	\N	create	2019-10-17 15:59:45.742+00	2717
5474	Project	505	505	\N	\N	\N	\N	\N	\N	\N	\N	\N	\N	\N	create	2019-10-21 14:27:37.863+00	2718
5475	ProjectUser	877	505	\N	\N	\N	\N	\N	\N	\N	\N	\N	\N	\N	create	2019-10-21 14:28:59.176+00	2718
5476	Project	507	507	\N	\N	\N	\N	\N	\N	\N	\N	\N	\N	\N	create	2019-10-28 12:56:23.062+00	2759
5477	ProjectUser	878	507	\N	\N	\N	\N	\N	\N	\N	\N	\N	\N	\N	create	2019-10-28 12:58:02.21+00	2759
5478	Project	508	508	\N	\N	\N	\N	\N	\N	\N	\N	\N	\N	\N	create	2019-10-28 13:07:22.26+00	2728
5479	ProjectUser	879	508	\N	\N	\N	\N	\N	\N	\N	\N	\N	\N	\N	create	2019-10-28 13:11:36.893+00	2728
5480	Project	509	509	\N	\N	\N	\N	\N	\N	\N	\N	\N	\N	\N	create	2019-10-28 13:37:32.164+00	2717
5481	Project	509	509	riskBudget	\N	\N	\N	\N	\N	\N	\N	2	\N	\N	update	2019-10-28 13:40:47.895+00	2717
5482	Project	510	510	\N	\N	\N	\N	\N	\N	\N	\N	\N	\N	\N	create	2019-10-29 06:49:07.176+00	2717
5483	ProjectUser	880	510	\N	\N	\N	\N	\N	\N	\N	\N	\N	\N	\N	create	2019-10-29 06:53:57.691+00	2717
5484	Project	510	510	typeId	\N	\N	4	3	\N	\N	\N	\N	\N	\N	update	2019-10-29 07:02:11.029+00	2717
5485	Project	511	511	\N	\N	\N	\N	\N	\N	\N	\N	\N	\N	\N	create	2019-11-06 13:46:23.217+00	2941
5486	ProjectUser	881	511	\N	\N	\N	\N	\N	\N	\N	\N	\N	\N	\N	create	2019-11-06 13:47:15.058+00	2941
5487	Project	512	512	\N	\N	\N	\N	\N	\N	\N	\N	\N	\N	\N	create	2019-11-07 07:17:22.41+00	2728
5488	ProjectUser	882	512	\N	\N	\N	\N	\N	\N	\N	\N	\N	\N	\N	create	2019-11-07 07:20:43.325+00	2728
5489	ProjectUser	883	512	\N	\N	\N	\N	\N	\N	\N	\N	\N	\N	\N	create	2019-11-07 07:21:01.949+00	2728
\.


--
-- Data for Name: project_roles; Type: TABLE DATA; Schema: public; Owner: track
--

COPY public.project_roles (id, code, name, name_en) FROM stdin;
2	pm	PM	PM
1	account	Account	Account
3	ux	UX	UX
4	analyst		Analyst
5	back	Back	Back
6	front	Front	Front
7	mobile	Mobile	Mobile
8	teamLead	TeamLead(Code review)	TeamLead(Code review)
9	qa	QA	QA
10	unbillable	Unbillable	Unbillable
11	customer	Customer	Customer
12	android	Android	Android
13	ios	IOS	IOS
14	devops	DevOps	DevOps
\.


--
-- Data for Name: project_statuses; Type: TABLE DATA; Schema: public; Owner: track
--

COPY public.project_statuses (id, name, name_en) FROM stdin;
2		Paused
1	 	In progress
3		Finished
\.


--
-- Data for Name: project_types; Type: TABLE DATA; Schema: public; Owner: track
--

COPY public.project_types (id, name, code_name, name_en) FROM stdin;
1	 	UNDEFINED	No type
2		PRODUCT	Product
3		INTERNSHIP	Intenrship
4		INTERNAL	Internal
\.


--
-- Data for Name: project_users; Type: TABLE DATA; Schema: public; Owner: track
--

COPY public.project_users (id, project_id, user_id, author_id, deleted_at, created_at) FROM stdin;
764	470	102	183	\N	2019-06-11 07:56:05.493+00
765	470	1	183	\N	2019-06-11 07:57:33.337+00
766	470	336	183	\N	2019-06-11 07:59:45.471+00
767	471	266	102	\N	2019-06-11 08:06:04.583+00
768	471	212	102	\N	2019-06-11 08:06:16.339+00
774	470	183	183	\N	2019-06-11 08:35:02.289+00
775	471	183	102	\N	2019-06-11 08:39:19.022+00
776	471	186	102	\N	2019-06-11 08:39:41.566+00
777	471	239	102	\N	2019-06-11 08:39:49.669+00
778	471	205	102	\N	2019-06-11 08:39:59.364+00
779	470	239	102	\N	2019-06-11 18:28:42.927+00
780	471	1	102	\N	2019-06-13 08:35:00.287+00
781	470	186	1	\N	2019-06-13 11:55:51.045+00
782	472	102	102	\N	2019-06-13 14:58:32.774+00
783	471	336	102	\N	2019-06-16 10:15:52.58+00
784	471	35	1	\N	2019-06-16 15:19:38.998+00
785	470	205	102	\N	2019-06-18 08:03:44.007+00
786	470	266	102	\N	2019-06-18 08:03:53.276+00
787	470	212	102	\N	2019-06-18 08:04:06.174+00
788	470	45	102	\N	2019-06-18 08:04:13.868+00
789	473	344	102	\N	2019-06-18 08:11:30.584+00
790	473	183	102	\N	2019-06-18 08:11:36.143+00
791	473	239	102	\N	2019-06-18 08:11:41.729+00
792	472	205	102	\N	2019-06-19 06:02:31.459+00
793	470	344	102	\N	2019-06-19 07:41:37.536+00
794	470	357	102	\N	2019-06-19 07:41:43.829+00
795	470	2696	102	\N	2019-06-19 07:41:50.727+00
796	471	102	102	\N	2019-06-19 10:29:17.07+00
797	470	35	35	\N	2019-06-19 11:32:24.376+00
810	477	2718	2717	\N	2019-10-02 07:13:28.057+00
811	477	2711	2717	2019-10-02 07:53:55.958+00	2019-10-02 07:15:57.583+00
812	477	2727	2717	\N	2019-10-02 07:54:20.638+00
813	480	2728	2728	\N	2019-10-02 09:12:15.191+00
814	482	2697	2697	\N	2019-10-02 11:20:54.595+00
815	481	2725	2725	\N	2019-10-04 08:01:37.002+00
816	488	2728	2728	\N	2019-10-07 06:14:33.507+00
817	488	2729	2728	\N	2019-10-07 06:15:05.806+00
819	489	2698	2717	\N	2019-10-08 06:14:56.123+00
820	489	2697	2717	\N	2019-10-08 06:15:18.533+00
818	489	2732	2717	2019-10-08 06:15:37.529+00	2019-10-08 06:14:37.798+00
821	489	2729	2717	\N	2019-10-08 06:16:03.263+00
823	485	2717	2717	2019-10-09 15:13:42.241+00	2019-10-09 15:13:27.543+00
822	485	2725	2717	2019-10-09 15:13:46.53+00	2019-10-09 15:11:47.085+00
825	485	2725	2717	2019-10-09 15:14:30.58+00	2019-10-09 15:14:16.296+00
824	485	2717	2717	2019-10-09 15:14:33.599+00	2019-10-09 15:13:56.231+00
826	485	2717	2717	2019-10-09 15:15:20.868+00	2019-10-09 15:14:38.75+00
827	485	2717	2717	2019-10-09 15:15:39.655+00	2019-10-09 15:15:27.878+00
828	485	2717	2717	2019-10-09 15:17:17.086+00	2019-10-09 15:15:45.338+00
829	485	35	2717	2019-10-09 15:17:19.759+00	2019-10-09 15:16:00.867+00
830	485	2717	2717	\N	2019-10-09 15:17:24.659+00
831	485	2725	2717	\N	2019-10-09 15:17:33.583+00
832	485	35	2717	\N	2019-10-09 15:19:56.692+00
833	482	2717	2717	2019-10-10 05:56:55.031+00	2019-10-10 05:50:44.143+00
834	482	2717	2717	2019-10-10 05:57:06.994+00	2019-10-10 05:57:00.232+00
835	482	2717	2717	\N	2019-10-10 06:00:02.909+00
837	480	2765	2717	\N	2019-10-10 07:33:49.637+00
838	495	2717	2717	\N	2019-10-10 08:23:31.871+00
839	495	2725	2717	\N	2019-10-10 08:23:55.228+00
840	498	2759	2759	\N	2019-10-10 11:03:04.2+00
841	482	266	2717	2019-10-10 11:47:14.667+00	2019-10-10 11:47:03.371+00
836	482	2725	2717	2019-10-10 11:47:18.005+00	2019-10-10 06:00:22.066+00
842	482	2725	2717	\N	2019-10-10 11:47:38.636+00
843	482	266	2717	\N	2019-10-10 11:48:04.506+00
844	475	2728	2717	\N	2019-10-10 12:24:16.069+00
845	475	2729	2717	\N	2019-10-10 12:24:31.035+00
848	501	2733	2728	2019-10-11 07:11:05.219+00	2019-10-11 07:10:51.117+00
847	501	2726	2728	2019-10-11 07:11:07.349+00	2019-10-11 07:10:35.116+00
846	501	2729	2728	2019-10-11 07:11:09.416+00	2019-10-11 07:07:10.649+00
849	501	2729	2728	\N	2019-10-11 07:11:18.042+00
850	501	2726	2728	\N	2019-10-11 07:11:38.89+00
851	501	2733	2728	\N	2019-10-11 07:11:49.61+00
852	501	45	2728	\N	2019-10-11 07:12:03.543+00
853	501	2732	2728	\N	2019-10-11 07:12:30.782+00
854	501	186	2728	\N	2019-10-11 07:12:41.615+00
855	501	344	2728	\N	2019-10-11 07:12:59.12+00
856	501	2696	2728	\N	2019-10-11 07:13:11.415+00
857	501	357	2728	\N	2019-10-11 07:13:21.757+00
858	501	2711	2728	\N	2019-10-11 07:13:57.477+00
859	501	2716	2728	\N	2019-10-11 07:14:10.335+00
860	501	183	2728	\N	2019-10-11 07:14:22.136+00
861	502	2729	2728	\N	2019-10-11 07:19:49.759+00
862	502	2732	2728	\N	2019-10-11 07:20:04.506+00
863	502	186	2728	\N	2019-10-11 07:20:15.803+00
864	502	344	2728	\N	2019-10-11 07:20:23.723+00
865	502	2696	2728	2019-10-11 07:20:47.49+00	2019-10-11 07:20:39.574+00
866	502	2696	2728	\N	2019-10-11 07:20:56.337+00
867	502	357	2728	\N	2019-10-11 07:21:21.221+00
868	502	2789	2728	\N	2019-10-11 07:22:08.876+00
869	502	2716	2728	\N	2019-10-11 07:22:20.757+00
870	502	2777	2728	\N	2019-10-11 07:22:41.249+00
871	502	2711	2728	\N	2019-10-11 07:22:54.153+00
872	502	183	2728	\N	2019-10-11 07:23:13.131+00
873	502	336	2728	\N	2019-10-11 07:23:27.668+00
874	475	2717	2717	\N	2019-10-11 07:28:45.312+00
875	480	2759	2717	\N	2019-10-11 08:03:33.824+00
876	481	2717	2717	\N	2019-10-12 08:49:25.853+00
877	505	2718	2718	\N	2019-10-21 14:28:58.936+00
878	507	2759	2759	\N	2019-10-28 12:58:01.618+00
879	508	2728	2728	\N	2019-10-28 13:11:36.889+00
880	510	2717	2717	\N	2019-10-29 06:53:57.633+00
881	511	2941	2941	\N	2019-11-06 13:47:14.378+00
882	512	2728	2728	\N	2019-11-07 07:20:43.32+00
883	512	2852	2728	\N	2019-11-07 07:21:01.945+00
\.


--
-- Data for Name: project_users_roles; Type: TABLE DATA; Schema: public; Owner: track
--

COPY public.project_users_roles (id, project_user_id, project_role_id) FROM stdin;
4413	764	2
4418	765	2
4421	767	9
4422	768	9
4430	775	8
4431	776	5
4432	777	6
4433	778	4
4434	779	6
4435	766	6
4436	780	8
4439	782	2
4440	783	6
4443	784	3
4680	872	10
4681	872	13
4682	873	10
4683	873	14
4684	874	1
4449	774	6
4450	789	1
4451	790	6
4452	791	6
4453	792	4
4685	874	10
4686	875	5
4457	796	2
4689	797	10
4690	876	1
4691	815	10
4692	877	5
4693	878	5
4694	879	5
4470	810	6
4472	812	2
4701	880	1
4474	814	8
4475	814	2
4476	815	2
4477	816	5
4478	817	6
4702	880	10
4480	819	6
4481	820	5
4482	821	9
4484	781	5
4704	880	2
4705	880	4
4706	880	8
4707	880	14
4708	881	2
4709	881	5
4710	882	2
4711	883	11
4494	788	9
4496	785	9
4500	787	9
4501	786	9
4506	797	1
4507	795	2
4508	794	2
4510	793	3
4515	788	10
4516	787	10
4517	785	10
4518	786	10
4519	781	10
4520	774	10
4521	779	10
4522	765	10
4523	766	10
4524	764	10
4586	794	10
4587	793	10
4593	795	10
4598	830	10
4599	831	10
4600	832	1
4601	832	4
4602	832	8
4603	832	10
4607	835	6
4610	837	11
4611	838	1
4612	838	10
4614	839	1
4615	839	10
4616	840	5
4619	842	2
4622	843	2
4623	842	9
4625	813	2
4626	844	2
4627	845	6
4633	849	2
4634	849	10
4635	850	3
4636	850	10
4637	851	4
4638	851	10
4639	852	5
4640	852	10
4641	853	6
4642	853	10
4643	854	7
4644	854	10
4645	855	8
4646	855	10
4647	856	9
4649	857	10
4651	858	12
4653	859	13
4654	860	10
4655	860	14
4656	856	10
4657	858	10
4658	859	10
4659	861	2
4660	861	10
4661	862	9
4662	862	10
4663	863	3
4664	863	10
4665	864	4
4666	864	10
4669	866	5
4670	866	10
4671	867	6
4672	867	10
4673	868	7
4674	868	10
4675	869	8
4676	869	10
4677	870	10
4678	871	10
4679	871	12
\.


--
-- Data for Name: project_users_subscriptions; Type: TABLE DATA; Schema: public; Owner: track
--

COPY public.project_users_subscriptions (id, project_user_id, project_event_id) FROM stdin;
3406	764	1
3407	764	2
3408	764	3
3409	764	4
3410	764	5
3411	765	1
3412	765	2
3413	765	3
3414	765	4
3415	765	5
3416	766	1
3417	766	2
3418	766	3
3419	766	4
3420	766	5
3421	767	1
3422	767	2
3423	767	3
3424	767	4
3425	767	5
3426	768	1
3427	768	2
3428	768	3
3429	768	4
3430	768	5
3431	774	1
3432	774	2
3433	774	3
3434	774	4
3435	774	5
3436	775	1
3437	775	2
3438	775	3
3439	775	4
3440	775	5
3441	776	1
3442	776	2
3443	776	3
3444	776	4
3445	776	5
3446	777	1
3447	777	2
3448	777	3
3449	777	4
3450	777	5
3451	778	1
3452	778	2
3453	778	3
3454	778	4
3455	778	5
3456	779	1
3457	779	2
3458	779	3
3459	779	4
3460	779	5
3461	780	1
3462	780	2
3463	780	3
3464	780	4
3465	780	5
3466	781	1
3467	781	2
3468	781	3
3469	781	4
3470	781	5
3471	782	1
3472	782	2
3473	782	3
3474	782	4
3475	782	5
3476	783	1
3477	783	2
3478	783	3
3479	783	4
3480	783	5
3481	784	1
3482	784	2
3483	784	3
3484	784	4
3485	784	5
3486	785	1
3487	785	2
3488	785	3
3489	785	4
3490	785	5
3491	786	1
3492	786	2
3493	786	3
3494	786	4
3495	786	5
3496	787	1
3497	787	2
3498	787	3
3499	787	4
3500	787	5
3501	788	1
3502	788	2
3503	788	3
3504	788	4
3505	788	5
3506	789	1
3507	789	2
3508	789	3
3509	789	4
3510	789	5
3511	790	1
3512	790	2
3513	790	3
3514	790	4
3515	790	5
3516	791	1
3517	791	2
3518	791	3
3519	791	4
3520	791	5
3521	792	1
3522	792	2
3523	792	3
3524	792	4
3525	792	5
3526	793	1
3527	793	2
3528	793	3
3529	793	4
3530	793	5
3531	794	1
3532	794	2
3533	794	3
3534	794	4
3535	794	5
3536	795	1
3537	795	2
3538	795	3
3539	795	4
3540	795	5
3541	796	1
3542	796	2
3543	796	3
3544	796	4
3545	796	5
3546	797	1
3547	797	2
3548	797	3
3549	797	4
3550	797	5
3551	810	1
3552	810	2
3553	810	3
3554	810	4
3555	810	5
3561	812	1
3562	812	2
3563	812	3
3564	812	4
3565	812	5
3566	813	1
3567	813	2
3568	813	3
3569	813	4
3570	813	5
3571	814	1
3572	814	2
3573	814	3
3574	814	4
3575	814	5
3576	815	1
3577	815	2
3578	815	3
3579	815	4
3580	815	5
3581	816	1
3582	816	2
3583	816	3
3584	816	4
3585	816	5
3586	817	1
3587	817	2
3588	817	3
3589	817	4
3590	817	5
3596	819	1
3597	819	2
3598	819	3
3599	819	4
3600	819	5
3601	820	1
3602	820	2
3603	820	3
3604	820	4
3605	820	5
3606	821	1
3607	821	2
3608	821	3
3609	821	4
3610	821	5
3651	830	1
3652	830	2
3653	830	3
3654	830	4
3655	830	5
3656	831	1
3657	831	2
3658	831	3
3659	831	4
3660	831	5
3661	832	1
3662	832	2
3663	832	3
3664	832	4
3665	832	5
3676	835	1
3677	835	2
3678	835	3
3679	835	4
3680	835	5
3686	837	1
3687	837	2
3688	837	3
3689	837	4
3690	837	5
3691	838	1
3692	838	2
3693	838	3
3694	838	4
3695	838	5
3696	839	1
3697	839	2
3698	839	3
3699	839	4
3700	839	5
3701	840	1
3702	840	2
3703	840	3
3704	840	4
3705	840	5
3711	842	1
3712	842	2
3713	842	3
3714	842	4
3715	842	5
3716	843	1
3717	843	2
3718	843	3
3719	843	4
3720	843	5
3721	844	1
3722	844	2
3723	844	3
3724	844	4
3725	844	5
3726	845	1
3727	845	2
3728	845	3
3729	845	4
3730	845	5
3746	849	1
3747	849	2
3748	849	3
3749	849	4
3750	849	5
3751	850	1
3752	850	2
3753	850	3
3754	850	4
3755	850	5
3756	851	1
3757	851	2
3758	851	3
3759	851	4
3760	851	5
3761	852	1
3762	852	2
3763	852	3
3764	852	4
3765	852	5
3766	853	1
3767	853	2
3768	853	3
3769	853	4
3770	853	5
3771	854	1
3772	854	2
3773	854	3
3774	854	4
3775	854	5
3776	855	1
3777	855	2
3778	855	3
3779	855	4
3780	855	5
3781	856	1
3782	856	2
3783	856	3
3784	856	4
3785	856	5
3786	857	1
3787	857	2
3788	857	3
3789	857	4
3790	857	5
3791	858	1
3792	858	2
3793	858	3
3794	858	4
3795	858	5
3796	859	1
3797	859	2
3798	859	3
3799	859	4
3800	859	5
3801	860	1
3802	860	2
3803	860	3
3804	860	4
3805	860	5
3806	861	1
3807	861	2
3808	861	3
3809	861	4
3810	861	5
3811	862	1
3812	862	2
3813	862	3
3814	862	4
3815	862	5
3816	863	1
3817	863	2
3818	863	3
3819	863	4
3820	863	5
3821	864	1
3822	864	2
3823	864	3
3824	864	4
3825	864	5
3831	866	1
3832	866	2
3833	866	3
3834	866	4
3835	866	5
3836	867	1
3837	867	2
3838	867	3
3839	867	4
3840	867	5
3841	868	1
3842	868	2
3843	868	3
3844	868	4
3845	868	5
3846	869	1
3847	869	2
3848	869	3
3849	869	4
3850	869	5
3851	870	1
3852	870	2
3853	870	3
3854	870	4
3855	870	5
3856	871	1
3857	871	2
3858	871	3
3859	871	4
3860	871	5
3861	872	1
3862	872	2
3863	872	3
3864	872	4
3865	872	5
3866	873	1
3867	873	2
3868	873	3
3869	873	4
3870	873	5
3871	874	1
3872	874	2
3873	874	3
3874	874	4
3875	874	5
3876	875	1
3877	875	2
3878	875	3
3879	875	4
3880	875	5
3881	876	1
3882	876	2
3883	876	3
3884	876	4
3885	876	5
3886	877	1
3887	877	2
3888	877	3
3889	877	4
3890	877	5
3891	878	1
3892	878	2
3893	878	3
3894	878	4
3895	878	5
3896	879	1
3897	879	2
3898	879	3
3899	879	4
3900	879	5
3901	880	1
3902	880	2
3903	880	3
3904	880	4
3905	880	5
3906	881	1
3907	881	2
3908	881	3
3909	881	4
3910	881	5
3911	882	1
3912	882	2
3913	882	3
3914	882	4
3915	882	5
3916	883	1
3917	883	2
3918	883	3
3919	883	4
3920	883	5
\.


--
-- Data for Name: projects; Type: TABLE DATA; Schema: public; Owner: track
--

COPY public.projects (id, name, description, prefix, status_id, notbillable, budget, risk_budget, attaches, portfolio_id, author_id, finished_at, created_at, updated_at, deleted_at, completed_at, created_by_system_user, gitlab_project_ids, type_id, qa_percent, jira_hostname, external_id, jira_project_name, jira_token) FROM stdin;
471	Site NC	\N	SNC	1	1	\N	\N	\N	\N	102	\N	2019-06-11 08:05:18.27+00	2019-06-11 08:05:18.27+00	\N	\N	f	{}	2	30	\N	\N	\N	\N
472	Leads NC	\N	LNC	1	1	\N	\N	\N	\N	102	\N	2019-06-13 14:58:18.073+00	2019-06-13 14:58:18.073+00	\N	\N	f	{}	1	30	\N	\N	\N	\N
473		\N	GP	1	1	\N	\N	\N	\N	102	\N	2019-06-18 08:11:22.566+00	2019-06-18 08:11:22.566+00	\N	\N	f	{}	1	30	\N	\N	\N	\N
474	test	\N	test	1	1	\N	\N	\N	\N	186	\N	2019-07-04 15:43:20.549+00	2019-07-04 15:43:20.549+00	2019-07-04 15:50:36.045+00	\N	f	{}	1	30	\N	\N	\N	\N
502	   ""	\N		1	1	\N	\N	\N	\N	2728	\N	2019-10-11 07:17:01.204+00	2019-10-11 07:17:01.204+00	\N	\N	f	{}	4	30	\N	\N	\N	\N
498		\N		1	1	\N	\N	\N	\N	2759	\N	2019-10-09 12:41:37.692+00	2019-10-11 08:00:59.768+00	\N	\N	f	{}	2	30	\N	\N	\N	\N
503	KekarProject	\N	Kekar	1	1	\N	\N	\N	\N	2717	\N	2019-10-17 15:59:44.931+00	2019-10-17 15:59:44.931+00	\N	\N	f	{}	4	30	\N	\N	\N	\N
477	 	\N	test01	1	1	\N	\N	\N	\N	2726	\N	2019-10-01 14:53:17.763+00	2019-10-01 14:53:17.763+00	\N	\N	f	{}	2	30	\N	\N	\N	\N
478	 	\N		1	1	\N	\N	\N	\N	2698	\N	2019-10-02 05:27:18.963+00	2019-10-02 05:27:18.963+00	\N	\N	f	{}	2	30	\N	\N	\N	\N
479		\N		1	1	\N	\N	\N	\N	2727	\N	2019-10-02 08:56:36.386+00	2019-10-02 08:56:36.386+00	\N	\N	f	{}	1	30	\N	\N	\N	\N
480		\N		1	1	\N	\N	\N	\N	2728	\N	2019-10-02 08:59:19.886+00	2019-10-02 08:59:19.886+00	\N	\N	f	{}	1	30	\N	\N	\N	\N
484	test project	\N	testnow	1	1	\N	\N	\N	\N	2717	\N	2019-10-03 09:00:29.985+00	2019-10-03 09:00:29.985+00	\N	\N	f	{}	1	30	\N	\N	\N	\N
486	testo	\N	testff	1	1	\N	\N	\N	\N	2717	\N	2019-10-03 10:16:31.35+00	2019-10-03 10:16:31.35+00	\N	\N	f	{}	1	30	\N	\N	\N	\N
487	testcom	\N	bugy	1	1	\N	\N	\N	\N	2717	\N	2019-10-04 06:15:29.406+00	2019-10-04 06:15:29.406+00	\N	\N	f	{}	2	30	\N	\N	\N	\N
488	  Unbillible	\N	test02	1	1	\N	\N	\N	\N	2728	\N	2019-10-07 06:13:56.373+00	2019-10-07 06:13:56.373+00	\N	\N	f	{}	3	30	\N	\N	\N	\N
490	unbi	\N	un	1	1	\N	\N	\N	\N	2717	\N	2019-10-08 06:35:10.571+00	2019-10-08 06:35:10.571+00	\N	\N	f	{}	3	30	\N	\N	\N	\N
491	hghgt	\N	ggg	1	1	\N	\N	\N	\N	2717	\N	2019-10-08 08:51:22.159+00	2019-10-08 08:51:22.159+00	\N	\N	f	{}	4	30	\N	\N	\N	\N
492	testo	\N	wdee	1	1	\N	\N	\N	\N	2717	\N	2019-10-08 09:42:40.075+00	2019-10-08 09:42:40.075+00	\N	\N	f	{}	1	30	\N	\N	\N	\N
505	    	\N		1	1	\N	\N	\N	\N	2718	\N	2019-10-21 14:27:37.78+00	2019-10-21 14:27:37.78+00	\N	\N	f	{}	2	30	\N	\N	\N	\N
507		\N	gfh	1	1	\N	\N	\N	\N	2759	\N	2019-10-28 12:56:23.005+00	2019-10-28 12:56:23.005+00	\N	\N	f	{}	1	30	\N	\N	\N	\N
508	500       	\N	5	1	1	\N	\N	\N	\N	2728	\N	2019-10-28 13:07:22.243+00	2019-10-28 13:07:22.243+00	\N	\N	f	{}	2	30	\N	\N	\N	\N
495	testf	\N	testff0	1	1	\N	\N	\N	\N	2717	\N	2019-10-09 08:21:35.134+00	2019-10-09 08:25:27.395+00	\N	\N	f	{}	4	30	\N	\N	\N	\N
509	NARITAI	\N	NAR	1	1	\N	2	\N	\N	2717	\N	2019-10-28 13:37:32.09+00	2019-10-28 13:40:47.842+00	\N	2019-10-31 09:00:00	f	{}	1	30	\N	\N	\N	\N
510	test timesheets	\N	TIMESH	1	1	\N	\N	\N	\N	2717	\N	2019-10-29 06:49:07.098+00	2019-10-29 07:02:10.976+00	\N	2020-03-05 09:00:00	f	{}	3	30	\N	\N	\N	\N
475	Test	\N	TE	1	1	\N	\N	\N	\N	2698	\N	2019-09-25 08:44:07.275+00	2019-10-09 09:41:06.619+00	\N	\N	f	{}	3	30	\N	\N	\N	\N
493	mitoo	\N	last	1	1	\N	\N	\N	\N	2717	\N	2019-10-08 14:36:43.928+00	2019-10-09 09:41:35.554+00	\N	\N	f	{}	3	30	\N	\N	\N	\N
496	scfrghy	\N	eddc	1	1	\N	\N	\N	\N	2717	\N	2019-10-09 09:42:24.262+00	2019-10-09 09:42:24.262+00	\N	\N	f	{}	3	30	\N	\N	\N	\N
497		\N		1	1	\N	\N	\N	\N	2717	\N	2019-10-09 11:40:25.181+00	2019-10-09 11:40:25.181+00	\N	\N	f	{}	2	30	\N	\N	\N	\N
489	project for tasks/3767	\N	reprod	1	1	\N	\N	\N	\N	2717	\N	2019-10-08 06:12:19.502+00	2019-10-09 11:46:37.059+00	\N	\N	f	{}	4	30	\N	\N	\N	\N
500	trun	\N	trtr	1	1	\N	\N	\N	\N	2761	\N	2019-10-09 12:45:14.258+00	2019-10-09 12:45:14.258+00	\N	\N	f	{}	2	30	\N	\N	\N	\N
511		\N		1	1	\N	\N	\N	\N	2941	\N	2019-11-06 13:46:23.147+00	2019-11-06 13:46:23.147+00	\N	\N	f	{}	2	30	\N	\N	\N	\N
512	   	\N	02	1	1	\N	\N	\N	\N	2728	\N	2019-11-07 07:17:22.377+00	2019-11-07 07:17:22.377+00	\N	\N	f	{}	1	30	\N	\N	\N	\N
481	Test	\N	TST	1	1	\N	\N	\N	\N	212	\N	2019-10-02 11:15:01.96+00	2019-10-09 13:16:28.287+00	\N	\N	f	{}	4	30	\N	\N	\N	\N
470	NordClan	\N	NC	1	1	\N	\N	\N	\N	183	\N	2019-06-10 20:53:23.37+00	2019-10-09 13:27:55.67+00	\N	\N	f	{}	3	30	\N	\N	\N	\N
485	testf	\N	testf	1	1	\N	\N	\N	\N	2717	\N	2019-10-03 09:03:25.6+00	2019-10-09 15:16:06.326+00	\N	\N	f	{}	4	30	\N	\N	\N	\N
482	TESTING	\N	TSTNG	1	1	\N	\N	\N	\N	2697	\N	2019-10-02 11:19:32.172+00	2019-10-10 11:47:23.545+00	\N	\N	f	{}	4	30	\N	\N	\N	\N
501	   ""	\N		1	1	\N	\N	\N	\N	2728	\N	2019-10-11 07:05:29.828+00	2019-10-11 07:05:29.828+00	\N	\N	f	{}	3	30	\N	\N	\N	\N
\.


--
-- Data for Name: sprint_statuses; Type: TABLE DATA; Schema: public; Owner: track
--

COPY public.sprint_statuses (id, name, name_en) FROM stdin;
1	  	Stopped
2	 	In progress
\.


--
-- Data for Name: sprints; Type: TABLE DATA; Schema: public; Owner: track
--

COPY public.sprints (id, name, status_id, fact_start_date, fact_finish_date, allotted_time, author_id, created_at, updated_at, deleted_at, project_id, budget, risk_budget, qa_percent, external_id, entities_last_update, metric_last_update) FROM stdin;
425	 	1	2019-06-10	2019-06-14	\N	102	2019-06-11 08:40:58.605+00	2019-06-19 09:16:29.505+00	\N	471	0.00	0.00	30	\N	2019-06-19 09:16:29.505+00	\N
430	   &	1	2019-10-11	2019-10-18	\N	2728	2019-10-11 07:38:08.387+00	2019-10-11 07:49:50.477+00	2019-10-11 07:49:50.459+00	501	1000.00	1000.00	30	\N	2019-10-11 07:49:50.477+00	\N
431	    & 	1	2019-10-21	2019-11-01	\N	2728	2019-10-11 07:40:21.387+00	2019-10-11 07:49:52.876+00	2019-10-11 07:49:52.859+00	501	2000.00	2000.00	30	\N	2019-10-11 07:49:52.875+00	\N
427	 2	2	2019-06-18	2019-06-28	\N	102	2019-06-17 09:17:42.216+00	2019-10-28 13:41:38.89+00	\N	471	0.00	0.00	30	\N	2019-10-28 13:41:38.89+00	\N
424	 1	2	2019-06-10	2019-06-26	\N	183	2019-06-11 08:27:14.694+00	2019-10-29 08:05:44.278+00	\N	470	0.00	0.00	30	\N	2019-10-29 08:05:44.275+00	\N
434	   &	1	2019-10-11	2019-10-20	\N	2717	2019-10-11 07:53:44.413+00	2019-10-25 06:10:16.057+00	\N	475	1000.00	1000.00	30	\N	2019-10-25 06:10:16.057+00	\N
428	 .	2	2019-06-10	2019-06-30	\N	102	2019-06-18 08:13:09.182+00	2019-10-29 08:08:56.741+00	\N	470	0.00	0.00	30	\N	2019-10-29 08:08:56.741+00	\N
436	    &	1	2019-10-11	2019-10-20	\N	2717	2019-10-11 08:19:22.334+00	2019-10-31 11:15:01.342+00	\N	480	1000.00	1000.00	30	\N	2019-10-31 11:15:01.342+00	\N
432	    &	1	2019-10-11	2019-10-20	\N	2728	2019-10-11 07:50:53.052+00	2019-10-11 07:57:28.425+00	\N	501	1000.00	1000.00	30	\N	2019-10-11 07:57:28.425+00	\N
433	    &	1	2019-10-25	2019-11-30	\N	2728	2019-10-11 07:51:55.533+00	2019-10-11 07:57:44.397+00	\N	501	2000.00	2000.00	30	\N	2019-10-11 07:57:44.397+00	\N
438	newtestsprint	1	2019-10-01	2019-10-10	\N	2717	2019-10-14 11:13:03.056+00	2019-10-24 14:29:03.911+00	\N	480	10.00	100.00	30	\N	2019-10-24 14:29:03.911+00	\N
429		1	2019-10-01	2019-10-06	\N	2717	2019-10-11 06:45:48.114+00	2019-10-11 12:20:56.452+00	\N	472	200.00	300.00	30	\N	2019-10-11 12:20:56.451+00	\N
437	    &	1	2019-10-11	2019-10-20	\N	2717	2019-10-11 08:20:44.072+00	2019-10-25 08:16:18.511+00	\N	480	1000.00	1000.00	30	\N	2019-10-25 08:16:18.511+00	\N
439	test	1	2019-10-02	2019-10-04	\N	2717	2019-10-14 12:58:09.078+00	2019-10-15 08:32:31.165+00	\N	480	100.00	110.00	30	\N	2019-10-15 08:32:31.164+00	\N
426		1	2019-06-01	2019-06-30	\N	102	2019-06-13 14:58:52.381+00	2019-10-11 13:01:56.226+00	\N	472	0.00	0.00	30	\N	2019-10-11 13:01:56.225+00	\N
435	    &	1	2019-10-21	2019-10-31	\N	2717	2019-10-11 07:54:43.247+00	2019-10-16 07:32:28.67+00	\N	475	2000.00	2000.00	30	\N	2019-10-16 07:32:28.667+00	\N
\.


--
-- Data for Name: system_tokens; Type: TABLE DATA; Schema: public; Owner: track
--

COPY public.system_tokens (id, token, expires) FROM stdin;
1	eyJ0eXAiOiJKV1QiLCJhbGciOiJIUzUxMiJ9.IjIwMjctMTAtMTZUMTI6NDc6MjkuMzk5WiI.uZL3EvASr67C-QHEhSmk_q00FytJxqsu3VfCrIadW6laVRza8gdsJc6JCbvLwrLyWxh66ALZCiuqcbv9cvFQ4A	2027-10-16 12:47:29+00
2	eyJ0eXAiOiJKV1QiLCJhbGciOiJIUzUxMiJ9.IjIwMjctMTAtMTZUMTc6NDM6MTYuNjA3WiI.Rp2BQaLZRu5IdiBsGkXpBSipOUDHkjkRoAOham_8NPqCNuQUbkMd1pZzRWGo_ZqqQLNoyP3lZSOr7Ml_YnXKqw	2027-10-16 17:43:16+00
3	eyJ0eXAiOiJKV1QiLCJhbGciOiJIUzUxMiJ9.IjIwMjctMTAtMTZUMTc6NTA6MzYuNDc0WiI.P4aw52msaw55nRYTe3jRehZ9TUfKQug4yZS-1MKLQ7w3iJwC-4WWIyF_AUXJklDAV2V4tnc3Bk9wpQ_IbkBhSg	2027-10-16 17:50:36+00
4	eyJ0eXAiOiJKV1QiLCJhbGciOiJIUzUxMiJ9.IjIwMjctMTAtMTZUMTc6NTk6MDIuNTU4WiI.Ur0wdzmSYnzLOcBtN2v5zaRSFDj9E1zHDKfbtwWyZmdIrImuEw1z13f2zc93BzD5hGP5lQmAzBEZ9sMFWbPgDA	2027-10-16 17:59:02+00
5	eyJ0eXAiOiJKV1QiLCJhbGciOiJIUzUxMiJ9.IjIwMjctMTAtMTZUMTg6MDQ6MzUuMjg0WiI.IxBHzBroc8JQSKati7fWVCW3YiMSuO31yHmO5IVKdvFTjEeBIRzzf8pq63sJ6mZVatdPSBuIQRPiDtToaOzalA	2027-10-16 18:04:35+00
6	eyJ0eXAiOiJKV1QiLCJhbGciOiJIUzUxMiJ9.IjIwMjctMTEtMTFUMTE6MDE6MTcuOTgyWiI.BSC3UuhHEUBtTs40hEkOCm8TMv3ISYRQqsHuo9v5cKyJnKHuHQsrE9G7ktR_MOm9qCbBJ7spOcz055Y6yb03ig	2027-11-11 11:01:17+00
7	eyJ0eXAiOiJKV1QiLCJhbGciOiJIUzUxMiJ9.IjIwMjctMTEtMTNUMDk6MDc6MTguODU4WiI.w2Zf3R4SMH36S7aeo4f0_UmV2UIUvQDAcEvPI5ufor0wfadzJ4G1sA49tU8nKxv_3HfmLCkQApv-ciEIBCfRng	2027-11-13 09:07:18+00
8	eyJ0eXAiOiJKV1QiLCJhbGciOiJIUzUxMiJ9.IjIwMjctMTEtMTRUMDU6NTE6NTkuNDgyWiI.IcLLJjePP-npFv_IJGaVCpvYZdKgkQvVYk7V3wYZO5DybDIMCK3IfXf26Sn2JYceCevcLUKfzaYtcjYkEfiDEA	2027-11-14 05:51:59+00
9	eyJ0eXAiOiJKV1QiLCJhbGciOiJIUzUxMiJ9.IjIwMjctMTEtMTRUMDk6NDg6MzEuMTQ0WiI.KxYKIRn2FzEqnvC1gg54gzQj0NSyUPYaKY0np7S_xn3hPF072wnAaPr6Z4_Eck7RA63pZycxzOTnZPHSYbo75A	2027-11-14 09:48:31+00
10	eyJ0eXAiOiJKV1QiLCJhbGciOiJIUzUxMiJ9.IjIwMjctMTEtMTRUMTE6MjQ6MDUuNTQ1WiI.GUduUfdv1boHcodiRjcCfjcsl_AYI9lhYqa07IZoPmvB87P947tgTJ6s0bBGx-SuPCQdrdo1oXKG22yos3enFg	2027-11-14 11:24:05+00
11	eyJ0eXAiOiJKV1QiLCJhbGciOiJIUzUxMiJ9.IjIwMjctMTEtMTRUMTk6NTE6MTkuMjY1WiI.Euqj2NaMcmA8KSuodhcAZQZrFQ4Z9IQbVgkapa69aEHeIM6lwmw_VOtrJrvD8ROkvrAVAeL_n9TUPWjezTRiyg	2027-11-14 19:51:19+00
12	eyJ0eXAiOiJKV1QiLCJhbGciOiJIUzUxMiJ9.IjIwMjctMTEtMThUMTU6MzA6MzcuNTcyWiI.qlQ8cNwJAJja_oQeE3qq9ABjY5dRlHObqinw9NKxkGOQr_Yt5Y694etlPKkraM-xTwQbyaMn-GPkthO7B5_Oyg	2027-11-18 15:30:37+00
13	eyJ0eXAiOiJKV1QiLCJhbGciOiJIUzUxMiJ9.IjIwMjctMTEtMThUMTU6MzE6MjIuMjA3WiI.oiDIC1UFSJyfpnFpPq0XuclGXG2Clfpi7-SmaOErfLlpn1tNwGe_Y7hK3aGC9BUYz0oNIrtzZW-ZBeHp1suXhg	2027-11-18 15:31:22+00
14	eyJ0eXAiOiJKV1QiLCJhbGciOiJIUzUxMiJ9.IjIwMjctMTEtMThUMTU6MzE6MjUuMTgwWiI.s1PvB2cVTU1_1hCN5X1hvCjf1Wh2EIb9OIdkXpLdWfasyAX_AhLeJY8jgDLSbIxla_8_uWylqDwg779iMR0P0g	2027-11-18 15:31:25+00
15	eyJ0eXAiOiJKV1QiLCJhbGciOiJIUzUxMiJ9.IjIwMjctMTEtMTlUMDU6NDg6NDIuMjUyWiI.iMdNGR6IQjwdbAemtKo-6wN3_X8xGrFkGeg3HmFfAjSuQuEF6lROag8IYObMQO9DKVSOVAzLhArpuqH0sq2rqg	2027-11-19 05:48:42+00
16	eyJ0eXAiOiJKV1QiLCJhbGciOiJIUzUxMiJ9.IjIwMjctMTEtMTlUMDU6NTY6MjkuOTUxWiI.F_dMZzmMHD1TNcFp92inJLwfypgVS9wT9a1MTwVPxN5IhLWrs6kENN7GUAqAZqd-gOG562s6DCQ6xHj1jC4i3A	2027-11-19 05:56:29+00
17	eyJ0eXAiOiJKV1QiLCJhbGciOiJIUzUxMiJ9.IjIwMjctMTEtMTlUMTM6MTQ6NTQuODA5WiI.hOmSoqyTAtbi6pud0U26UsUfjH2-7vamkzBPNk7dsPDSLnswfZ58aMu0VmJzZSsUqrbIYvWKdC7pZ5kZ31jl7w	2027-11-19 13:14:54+00
18	eyJ0eXAiOiJKV1QiLCJhbGciOiJIUzUxMiJ9.IjIwMjctMTEtMjJUMTI6NDE6MzkuMDc1WiI.A-aL_qowk6tcfsLV8OircdKGG41lWirhcj2Fmpk9JCHzC3oeq23VjA9SdyiVPSfbrN9IZ2CTXyq48rkzTXjXLw	2027-11-22 12:41:39+00
19	eyJ0eXAiOiJKV1QiLCJhbGciOiJIUzUxMiJ9.IjIwMjctMTEtMjJUMTU6MzU6MTcuNzc5WiI.I_5s25GmnzaAzuosxA3pWGpRUC4PNNvHVdmu2kMMPvEE7x7fC7gluJiX6eOiMn2sdhzUUjyqFjmAmTupgI7DIg	2027-11-22 15:35:17+00
20	eyJ0eXAiOiJKV1QiLCJhbGciOiJIUzUxMiJ9.IjIwMjctMTEtMjVUMDk6Mzg6MDYuMzg0WiI.j5wEqWui1Vn2oWvTfO9467JiiljLA5l3ioduNAx07i7Ac-Uz3FYisAQqHRsaIkhI9Q-LfapwWKyRPmvLtIwMTw	2027-11-25 09:38:06+00
21	eyJ0eXAiOiJKV1QiLCJhbGciOiJIUzUxMiJ9.IjIwMjctMTEtMjZUMDE6MTc6NTguMDExWiI.xtxjK-xbu0Q305gbJkN70A9rgPDKeru_CBjLOh1SNKkaKkS784E9IdPX5vmIxvAiQQ_d0SryNaU0uZ8Aoz7mdw	2027-11-26 01:17:58+00
22	eyJ0eXAiOiJKV1QiLCJhbGciOiJIUzUxMiJ9.IjIwMjctMTEtMjZUMTA6NDA6MTIuNjA1WiI.XU-khbNnZ8f5bK7UpPc35dM-bthX2EVhsvet1F1NmYg3BNjikYvHvr7j_c5NldjRgehvtfUlkUwIQuGdIdJ33Q	2027-11-26 10:40:12+00
23	eyJ0eXAiOiJKV1QiLCJhbGciOiJIUzUxMiJ9.IjIwMjctMTEtMjZUMTA6NDA6MjcuMjM5WiI.kKB58GFFbrqOSt-eIuGF9qta3CxAeLNM-Qz6Hor3zMGfwF0MVLwjqEAqt0UlU5nxDUSnacTJVlotQV328fiC-Q	2027-11-26 10:40:27+00
24	eyJ0eXAiOiJKV1QiLCJhbGciOiJIUzUxMiJ9.IjIwMjctMTEtMjdUMTc6NTA6MTIuNzA1WiI.IWTvc564oL_JUWwSTTgJ5QISE8XiWG97pKp7YSQFRWci3_gv2xEweI2evRmSBFyU0NKazBF6oJbtR4WKZdduRw	2027-11-27 17:50:12+00
25	eyJ0eXAiOiJKV1QiLCJhbGciOiJIUzUxMiJ9.IjIwMjctMTEtMjhUMDc6NDQ6NTMuNDQ2WiI.1boT8N6y473p6_PsFMHSTA5-PrWWQpQlTgscZotrN1JZTGuz9U6gIdHc3JUytxIZ-Wro7Aw05S4DxgK5nRqoXA	2027-11-28 07:44:53+00
26	eyJ0eXAiOiJKV1QiLCJhbGciOiJIUzUxMiJ9.IjIwMjctMTEtMjhUMDk6MTI6MDEuNDIwWiI.sgQ9i3SYns6AVjPxuvu6yeM807IbqoYq8Z5xZw0R_a0RVI0o5mj8AsCsaGS5pmEiSDBbDig2hDg67Ycocj4xWw	2027-11-28 09:12:01+00
27	eyJ0eXAiOiJKV1QiLCJhbGciOiJIUzUxMiJ9.IjIwMjctMTItMTlUMDk6MTE6MDguNDQyWiI.Q833MhpqriaUEGH5J1ac-ONqVGcCMSeBVDKkHifJArP6balmpWvpCKEheLC1DuaLChDq35H2ZOPWyViF2Ot_ow	2027-12-19 09:11:08+00
28	eyJ0eXAiOiJKV1QiLCJhbGciOiJIUzUxMiJ9.IjIwMjctMTItMTlUMTA6MDY6NTEuMzU4WiI.7YWwPLWSV4jJT-vMzsJagXePUz6_BhosHXHS8t6pmSURwjH-Cuzb2QK_JLi3bDHd-oGF5U0avf_D7VbUMaw7rw	2027-12-19 10:06:51+00
29	eyJ0eXAiOiJKV1QiLCJhbGciOiJIUzUxMiJ9.IjIwMjctMTItMjNUMDc6MTY6NTYuOTE4WiI.MXl4C-ia3pbN5vsdIN_Lpstr_d0zO3Dm5djT-m4rFqbI4Wo6Nl9Hnf8ZRMmMFb3AwusGb7IqkS-Xgm2BwDPglA	2027-12-23 07:16:56+00
30	eyJ0eXAiOiJKV1QiLCJhbGciOiJIUzUxMiJ9.IjIwMjctMTItMjNUMDc6MTc6MTEuNDExWiI.Cd_XQWzGhG3M7atR3QTsOsIdEjbbJoFTR_JQiD0XcpkWrpnsi7VMGqs6q5GQNhIJGAT9Id0PA_LZhHR6MHn-Yw	2027-12-23 07:17:11+00
31	eyJ0eXAiOiJKV1QiLCJhbGciOiJIUzUxMiJ9.IjIwMjktMDQtMjhUMjI6NDU6MTMuMTYxWiI.l-QugBwuw77O5ZkkclpuVxmAVeGDLkcLFxzvCogBtalHlIOdMjUr_a1aq3RbsHAU1pN_9Majquj3u1WBYxqabQ	2029-04-28 22:45:13+00
32	eyJ0eXAiOiJKV1QiLCJhbGciOiJIUzUxMiJ9.IjIwMjktMDUtMDRUMTM6MTA6MzQuNjc0WiI.b2HPsEg2sRi4Th_Dm4qqEhTnejPnXo71hkgzHxvD5uHQoINflL5MHixprKjDXUNt5AY7Rb36TG3KJM6wimwz9Q	2029-05-04 13:10:34+00
33	eyJ0eXAiOiJKV1QiLCJhbGciOiJIUzUxMiJ9.IjIwMjktMDUtMDVUMDk6Mjk6NDYuNzYzWiI.lviPXt7We2bzN76GWt6UNkaQ6f7IHU6njlTj6qekrt4QoTNvV5tVoFYltJ-IL7FxUhMo4zXqZrnYh88kMvvucw	2029-05-05 09:29:46+00
34	eyJ0eXAiOiJKV1QiLCJhbGciOiJIUzUxMiJ9.IjIwMjktMDUtMTFUMTg6MDQ6MjYuNTc4WiI.4EvGoP2dXfa8RFUrf76M5ZkD_Z--Sq2rza6u1nsHx9opJSXPr6fJGDszWaD-cyboDIxbB1x9vOUtyYbxZds2sg	2029-05-11 18:04:26+00
\.


--
-- Data for Name: tags; Type: TABLE DATA; Schema: public; Owner: track
--

COPY public.tags (id, name) FROM stdin;
382	testtag
383	tagtest
384	mile
\.


--
-- Data for Name: task_attachments; Type: TABLE DATA; Schema: public; Owner: track
--

COPY public.task_attachments (id, task_id, file_name, path, "previewPath", author_id, size, type, created_at, deleted_at) FROM stdin;
1714	3093	  .odt	uploads/tasksAttachments/3093/GPY/  -1560414336903.odt	\N	102	26270	application/octet-stream	2019-06-13 08:25:36.903+00	\N
1715	3102	.PNG	uploads/tasksAttachments/3102/SKE/-1560421573601.PNG	uploads/tasksAttachments/3102/SKE/200--1560421573601.PNG	212	26512	image/png	2019-06-13 10:26:14.773+00	\N
1716	3103	.PNG	uploads/tasksAttachments/3103/M5P/-1560422667175.PNG	uploads/tasksAttachments/3103/M5P/200--1560422667175.PNG	212	29453	image/png	2019-06-13 10:44:27.315+00	\N
1717	3103	.PNG	uploads/tasksAttachments/3103/4HB/-1560422667175.PNG	uploads/tasksAttachments/3103/4HB/200--1560422667175.PNG	212	38295	image/png	2019-06-13 10:44:27.321+00	\N
1718	3109	2019-06-13_16-24-35.png	uploads/tasksAttachments/3109/9M4/2019-06-13_16-24-35-1560428655344.png	uploads/tasksAttachments/3109/9M4/200-2019-06-13_16-24-35-1560428655344.png	266	93909	image/png	2019-06-13 12:24:15.986+00	\N
1719	3113	CP RatesNet v4 (2).ppt	uploads/tasksAttachments/3113/JS5/CP RatesNet v4 (2)-1560438322499.ppt	\N	102	684032	application/octet-stream	2019-06-13 15:05:22.5+00	\N
1720	3115	prox_psp_xml_1.1.1.pdf	uploads/tasksAttachments/3115/143/prox_psp_xml_1.1.1-1560438649819.pdf	\N	102	399096	application/pdf	2019-06-13 15:10:49.819+00	\N
1721	3115	PSP specification.pdf	uploads/tasksAttachments/3115/01I/PSP specification-1560438655732.pdf	\N	102	88164	application/pdf	2019-06-13 15:10:55.733+00	\N
1722	3083	5dH7JWgEzSs.jpg	uploads/tasksAttachments/3083/D58/5dH7JWgEzSs-1560462701195.jpg	uploads/tasksAttachments/3083/D58/200-5dH7JWgEzSs-1560462701195.jpg	183	27428	image/jpeg	2019-06-13 21:51:42.492+00	2019-06-13 21:55:54.406+00
1723	3116	karbit.png	uploads/tasksAttachments/3116/QTR/karbit-1560463112872.png	uploads/tasksAttachments/3116/QTR/200-karbit-1560463112872.png	183	4931031	image/png	2019-06-13 21:58:33.922+00	\N
1724	3119	.PNG	uploads/tasksAttachments/3119/O6Y/-1560500020944.PNG	uploads/tasksAttachments/3119/O6Y/200--1560500020944.PNG	212	7215	image/png	2019-06-14 08:13:42.281+00	\N
1725	3120	2.PNG	uploads/tasksAttachments/3120/E85/2-1560502221858.PNG	uploads/tasksAttachments/3120/E85/200-2-1560502221858.PNG	212	5839	image/png	2019-06-14 08:50:22.239+00	\N
1726	3131	2019-06-13 17-12-10 (94).jpeg	uploads/tasksAttachments/3131/5EL/2019-06-13 17-12-10 (94)-1560517730574.jpeg	uploads/tasksAttachments/3131/5EL/200-2019-06-13 17-12-10 (94)-1560517730574.jpeg	102	2246908	image/jpeg	2019-06-14 13:08:57.46+00	\N
1727	3137	photo_2019-06-14_17-23-29.jpg	uploads/tasksAttachments/3137/CQT/photo_2019-06-14_17-23-29-1560518621818.jpg	uploads/tasksAttachments/3137/CQT/200-photo_2019-06-14_17-23-29-1560518621818.jpg	102	136074	image/jpeg	2019-06-14 13:23:44.842+00	\N
1728	3138	photo_2019-06-14_17-41-47.jpg	uploads/tasksAttachments/3138/0VJ/photo_2019-06-14_17-41-47-1560519728110.jpg	uploads/tasksAttachments/3138/0VJ/200-photo_2019-06-14_17-41-47-1560519728110.jpg	102	20791	image/jpeg	2019-06-14 13:42:09.811+00	\N
1729	3143	3.PNG	uploads/tasksAttachments/3143/5CD/3-1560674755003.PNG	uploads/tasksAttachments/3143/5CD/200-3-1560674755003.PNG	212	66622	image/png	2019-06-16 08:45:56.088+00	\N
1730	3137	photo_2019-06-14_17-23-29.jpg	uploads/tasksAttachments/3137/GTY/photo_2019-06-14_17-23-29-1560689030973.jpg	uploads/tasksAttachments/3137/GTY/200-photo_2019-06-14_17-23-29-1560689030973.jpg	336	267850	image/jpeg	2019-06-16 12:43:51.175+00	\N
1731	3147	photo_2019-06-16_20-09-08.jpg	uploads/tasksAttachments/3147/2FG/photo_2019-06-16_20-09-08-1560706423707.jpg	uploads/tasksAttachments/3147/2FG/200-photo_2019-06-16_20-09-08-1560706423707.jpg	239	11502	image/jpeg	2019-06-16 17:33:43.736+00	\N
1732	3149	photo_2019-06-16_20-14-15.jpg	uploads/tasksAttachments/3149/06L/photo_2019-06-16_20-14-15-1560706570466.jpg	uploads/tasksAttachments/3149/06L/200-photo_2019-06-16_20-14-15-1560706570466.jpg	239	61112	image/jpeg	2019-06-16 17:36:10.507+00	\N
1733	3171	1.PNG	uploads/tasksAttachments/3171/CC8/1-1560764614244.PNG	uploads/tasksAttachments/3171/CC8/200-1-1560764614244.PNG	212	69659	image/png	2019-06-17 09:43:35.06+00	\N
1734	3171	2.PNG	uploads/tasksAttachments/3171/JTE/2-1560765667935.PNG	uploads/tasksAttachments/3171/JTE/200-2-1560765667935.PNG	212	91618	image/png	2019-06-17 10:01:07.978+00	\N
1735	3171	3.PNG	uploads/tasksAttachments/3171/B0B/3-1560765710649.PNG	uploads/tasksAttachments/3171/B0B/200-3-1560765710649.PNG	212	64388	image/png	2019-06-17 10:01:50.693+00	\N
1736	3173	4.PNG	uploads/tasksAttachments/3173/7DC/4-1560766018203.PNG	uploads/tasksAttachments/3173/7DC/200-4-1560766018203.PNG	212	17930	image/png	2019-06-17 10:06:58.241+00	\N
1737	3174	5.PNG	uploads/tasksAttachments/3174/69J/5-1560767219349.PNG	uploads/tasksAttachments/3174/69J/200-5-1560767219349.PNG	212	19042	image/png	2019-06-17 10:26:59.394+00	\N
1738	3114	 .docx	uploads/tasksAttachments/3114/8JL/ -1560847678182.docx	\N	102	13248	application/octet-stream	2019-06-18 08:47:58.182+00	\N
1739	3195	  2019-06-18  16.19.35.png	uploads/tasksAttachments/3195/ESI/  2019-06-18  16.19.35-1560860401456.png	uploads/tasksAttachments/3195/ESI/200-  2019-06-18  16.19.35-1560860401456.png	183	152428	image/png	2019-06-18 12:20:07.07+00	\N
1740	3195	  2019-06-18  16.24.59.png	uploads/tasksAttachments/3195/6VR/  2019-06-18  16.24.59-1560860728021.png	uploads/tasksAttachments/3195/6VR/200-  2019-06-18  16.24.59-1560860728021.png	183	103378	image/png	2019-06-18 12:25:31.178+00	\N
1741	3194	photo_2019-06-19_13-12-39.jpg	uploads/tasksAttachments/3194/JU9/photo_2019-06-19_13-12-39-1560935481086.jpg	uploads/tasksAttachments/3194/JU9/200-photo_2019-06-19_13-12-39-1560935481086.jpg	266	43112	image/jpeg	2019-06-19 09:11:21.385+00	\N
1742	3168	2019-06-19_18-09-32.png	uploads/tasksAttachments/3168/44P/2019-06-19_18-09-32-1560953307631.png	uploads/tasksAttachments/3168/44P/200-2019-06-19_18-09-32-1560953307631.png	266	22161	image/png	2019-06-19 14:08:28.812+00	\N
1744	3403	inosuke.jpg	uploads/tasksAttachments/3403/CPS/inosuke-1571666295180.jpg	uploads/tasksAttachments/3403/CPS/200-inosuke-1571666295180.jpg	2717	19498	image/jpeg	2019-10-21 13:58:15.256+00	\N
1743	3403	inosuke2.jpg	uploads/tasksAttachments/3403/6O0/inosuke2-1571328639906.jpg	uploads/tasksAttachments/3403/6O0/200-inosuke2-1571328639906.jpg	2717	6374	image/jpeg	2019-10-17 16:10:39.998+00	2019-10-21 13:58:20.346+00
1745	3403	tanjiro.jpg	uploads/tasksAttachments/3403/IOT/tanjiro-1571666323621.jpg	uploads/tasksAttachments/3403/IOT/200-tanjiro-1571666323621.jpg	2717	20879	image/jpeg	2019-10-21 13:58:43.661+00	2019-10-21 13:58:48.536+00
1746	3179	  2019-10-21  21.38.12.png	uploads/tasksAttachments/3179/XD0/  2019-10-21  21.38.12-1571990861021.png	uploads/tasksAttachments/3179/XD0/200-  2019-10-21  21.38.12-1571990861021.png	183	918769	image/png	2019-10-25 08:07:41.205+00	\N
\.


--
-- Data for Name: task_histories; Type: TABLE DATA; Schema: public; Owner: track
--

COPY public.task_histories (id, entity, entity_id, task_id, field, prev_value_str, value_str, prev_value_int, value_int, prev_value_date, value_date, value_float, prev_value_float, action, created_at, user_id, value_text, prev_value_text, value_boolean, prev_value_boolean, value_decimal, prev_value_decimal) FROM stdin;
24046	Task	3080	3080	\N	\N	\N	\N	\N	\N	\N	\N	\N	create	2019-06-11 07:56:30.733+00	183	\N	\N	\N	\N	\N	\N
24047	Task	3081	3081	\N	\N	\N	\N	\N	\N	\N	\N	\N	create	2019-06-11 07:57:48.011+00	183	\N	\N	\N	\N	\N	\N
24048	Task	3082	3082	\N	\N	\N	\N	\N	\N	\N	\N	\N	create	2019-06-11 08:27:41.899+00	183	\N	\N	\N	\N	\N	\N
24049	Task	3083	3083	\N	\N	\N	\N	\N	\N	\N	\N	\N	create	2019-06-11 08:35:24.791+00	336	\N	\N	\N	\N	\N	\N
24050	Task	3084	3084	\N	\N	\N	\N	\N	\N	\N	\N	\N	create	2019-06-11 17:32:43.579+00	102	\N	\N	\N	\N	\N	\N
24051	Task	3082	3082	name	qwer123	  	\N	\N	\N	\N	\N	\N	update	2019-06-11 17:53:54.617+00	102	\N	\N	\N	\N	\N	\N
24052	Task	3082	3082	name	  	  SimTrack	\N	\N	\N	\N	\N	\N	update	2019-06-11 17:55:26.511+00	102	\N	\N	\N	\N	\N	\N
24053	Task	3082	3082	description	\N	\N	\N	\N	\N	\N	\N	\N	update	2019-06-11 17:55:32.894+00	102	<p><br></p>	<p>qw</p>	\N	\N	\N	\N
24054	Task	3083	3083	name	zdfz	500     ST	\N	\N	\N	\N	\N	\N	update	2019-06-11 17:55:58.842+00	102	\N	\N	\N	\N	\N	\N
24055	Task	3083	3083	description	\N	\N	\N	\N	\N	\N	\N	\N	update	2019-06-11 17:56:23.249+00	102	<p>,  </p>	<p>asdfadsf</p>	\N	\N	\N	\N
24056	Task	3085	3085	\N	\N	\N	\N	\N	\N	\N	\N	\N	create	2019-06-11 17:56:40.331+00	102	\N	\N	\N	\N	\N	\N
24057	Task	3086	3086	\N	\N	\N	\N	\N	\N	\N	\N	\N	create	2019-06-11 17:56:53.48+00	102	\N	\N	\N	\N	\N	\N
24058	Task	3087	3087	\N	\N	\N	\N	\N	\N	\N	\N	\N	create	2019-06-11 17:57:09.492+00	102	\N	\N	\N	\N	\N	\N
24059	Task	3088	3088	\N	\N	\N	\N	\N	\N	\N	\N	\N	create	2019-06-11 17:57:23.67+00	102	\N	\N	\N	\N	\N	\N
24060	Task	3089	3089	\N	\N	\N	\N	\N	\N	\N	\N	\N	create	2019-06-11 17:57:41.677+00	102	\N	\N	\N	\N	\N	\N
24061	Task	3090	3090	\N	\N	\N	\N	\N	\N	\N	\N	\N	create	2019-06-11 17:57:57.909+00	102	\N	\N	\N	\N	\N	\N
24062	Task	3090	3090	performerId	\N	\N	\N	1	\N	\N	\N	\N	update	2019-06-11 18:28:27.285+00	102	\N	\N	\N	\N	\N	\N
24063	Task	3086	3086	performerId	\N	\N	\N	239	\N	\N	\N	\N	update	2019-06-11 18:28:55.408+00	102	\N	\N	\N	\N	\N	\N
24064	Task	3089	3089	performerId	\N	\N	\N	102	\N	\N	\N	\N	update	2019-06-11 18:29:11.182+00	102	\N	\N	\N	\N	\N	\N
24065	Task	3088	3088	performerId	\N	\N	\N	239	\N	\N	\N	\N	update	2019-06-11 18:29:16.075+00	102	\N	\N	\N	\N	\N	\N
24066	Task	3087	3087	performerId	\N	\N	\N	239	\N	\N	\N	\N	update	2019-06-11 18:29:28.99+00	102	\N	\N	\N	\N	\N	\N
24067	Task	3085	3085	performerId	\N	\N	\N	102	\N	\N	\N	\N	update	2019-06-11 18:29:34.323+00	102	\N	\N	\N	\N	\N	\N
24068	Task	3091	3091	\N	\N	\N	\N	\N	\N	\N	\N	\N	create	2019-06-11 18:30:06.445+00	102	\N	\N	\N	\N	\N	\N
24069	Task	3090	3090	statusId	\N	\N	1	3	\N	\N	\N	\N	update	2019-06-12 17:51:42.204+00	1	\N	\N	\N	\N	\N	\N
24070	Task	3090	3090	statusId	\N	\N	3	2	\N	\N	\N	\N	update	2019-06-12 17:52:10.877+00	1	\N	\N	\N	\N	\N	\N
24071	Task	3090	3090	statusId	\N	\N	2	3	\N	\N	\N	\N	update	2019-06-12 19:25:42.721+00	1	\N	\N	\N	\N	\N	\N
24072	Task	3092	3092	\N	\N	\N	\N	\N	\N	\N	\N	\N	create	2019-06-12 19:32:00.421+00	1	\N	\N	\N	\N	\N	\N
24073	Task	3084	3084	statusId	\N	\N	1	3	\N	\N	\N	\N	update	2019-06-13 08:00:07.643+00	239	\N	\N	\N	\N	\N	\N
24074	Task	3093	3093	\N	\N	\N	\N	\N	\N	\N	\N	\N	create	2019-06-13 08:25:02.251+00	102	\N	\N	\N	\N	\N	\N
24075	TaskAttachment	1714	3093	\N	\N	\N	\N	\N	\N	\N	\N	\N	create	2019-06-13 08:25:37.115+00	102	\N	\N	\N	\N	\N	\N
24076	Task	3093	3093	performerId	\N	\N	\N	266	\N	\N	\N	\N	update	2019-06-13 08:25:49.421+00	102	\N	\N	\N	\N	\N	\N
24077	Task	3094	3094	\N	\N	\N	\N	\N	\N	\N	\N	\N	create	2019-06-13 08:30:18.946+00	102	\N	\N	\N	\N	\N	\N
24078	Task	3095	3095	\N	\N	\N	\N	\N	\N	\N	\N	\N	create	2019-06-13 08:34:45.452+00	102	\N	\N	\N	\N	\N	\N
24079	Task	3095	3095	performerId	\N	\N	\N	1	\N	\N	\N	\N	update	2019-06-13 08:35:10.443+00	102	\N	\N	\N	\N	\N	\N
24080	Task	3096	3096	\N	\N	\N	\N	\N	\N	\N	\N	\N	create	2019-06-13 08:35:57.781+00	102	\N	\N	\N	\N	\N	\N
24081	Task	3097	3097	\N	\N	\N	\N	\N	\N	\N	\N	\N	create	2019-06-13 08:56:31.717+00	102	\N	\N	\N	\N	\N	\N
24082	Task	3098	3098	\N	\N	\N	\N	\N	\N	\N	\N	\N	create	2019-06-13 08:57:28.376+00	102	\N	\N	\N	\N	\N	\N
24083	Task	3097	3097	statusId	\N	\N	1	3	\N	\N	\N	\N	update	2019-06-13 08:59:30.876+00	239	\N	\N	\N	\N	\N	\N
24084	Task	3095	3095	statusId	\N	\N	1	8	\N	\N	\N	\N	update	2019-06-13 09:21:09.788+00	1	\N	\N	\N	\N	\N	\N
24085	Task	3095	3095	statusId	\N	\N	8	10	\N	\N	\N	\N	update	2019-06-13 09:21:11.637+00	1	\N	\N	\N	\N	\N	\N
24086	Task	3095	3095	statusId	\N	\N	10	1	\N	\N	\N	\N	update	2019-06-13 09:21:18.546+00	1	\N	\N	\N	\N	\N	\N
24087	Task	3095	3095	statusId	\N	\N	1	8	\N	\N	\N	\N	update	2019-06-13 09:21:20.421+00	1	\N	\N	\N	\N	\N	\N
24088	Task	3099	3099	\N	\N	\N	\N	\N	\N	\N	\N	\N	create	2019-06-13 09:33:38.396+00	1	\N	\N	\N	\N	\N	\N
24089	Task	3097	3097	statusId	\N	\N	3	7	\N	\N	\N	\N	update	2019-06-13 09:42:00.704+00	239	\N	\N	\N	\N	\N	\N
24090	Task	3097	3097	performerId	\N	\N	239	\N	\N	\N	\N	\N	update	2019-06-13 09:42:00.704+00	239	\N	\N	\N	\N	\N	\N
24091	Task	3097	3097	performerId	\N	\N	\N	239	\N	\N	\N	\N	update	2019-06-13 09:42:14.319+00	239	\N	\N	\N	\N	\N	\N
24092	Task	3096	3096	statusId	\N	\N	1	3	\N	\N	\N	\N	update	2019-06-13 09:44:03.704+00	239	\N	\N	\N	\N	\N	\N
24093	Task	3100	3100	\N	\N	\N	\N	\N	\N	\N	\N	\N	create	2019-06-13 09:47:43.406+00	102	\N	\N	\N	\N	\N	\N
24094	Task	3100	3095	\N	\N	\N	\N	\N	\N	\N	\N	\N	create	2019-06-13 09:47:43.406+00	102	\N	\N	\N	\N	\N	\N
24095	Task	3101	3101	\N	\N	\N	\N	\N	\N	\N	\N	\N	create	2019-06-13 09:49:28.85+00	102	\N	\N	\N	\N	\N	\N
24096	Task	3096	3096	statusId	\N	\N	3	7	\N	\N	\N	\N	update	2019-06-13 09:50:39.011+00	239	\N	\N	\N	\N	\N	\N
24097	Task	3101	3101	statusId	\N	\N	1	3	\N	\N	\N	\N	update	2019-06-13 09:56:44.453+00	266	\N	\N	\N	\N	\N	\N
24098	Task	3101	3101	performerId	\N	\N	266	\N	\N	\N	\N	\N	update	2019-06-13 09:56:44.453+00	266	\N	\N	\N	\N	\N	\N
24099	Task	3101	3101	performerId	\N	\N	\N	266	\N	\N	\N	\N	update	2019-06-13 09:56:56.569+00	266	\N	\N	\N	\N	\N	\N
24100	Task	3101	3101	statusId	\N	\N	3	7	\N	\N	\N	\N	update	2019-06-13 09:58:30.18+00	266	\N	\N	\N	\N	\N	\N
24101	Task	3093	3093	statusId	\N	\N	1	3	\N	\N	\N	\N	update	2019-06-13 09:59:50.841+00	266	\N	\N	\N	\N	\N	\N
24102	Task	3101	3101	performerId	\N	\N	266	212	\N	\N	\N	\N	update	2019-06-13 10:00:25.58+00	266	\N	\N	\N	\N	\N	\N
24103	Task	3098	3098	statusId	\N	\N	1	3	\N	\N	\N	\N	update	2019-06-13 10:01:22.326+00	212	\N	\N	\N	\N	\N	\N
24104	Task	3084	3084	statusId	\N	\N	3	7	\N	\N	\N	\N	update	2019-06-13 10:07:50.741+00	239	\N	\N	\N	\N	\N	\N
24105	Task	3094	3094	statusId	\N	\N	1	3	\N	\N	\N	\N	update	2019-06-13 10:08:47.48+00	239	\N	\N	\N	\N	\N	\N
24106	Task	3102	3102	\N	\N	\N	\N	\N	\N	\N	\N	\N	create	2019-06-13 10:23:37.628+00	212	\N	\N	\N	\N	\N	\N
24107	TaskAttachment	1715	3102	\N	\N	\N	\N	\N	\N	\N	\N	\N	create	2019-06-13 10:26:14.783+00	212	\N	\N	\N	\N	\N	\N
24108	Task	3101	3101	statusId	\N	\N	7	8	\N	\N	\N	\N	update	2019-06-13 10:27:32.47+00	212	\N	\N	\N	\N	\N	\N
24109	Task	3103	3103	\N	\N	\N	\N	\N	\N	\N	\N	\N	create	2019-06-13 10:32:00.761+00	212	\N	\N	\N	\N	\N	\N
24110	Task	3102	3102	prioritiesId	\N	\N	5	1	\N	\N	\N	\N	update	2019-06-13 10:32:12.743+00	212	\N	\N	\N	\N	\N	\N
24111	Task	3102	3102	statusId	\N	\N	1	10	\N	\N	\N	\N	update	2019-06-13 10:32:23.35+00	212	\N	\N	\N	\N	\N	\N
24112	Task	3102	3102	statusId	\N	\N	10	1	\N	\N	\N	\N	update	2019-06-13 10:33:34.413+00	212	\N	\N	\N	\N	\N	\N
24113	TaskAttachment	1716	3103	\N	\N	\N	\N	\N	\N	\N	\N	\N	create	2019-06-13 10:44:27.335+00	212	\N	\N	\N	\N	\N	\N
24114	TaskAttachment	1717	3103	\N	\N	\N	\N	\N	\N	\N	\N	\N	create	2019-06-13 10:44:27.343+00	212	\N	\N	\N	\N	\N	\N
24115	Task	3104	3104	\N	\N	\N	\N	\N	\N	\N	\N	\N	create	2019-06-13 10:48:31.094+00	212	\N	\N	\N	\N	\N	\N
24116	Task	3094	3094	statusId	\N	\N	3	7	\N	\N	\N	\N	update	2019-06-13 11:00:54.126+00	239	\N	\N	\N	\N	\N	\N
24117	Task	3100	3100	statusId	\N	\N	1	3	\N	\N	\N	\N	update	2019-06-13 11:11:27.059+00	239	\N	\N	\N	\N	\N	\N
24118	Task	3103	3103	statusId	\N	\N	1	3	\N	\N	\N	\N	update	2019-06-13 11:22:30.03+00	239	\N	\N	\N	\N	\N	\N
24119	Task	3103	3103	performerId	\N	\N	\N	239	\N	\N	\N	\N	update	2019-06-13 11:22:30.03+00	239	\N	\N	\N	\N	\N	\N
24120	Task	3102	3102	statusId	\N	\N	1	3	\N	\N	\N	\N	update	2019-06-13 11:23:11.739+00	239	\N	\N	\N	\N	\N	\N
24121	Task	3102	3102	performerId	\N	\N	212	239	\N	\N	\N	\N	update	2019-06-13 11:23:11.739+00	239	\N	\N	\N	\N	\N	\N
24122	Task	3105	3105	\N	\N	\N	\N	\N	\N	\N	\N	\N	create	2019-06-13 11:56:58.449+00	186	\N	\N	\N	\N	\N	\N
24123	Task	3105	3105	statusId	\N	\N	1	7	\N	\N	\N	\N	update	2019-06-13 11:57:04.452+00	186	\N	\N	\N	\N	\N	\N
24124	Task	3106	3106	\N	\N	\N	\N	\N	\N	\N	\N	\N	create	2019-06-13 11:58:01.552+00	186	\N	\N	\N	\N	\N	\N
24125	Task	3107	3107	\N	\N	\N	\N	\N	\N	\N	\N	\N	create	2019-06-13 11:58:28.434+00	186	\N	\N	\N	\N	\N	\N
24126	Task	3107	3107	statusId	\N	\N	1	3	\N	\N	\N	\N	update	2019-06-13 11:58:33.133+00	186	\N	\N	\N	\N	\N	\N
24127	Task	3108	3108	\N	\N	\N	\N	\N	\N	\N	\N	\N	create	2019-06-13 11:59:02.974+00	186	\N	\N	\N	\N	\N	\N
24128	Task	3108	3108	statusId	\N	\N	1	3	\N	\N	\N	\N	update	2019-06-13 11:59:06.448+00	186	\N	\N	\N	\N	\N	\N
24129	Task	3108	3108	statusId	\N	\N	3	9	\N	\N	\N	\N	update	2019-06-13 11:59:42.271+00	186	\N	\N	\N	\N	\N	\N
24130	Task	3099	3099	statusId	\N	\N	1	3	\N	\N	\N	\N	update	2019-06-13 11:59:54.403+00	186	\N	\N	\N	\N	\N	\N
24131	Task	3099	3099	performerId	\N	\N	\N	186	\N	\N	\N	\N	update	2019-06-13 11:59:54.403+00	186	\N	\N	\N	\N	\N	\N
24132	Task	3102	3102	statusId	\N	\N	3	7	\N	\N	\N	\N	update	2019-06-13 12:08:32.385+00	239	\N	\N	\N	\N	\N	\N
24133	Task	3102	3102	performerId	\N	\N	239	212	\N	\N	\N	\N	update	2019-06-13 12:08:32.385+00	239	\N	\N	\N	\N	\N	\N
24134	Task	3102	3102	statusId	\N	\N	7	3	\N	\N	\N	\N	update	2019-06-13 12:08:42.159+00	239	\N	\N	\N	\N	\N	\N
24135	Task	3102	3102	performerId	\N	\N	212	239	\N	\N	\N	\N	update	2019-06-13 12:08:42.159+00	239	\N	\N	\N	\N	\N	\N
24136	Task	3102	3102	statusId	\N	\N	3	7	\N	\N	\N	\N	update	2019-06-13 12:08:54.576+00	239	\N	\N	\N	\N	\N	\N
24137	Task	3102	3102	performerId	\N	\N	239	212	\N	\N	\N	\N	update	2019-06-13 12:08:54.576+00	239	\N	\N	\N	\N	\N	\N
24138	Task	3103	3103	statusId	\N	\N	3	7	\N	\N	\N	\N	update	2019-06-13 12:09:20.665+00	239	\N	\N	\N	\N	\N	\N
24139	Task	3103	3103	performerId	\N	\N	239	212	\N	\N	\N	\N	update	2019-06-13 12:09:20.665+00	239	\N	\N	\N	\N	\N	\N
24140	Task	3096	3096	performerId	\N	\N	239	212	\N	\N	\N	\N	update	2019-06-13 12:19:10.059+00	239	\N	\N	\N	\N	\N	\N
24141	Task	3094	3094	performerId	\N	\N	239	212	\N	\N	\N	\N	update	2019-06-13 12:19:20.183+00	239	\N	\N	\N	\N	\N	\N
24142	Task	3084	3084	performerId	\N	\N	239	212	\N	\N	\N	\N	update	2019-06-13 12:21:29.658+00	239	\N	\N	\N	\N	\N	\N
24143	Task	3097	3097	performerId	\N	\N	239	212	\N	\N	\N	\N	update	2019-06-13 12:21:38.659+00	239	\N	\N	\N	\N	\N	\N
24144	Task	3109	3109	\N	\N	\N	\N	\N	\N	\N	\N	\N	create	2019-06-13 12:22:22.546+00	266	\N	\N	\N	\N	\N	\N
24145	TaskAttachment	1718	3109	\N	\N	\N	\N	\N	\N	\N	\N	\N	create	2019-06-13 12:24:15.997+00	266	\N	\N	\N	\N	\N	\N
24146	Task	3103	3103	statusId	\N	\N	7	8	\N	\N	\N	\N	update	2019-06-13 12:26:13.881+00	212	\N	\N	\N	\N	\N	\N
24147	Task	3110	3110	\N	\N	\N	\N	\N	\N	\N	\N	\N	create	2019-06-13 12:27:43.259+00	266	\N	\N	\N	\N	\N	\N
24148	Task	3102	3102	statusId	\N	\N	7	8	\N	\N	\N	\N	update	2019-06-13 12:30:13.849+00	212	\N	\N	\N	\N	\N	\N
24149	Task	3096	3096	statusId	\N	\N	7	8	\N	\N	\N	\N	update	2019-06-13 12:31:38.568+00	212	\N	\N	\N	\N	\N	\N
24150	Task	3110	3110	name	    	      4 	\N	\N	\N	\N	\N	\N	update	2019-06-13 12:53:01.606+00	266	\N	\N	\N	\N	\N	\N
24151	Task	3097	3097	statusId	\N	\N	7	8	\N	\N	\N	\N	update	2019-06-13 13:30:25.429+00	212	\N	\N	\N	\N	\N	\N
24152	Task	3084	3084	statusId	\N	\N	7	8	\N	\N	\N	\N	update	2019-06-13 13:40:55.936+00	212	\N	\N	\N	\N	\N	\N
24153	Task	3094	3094	statusId	\N	\N	7	8	\N	\N	\N	\N	update	2019-06-13 13:43:11.027+00	212	\N	\N	\N	\N	\N	\N
24154	Task	3104	3104	statusId	\N	\N	1	3	\N	\N	\N	\N	update	2019-06-13 14:08:10.35+00	239	\N	\N	\N	\N	\N	\N
24155	Task	3104	3104	performerId	\N	\N	\N	239	\N	\N	\N	\N	update	2019-06-13 14:08:10.35+00	239	\N	\N	\N	\N	\N	\N
24156	Task	3104	3104	statusId	\N	\N	3	7	\N	\N	\N	\N	update	2019-06-13 14:22:22.609+00	239	\N	\N	\N	\N	\N	\N
24157	Task	3104	3104	performerId	\N	\N	239	212	\N	\N	\N	\N	update	2019-06-13 14:22:22.609+00	239	\N	\N	\N	\N	\N	\N
24158	Task	3104	3104	statusId	\N	\N	7	8	\N	\N	\N	\N	update	2019-06-13 14:23:28.479+00	212	\N	\N	\N	\N	\N	\N
24159	Task	3098	3098	statusId	\N	\N	3	7	\N	\N	\N	\N	update	2019-06-13 14:23:44.337+00	212	\N	\N	\N	\N	\N	\N
24160	Task	3109	3109	statusId	\N	\N	1	3	\N	\N	\N	\N	update	2019-06-13 14:24:55.815+00	239	\N	\N	\N	\N	\N	\N
24161	Task	3111	3111	\N	\N	\N	\N	\N	\N	\N	\N	\N	create	2019-06-13 14:41:26.973+00	102	\N	\N	\N	\N	\N	\N
24162	Task	3110	3110	statusId	\N	\N	1	3	\N	\N	\N	\N	update	2019-06-13 14:42:48.551+00	239	\N	\N	\N	\N	\N	\N
24163	Task	3112	3112	\N	\N	\N	\N	\N	\N	\N	\N	\N	create	2019-06-13 14:55:34.557+00	102	\N	\N	\N	\N	\N	\N
24164	Task	3113	3113	\N	\N	\N	\N	\N	\N	\N	\N	\N	create	2019-06-13 14:59:21.033+00	102	\N	\N	\N	\N	\N	\N
24165	Task	3109	3109	statusId	\N	\N	3	7	\N	\N	\N	\N	update	2019-06-13 14:59:57.216+00	239	\N	\N	\N	\N	\N	\N
24166	Task	3109	3109	performerId	\N	\N	239	212	\N	\N	\N	\N	update	2019-06-13 14:59:57.216+00	239	\N	\N	\N	\N	\N	\N
24167	Task	3113	3113	description	\N	\N	\N	\N	\N	\N	\N	\N	update	2019-06-13 15:02:03.972+00	102	<p>:  </p>\n<p>: </p>\n<p>, 16    </p>\n<p><br></p>\n<p>:  ,   . -  / ,    2000$</p>\n<p><br></p>\n<p>  , &nbsp;   2 .</p>	<p><br></p>	\N	\N	\N	\N
24168	Task	3113	3113	description	\N	\N	\N	\N	\N	\N	\N	\N	update	2019-06-13 15:05:06.061+00	102	<p>:  </p>\n<p>: </p>\n<p>, 16    </p>\n<p><br></p>\n<p>:  ,   . -  / ,    2000$</p>\n<p><br></p>\n<p>  , &nbsp;   2 .</p>\n<p><br></p>\n<p>     :&nbsp;</p>\n<p>https://docs.google.com/document/d/1oREA7r4ylyQb2UUQu1ZILN78hLuYeMWcAE66n5wPvqQ/edit</p>\n<p><br></p>\n<p>UCP( ): https://docs.google.com/document/d/17--2hcp7nKtp1oi90jkIXc-IsvuNgUU6UD1MNfIk1cM/edit</p>\n<p>&nbsp;</p>	<p>:  </p>\n<p>: </p>\n<p>, 16    </p>\n<p><br></p>\n<p>:  ,   . -  / ,    2000$</p>\n<p><br></p>\n<p>  , &nbsp;   2 .</p>	\N	\N	\N	\N
24169	TaskAttachment	1719	3113	\N	\N	\N	\N	\N	\N	\N	\N	\N	create	2019-06-13 15:05:22.509+00	102	\N	\N	\N	\N	\N	\N
24170	Task	3113	3113	statusId	\N	\N	1	3	\N	\N	\N	\N	update	2019-06-13 15:06:03.756+00	102	\N	\N	\N	\N	\N	\N
24171	Task	3113	3113	performerId	\N	\N	\N	102	\N	\N	\N	\N	update	2019-06-13 15:06:03.756+00	102	\N	\N	\N	\N	\N	\N
24172	Task	3114	3114	\N	\N	\N	\N	\N	\N	\N	\N	\N	create	2019-06-13 15:07:03.311+00	102	\N	\N	\N	\N	\N	\N
24173	Task	3114	3114	statusId	\N	\N	1	3	\N	\N	\N	\N	update	2019-06-13 15:09:44.641+00	102	\N	\N	\N	\N	\N	\N
24174	Task	3113	3113	statusId	\N	\N	3	5	\N	\N	\N	\N	update	2019-06-13 15:09:56.774+00	102	\N	\N	\N	\N	\N	\N
24175	Task	3115	3115	\N	\N	\N	\N	\N	\N	\N	\N	\N	create	2019-06-13 15:10:16.764+00	102	\N	\N	\N	\N	\N	\N
24176	TaskAttachment	1720	3115	\N	\N	\N	\N	\N	\N	\N	\N	\N	create	2019-06-13 15:10:49.85+00	102	\N	\N	\N	\N	\N	\N
24177	TaskAttachment	1721	3115	\N	\N	\N	\N	\N	\N	\N	\N	\N	create	2019-06-13 15:10:55.762+00	102	\N	\N	\N	\N	\N	\N
24178	Task	3115	3115	description	\N	\N	\N	\N	\N	\N	\N	\N	update	2019-06-13 15:12:44.229+00	102	<p>: </p>\n<p><br></p>\n<p>: https://docs.google.com/document/d/1NeY0C2zHByAlCXuXE5S7uei_dbQ3O_Sy8tGhoDQN3Jc/edit</p>\n<p>: https://docs.google.com/document/d/10iawmR0vP6ycTFUkw_VWHEFQ7Z7kX6B6-Tqve4s10Ow/edit</p>\n<p>: https://docs.google.com/spreadsheets/d/1mSs74MB4datr2i-MjTyXZSuGBb6yiyAU0En6npE9ECY/edit#gid=902801002</p>\n<p><br></p>	<p><br></p>	\N	\N	\N	\N
24179	Task	3115	3115	statusId	\N	\N	1	8	\N	\N	\N	\N	update	2019-06-13 15:15:13.494+00	102	\N	\N	\N	\N	\N	\N
24180	TaskAttachment	1722	3083	\N	\N	\N	\N	\N	\N	\N	\N	\N	create	2019-06-13 21:51:42.561+00	183	\N	\N	\N	\N	\N	\N
24181	TaskAttachment	1722	3083	deleted_at	\N	\N	\N	\N	\N	2019-06-13 21:55:54.406+00	\N	\N	update	2019-06-13 21:55:54.427+00	183	\N	\N	\N	\N	\N	\N
24182	Task	3116	3116	\N	\N	\N	\N	\N	\N	\N	\N	\N	create	2019-06-13 21:56:21.675+00	183	\N	\N	\N	\N	\N	\N
24183	TaskAttachment	1723	3116	\N	\N	\N	\N	\N	\N	\N	\N	\N	create	2019-06-13 21:58:33.932+00	183	\N	\N	\N	\N	\N	\N
24184	Task	3116	3116	statusId	\N	\N	1	8	\N	\N	\N	\N	update	2019-06-13 21:59:16.865+00	183	\N	\N	\N	\N	\N	\N
24185	TaskTask	352	3083	\N	\N	\N	\N	\N	\N	\N	\N	\N	create	2019-06-13 22:00:23.47+00	183	\N	\N	\N	\N	\N	\N
24186	TaskTask	353	3106	\N	\N	\N	\N	\N	\N	\N	\N	\N	create	2019-06-13 22:00:23.475+00	183	\N	\N	\N	\N	\N	\N
24187	Task	3117	3117	\N	\N	\N	\N	\N	\N	\N	\N	\N	create	2019-06-14 06:48:17.704+00	102	\N	\N	\N	\N	\N	\N
24188	Task	3117	3117	statusId	\N	\N	1	3	\N	\N	\N	\N	update	2019-06-14 06:50:50.826+00	102	\N	\N	\N	\N	\N	\N
24189	Task	3117	3117	performerId	\N	\N	\N	102	\N	\N	\N	\N	update	2019-06-14 06:50:50.826+00	102	\N	\N	\N	\N	\N	\N
24190	Task	3118	3118	\N	\N	\N	\N	\N	\N	\N	\N	\N	create	2019-06-14 06:51:30.452+00	102	\N	\N	\N	\N	\N	\N
24191	Task	3118	3118	performerId	\N	\N	\N	102	\N	\N	\N	\N	update	2019-06-14 06:51:36.52+00	102	\N	\N	\N	\N	\N	\N
24192	Task	3109	3109	statusId	\N	\N	7	8	\N	\N	\N	\N	update	2019-06-14 07:26:48.845+00	212	\N	\N	\N	\N	\N	\N
24193	Task	3111	3111	statusId	\N	\N	1	7	\N	\N	\N	\N	update	2019-06-14 08:00:26.958+00	239	\N	\N	\N	\N	\N	\N
24194	Task	3111	3111	performerId	\N	\N	239	212	\N	\N	\N	\N	update	2019-06-14 08:00:26.958+00	239	\N	\N	\N	\N	\N	\N
24195	Task	3111	3111	statusId	\N	\N	7	8	\N	\N	\N	\N	update	2019-06-14 08:02:24.142+00	212	\N	\N	\N	\N	\N	\N
24196	Task	3110	3110	statusId	\N	\N	3	7	\N	\N	\N	\N	update	2019-06-14 08:03:33.196+00	239	\N	\N	\N	\N	\N	\N
24197	Task	3110	3110	performerId	\N	\N	239	212	\N	\N	\N	\N	update	2019-06-14 08:03:33.196+00	239	\N	\N	\N	\N	\N	\N
24198	Task	3112	3112	statusId	\N	\N	1	7	\N	\N	\N	\N	update	2019-06-14 08:05:56.077+00	239	\N	\N	\N	\N	\N	\N
24199	Task	3112	3112	performerId	\N	\N	239	212	\N	\N	\N	\N	update	2019-06-14 08:06:09.731+00	239	\N	\N	\N	\N	\N	\N
24200	Task	3100	3100	statusId	\N	\N	3	7	\N	\N	\N	\N	update	2019-06-14 08:08:14.677+00	239	\N	\N	\N	\N	\N	\N
24201	Task	3100	3100	performerId	\N	\N	239	212	\N	\N	\N	\N	update	2019-06-14 08:08:14.677+00	239	\N	\N	\N	\N	\N	\N
24202	Task	3112	3112	statusId	\N	\N	7	8	\N	\N	\N	\N	update	2019-06-14 08:08:25.56+00	212	\N	\N	\N	\N	\N	\N
24203	Task	3119	3119	\N	\N	\N	\N	\N	\N	\N	\N	\N	create	2019-06-14 08:13:32.381+00	212	\N	\N	\N	\N	\N	\N
24204	TaskAttachment	1724	3119	\N	\N	\N	\N	\N	\N	\N	\N	\N	create	2019-06-14 08:13:42.297+00	212	\N	\N	\N	\N	\N	\N
24205	Task	3110	3110	statusId	\N	\N	7	8	\N	\N	\N	\N	update	2019-06-14 08:16:35.251+00	212	\N	\N	\N	\N	\N	\N
24206	Task	3120	3120	\N	\N	\N	\N	\N	\N	\N	\N	\N	create	2019-06-14 08:50:12.398+00	212	\N	\N	\N	\N	\N	\N
24207	TaskAttachment	1725	3120	\N	\N	\N	\N	\N	\N	\N	\N	\N	create	2019-06-14 08:50:22.3+00	212	\N	\N	\N	\N	\N	\N
24208	Task	3121	3121	\N	\N	\N	\N	\N	\N	\N	\N	\N	create	2019-06-14 08:57:47.666+00	102	\N	\N	\N	\N	\N	\N
24209	Task	3121	3121	description	\N	\N	\N	\N	\N	\N	\N	\N	update	2019-06-14 09:03:49.934+00	102	<p>1.     </p>\n<p>2.      ,      </p>\n<p>3.     -  :</p>\n<p><br></p>\n<p>  100%       </p>\n<p><br></p>\n<p>    ,  </p>\n<p><br></p>\n<p>  </p>\n<p><br></p>\n<p>4.        </p>\n<p><br></p>\n<p>5.   ,      ,   </p>\n<p><br></p>\n<p>6.    email      </p>\n<p><br></p>	<p>1.     </p>\n<p>2.      ,      </p>\n<p>3.     -  :</p>\n<p><br></p>\n<p>  100%       </p>\n<p><br></p>\n<p>    ,  </p>\n<p><br></p>\n<p>  </p>\n<p><br></p>\n<p>4.        </p>\n<p><br></p>\n<p>5.   ,      </p>\n<p><br></p>	\N	\N	\N	\N
24210	Task	3121	3121	description	\N	\N	\N	\N	\N	\N	\N	\N	update	2019-06-14 09:04:21.474+00	102	<p>1.     </p>\n<p>2.      ,      </p>\n<p>3.     -  :</p>\n<p><br></p>\n<p>  100%       </p>\n<p><br></p>\n<p>    ,  </p>\n<p><br></p>\n<p>  </p>\n<p><br></p>\n<p>4.        </p>\n<p><br></p>\n<p>5.   ,      ,   </p>\n<p><br></p>\n<p>7. http://joxi.ru/VrwLZVLi7544Pm     ,     </p>\n<p><br></p>\n<p>6.    email      </p>\n<p><br></p>	<p>1.     </p>\n<p>2.      ,      </p>\n<p>3.     -  :</p>\n<p><br></p>\n<p>  100%       </p>\n<p><br></p>\n<p>    ,  </p>\n<p><br></p>\n<p>  </p>\n<p><br></p>\n<p>4.        </p>\n<p><br></p>\n<p>5.   ,      ,   </p>\n<p><br></p>\n<p>6.    email      </p>\n<p><br></p>	\N	\N	\N	\N
24211	Task	3121	3121	description	\N	\N	\N	\N	\N	\N	\N	\N	update	2019-06-14 09:04:32.715+00	102	<p>1.     </p>\n<p>2.      ,      </p>\n<p>3.     -  :</p>\n<p><br></p>\n<p>  100%       </p>\n<p><br></p>\n<p>    ,  </p>\n<p><br></p>\n<p>  </p>\n<p><br></p>\n<p>4.        </p>\n<p><br></p>\n<p>5. http://joxi.ru/VrwLZVLi7544Pm     ,     </p>\n<p><br></p>\n<p>6.    email      </p>\n<p><br></p>	<p>1.     </p>\n<p>2.      ,      </p>\n<p>3.     -  :</p>\n<p><br></p>\n<p>  100%       </p>\n<p><br></p>\n<p>    ,  </p>\n<p><br></p>\n<p>  </p>\n<p><br></p>\n<p>4.        </p>\n<p><br></p>\n<p>5.   ,      ,   </p>\n<p><br></p>\n<p>7. http://joxi.ru/VrwLZVLi7544Pm     ,     </p>\n<p><br></p>\n<p>6.    email      </p>\n<p><br></p>	\N	\N	\N	\N
24212	Task	3121	3121	statusId	\N	\N	1	3	\N	\N	\N	\N	update	2019-06-14 09:14:00.535+00	239	\N	\N	\N	\N	\N	\N
24213	Task	3122	3122	\N	\N	\N	\N	\N	\N	\N	\N	\N	create	2019-06-14 10:25:58.294+00	102	\N	\N	\N	\N	\N	\N
24214	Task	3119	3119	statusId	\N	\N	1	7	\N	\N	\N	\N	update	2019-06-14 10:27:17.204+00	239	\N	\N	\N	\N	\N	\N
24215	Task	3123	3123	\N	\N	\N	\N	\N	\N	\N	\N	\N	create	2019-06-14 10:32:45.141+00	102	\N	\N	\N	\N	\N	\N
24333	Task	3140	3140	performerId	\N	\N	239	\N	\N	\N	\N	\N	update	2019-06-15 07:37:54.956+00	239	\N	\N	\N	\N	\N	\N
24335	Task	3120	3120	statusId	\N	\N	1	3	\N	\N	\N	\N	update	2019-06-15 20:43:25.575+00	239	\N	\N	\N	\N	\N	\N
24216	Task	3123	3123	description	\N	\N	\N	\N	\N	\N	\N	\N	update	2019-06-14 10:33:00.089+00	102	<p>1.   http://docker.nordclan:8000/mvp/    </p>\n<p>2.     "    MVP"</p>\n<p> http://docker.nordclan:8000/development/</p>	<p>1.   http://docker.nordclan:8000/mvp/</p>\n<p>2.     "    MVP"</p>\n<p> http://docker.nordclan:8000/development/</p>	\N	\N	\N	\N
24217	Task	3123	3123	description	\N	\N	\N	\N	\N	\N	\N	\N	update	2019-06-14 10:33:13.388+00	102	<p>1.   http://docker.nordclan:8000/mvp/    </p>\n<p>2.     "    MVP"</p>\n<p> http://docker.nordclan:8000/development/</p>\n<p> </p>	<p>1.   http://docker.nordclan:8000/mvp/    </p>\n<p>2.     "    MVP"</p>\n<p> http://docker.nordclan:8000/development/</p>	\N	\N	\N	\N
24218	Task	3124	3124	\N	\N	\N	\N	\N	\N	\N	\N	\N	create	2019-06-14 10:40:26.16+00	102	\N	\N	\N	\N	\N	\N
24219	Task	3123	3123	statusId	\N	\N	1	3	\N	\N	\N	\N	update	2019-06-14 10:42:52.2+00	266	\N	\N	\N	\N	\N	\N
24220	Task	3123	3123	statusId	\N	\N	3	7	\N	\N	\N	\N	update	2019-06-14 10:43:12.807+00	266	\N	\N	\N	\N	\N	\N
24221	Task	3123	3123	performerId	\N	\N	266	212	\N	\N	\N	\N	update	2019-06-14 10:43:24.248+00	266	\N	\N	\N	\N	\N	\N
24222	Task	3124	3124	prioritiesId	\N	\N	3	2	\N	\N	\N	\N	update	2019-06-14 10:43:47.721+00	102	\N	\N	\N	\N	\N	\N
24223	Task	3113	3113	name	Rates.net	. Rates.net	\N	\N	\N	\N	\N	\N	update	2019-06-14 10:57:38.398+00	102	\N	\N	\N	\N	\N	\N
24224	Task	3115	3115	name	PSP 	. PSP 	\N	\N	\N	\N	\N	\N	update	2019-06-14 10:57:47.998+00	102	\N	\N	\N	\N	\N	\N
24225	Task	3115	3115	name	. PSP 	. PSP  - 	\N	\N	\N	\N	\N	\N	update	2019-06-14 10:57:55.055+00	102	\N	\N	\N	\N	\N	\N
24226	Task	3117	3117	name	SkyEng	. SkyEng	\N	\N	\N	\N	\N	\N	update	2019-06-14 10:58:09.379+00	102	\N	\N	\N	\N	\N	\N
24227	Task	3114	3114	name	 	.  	\N	\N	\N	\N	\N	\N	update	2019-06-14 10:58:25.362+00	102	\N	\N	\N	\N	\N	\N
24228	Task	3118	3118	name	DiaSoft	. DiaSoft	\N	\N	\N	\N	\N	\N	update	2019-06-14 10:58:36.786+00	102	\N	\N	\N	\N	\N	\N
24229	Task	3118	3118	description	\N	\N	\N	\N	\N	\N	\N	\N	update	2019-06-14 10:59:53.281+00	102	<p>https://www.diasoft.ru/</p>\n<p><br></p>\n<p>   , mvp.       </p>	<p>https://www.diasoft.ru/</p>	\N	\N	\N	\N
24230	Task	3118	3118	statusId	\N	\N	1	3	\N	\N	\N	\N	update	2019-06-14 11:00:07.164+00	102	\N	\N	\N	\N	\N	\N
24231	Task	3123	3123	statusId	\N	\N	7	8	\N	\N	\N	\N	update	2019-06-14 11:05:03.344+00	212	\N	\N	\N	\N	\N	\N
24232	Task	3119	3119	statusId	\N	\N	7	8	\N	\N	\N	\N	update	2019-06-14 11:28:19.699+00	212	\N	\N	\N	\N	\N	\N
24233	Task	3122	3122	statusId	\N	\N	1	7	\N	\N	\N	\N	update	2019-06-14 11:40:25.884+00	239	\N	\N	\N	\N	\N	\N
24234	Task	3122	3122	performerId	\N	\N	239	212	\N	\N	\N	\N	update	2019-06-14 11:40:25.884+00	239	\N	\N	\N	\N	\N	\N
24235	Task	3122	3122	statusId	\N	\N	7	8	\N	\N	\N	\N	update	2019-06-14 11:41:36.797+00	212	\N	\N	\N	\N	\N	\N
24236	Task	3100	3100	statusId	\N	\N	7	8	\N	\N	\N	\N	update	2019-06-14 11:51:27.681+00	212	\N	\N	\N	\N	\N	\N
24237	Task	3125	3125	\N	\N	\N	\N	\N	\N	\N	\N	\N	create	2019-06-14 12:51:50.744+00	102	\N	\N	\N	\N	\N	\N
24238	Task	3125	3125	description	\N	\N	\N	\N	\N	\N	\N	\N	update	2019-06-14 12:58:06.493+00	102	<p>1.  </p>\n<p> . http://joxi.ru/5mdxedxt3KqoJm</p>\n<p> " ,  "     </p>\n<p><br></p>\n<p>2. http://joxi.ru/bmoGjxGS3jOg7m</p>\n<p>   </p>\n<p><br></p>\n<p>3.&nbsp;</p>\n<p><br></p>	<p>1.  </p>\n<p> . http://joxi.ru/5mdxedxt3KqoJm</p>\n<p> " ,  "     </p>\n<p><br></p>	\N	\N	\N	\N
24239	Task	3126	3126	\N	\N	\N	\N	\N	\N	\N	\N	\N	create	2019-06-14 12:59:36.871+00	102	\N	\N	\N	\N	\N	\N
24240	Task	3127	3127	\N	\N	\N	\N	\N	\N	\N	\N	\N	create	2019-06-14 12:59:51.561+00	102	\N	\N	\N	\N	\N	\N
24241	Task	3128	3128	\N	\N	\N	\N	\N	\N	\N	\N	\N	create	2019-06-14 13:01:06.032+00	102	\N	\N	\N	\N	\N	\N
24242	Task	3125	3125	description	\N	\N	\N	\N	\N	\N	\N	\N	update	2019-06-14 13:02:12.653+00	102	<p>1.  </p>\n<p> . http://joxi.ru/5mdxedxt3KqoJm</p>\n<p> " ,  "     </p>\n<p><br></p>\n<p>2. http://joxi.ru/bmoGjxGS3jOg7m</p>\n<p>   </p>\n<p><br></p>\n<p>3.&nbsp;  :</p>\n<p>-     </p>\n<p>-    ,   </p>\n<p>-       ()</p>\n<p><br></p>\n<p><br></p>	<p>1.  </p>\n<p> . http://joxi.ru/5mdxedxt3KqoJm</p>\n<p> " ,  "     </p>\n<p><br></p>\n<p>2. http://joxi.ru/bmoGjxGS3jOg7m</p>\n<p>   </p>\n<p><br></p>\n<p>3.&nbsp;</p>\n<p><br></p>	\N	\N	\N	\N
24243	Task	3129	3129	\N	\N	\N	\N	\N	\N	\N	\N	\N	create	2019-06-14 13:02:29.502+00	102	\N	\N	\N	\N	\N	\N
24244	Task	3129	3129	performerId	\N	\N	\N	266	\N	\N	\N	\N	update	2019-06-14 13:02:34.21+00	102	\N	\N	\N	\N	\N	\N
24245	Task	3129	3129	description	\N	\N	\N	\N	\N	\N	\N	\N	update	2019-06-14 13:04:13.72+00	102	<p>  .&nbsp;</p>\n<p>     bold - </p>\n<p>-   ,    &nbsp;win-win,        .</p>\n<p>-   ,    ,  ,    .</p>\n<p>-                 , ,    .</p>	<p><br></p>	\N	\N	\N	\N
24249	Task	3131	3131	\N	\N	\N	\N	\N	\N	\N	\N	\N	create	2019-06-14 13:08:01.513+00	102	\N	\N	\N	\N	\N	\N
24250	Task	3129	3129	statusId	\N	\N	1	7	\N	\N	\N	\N	update	2019-06-14 13:08:09.737+00	266	\N	\N	\N	\N	\N	\N
24251	Task	3129	3129	performerId	\N	\N	266	212	\N	\N	\N	\N	update	2019-06-14 13:08:09.737+00	266	\N	\N	\N	\N	\N	\N
24252	Task	3129	3129	statusId	\N	\N	7	3	\N	\N	\N	\N	update	2019-06-14 13:08:23.395+00	266	\N	\N	\N	\N	\N	\N
24253	Task	3129	3129	performerId	\N	\N	212	266	\N	\N	\N	\N	update	2019-06-14 13:08:23.395+00	266	\N	\N	\N	\N	\N	\N
24256	TaskAttachment	1726	3131	\N	\N	\N	\N	\N	\N	\N	\N	\N	create	2019-06-14 13:08:57.668+00	102	\N	\N	\N	\N	\N	\N
24258	Task	3132	3132	\N	\N	\N	\N	\N	\N	\N	\N	\N	create	2019-06-14 13:09:34.083+00	102	\N	\N	\N	\N	\N	\N
24260	Task	3134	3134	\N	\N	\N	\N	\N	\N	\N	\N	\N	create	2019-06-14 13:11:55.439+00	102	\N	\N	\N	\N	\N	\N
24261	Task	3131	3131	performerId	\N	\N	266	239	\N	\N	\N	\N	update	2019-06-14 13:12:47.652+00	266	\N	\N	\N	\N	\N	\N
24265	Task	3131	3131	statusId	\N	\N	2	3	\N	\N	\N	\N	update	2019-06-14 13:12:57.943+00	266	\N	\N	\N	\N	\N	\N
24266	Task	3131	3131	performerId	\N	\N	266	239	\N	\N	\N	\N	update	2019-06-14 13:13:08.25+00	266	\N	\N	\N	\N	\N	\N
24268	Task	3135	3135	\N	\N	\N	\N	\N	\N	\N	\N	\N	create	2019-06-14 13:15:13.9+00	102	\N	\N	\N	\N	\N	\N
24270	Task	3136	3136	\N	\N	\N	\N	\N	\N	\N	\N	\N	create	2019-06-14 13:16:42.994+00	102	\N	\N	\N	\N	\N	\N
24334	Task	3140	3140	performerId	\N	\N	\N	212	\N	\N	\N	\N	update	2019-06-15 07:38:01.416+00	239	\N	\N	\N	\N	\N	\N
24246	Task	3129	3129	description	\N	\N	\N	\N	\N	\N	\N	\N	update	2019-06-14 13:05:02.274+00	102	<p>  .&nbsp;</p>\n<p><br></p>\n<p><br></p>\n<p>   ? - ,  </p>\n<p><br></p>\n<p><br></p>\n<p>     bold - </p>\n<p>-   ,    &nbsp;win-win,        .</p>\n<p>-   ,    ,  ,    .</p>\n<p>-                 , ,    .</p>	<p>  .&nbsp;</p>\n<p>     bold - </p>\n<p>-   ,    &nbsp;win-win,        .</p>\n<p>-   ,    ,  ,    .</p>\n<p>-                 , ,    .</p>	\N	\N	\N	\N
24247	Task	3130	3130	\N	\N	\N	\N	\N	\N	\N	\N	\N	create	2019-06-14 13:05:33.99+00	102	\N	\N	\N	\N	\N	\N
24248	Task	3130	3130	description	\N	\N	\N	\N	\N	\N	\N	\N	update	2019-06-14 13:05:53.746+00	102	<p>http://docker.nordclan:8000/contacts/</p>\n<p>  </p>\n<p>"   , 95%      ,         -    !</p>\n<p>        .</p>\n<p>  ,    ."</p>\n<p><br></p>\n<p><br></p>\n<p><br></p>\n<p><br></p>\n<p><br></p>	<p>http://docker.nordclan:8000/contacts/</p>\n<p><br></p>\n<p>"   , 95%      ,         -    !</p>\n<p><br></p>\n<p>        .</p>\n<p><br></p>\n<p>  ,    ."</p>\n<p><br></p>\n<p><br></p>	\N	\N	\N	\N
24254	Task	3129	3129	statusId	\N	\N	3	7	\N	\N	\N	\N	update	2019-06-14 13:08:32.335+00	266	\N	\N	\N	\N	\N	\N
24255	Task	3129	3129	performerId	\N	\N	266	212	\N	\N	\N	\N	update	2019-06-14 13:08:38.385+00	266	\N	\N	\N	\N	\N	\N
24257	Task	3131	3131	description	\N	\N	\N	\N	\N	\N	\N	\N	update	2019-06-14 13:09:00.092+00	102	<p>http://docker.nordclan:8000/our-work/</p>\n<p>&nbsp;</p>\n<p>"  ,      :"   ( 6 )</p>\n<p> ,  .</p>\n<p>      http://joxi.ru/Vm6MV6Mt4X3Z1r</p>\n<p><br></p>\n<p>   </p>	<p>http://docker.nordclan:8000/our-work/</p>\n<p>&nbsp;</p>\n<p>"  ,      :"   ( 6 )</p>\n<p> ,  .</p>\n<p>      http://joxi.ru/Vm6MV6Mt4X3Z1r</p>	\N	\N	\N	\N
24259	Task	3133	3133	\N	\N	\N	\N	\N	\N	\N	\N	\N	create	2019-06-14 13:10:49.277+00	102	\N	\N	\N	\N	\N	\N
24262	Task	3131	3131	statusId	\N	\N	1	3	\N	\N	\N	\N	update	2019-06-14 13:12:54.552+00	266	\N	\N	\N	\N	\N	\N
24263	Task	3131	3131	performerId	\N	\N	239	266	\N	\N	\N	\N	update	2019-06-14 13:12:54.552+00	266	\N	\N	\N	\N	\N	\N
24264	Task	3131	3131	statusId	\N	\N	3	2	\N	\N	\N	\N	update	2019-06-14 13:12:56.681+00	266	\N	\N	\N	\N	\N	\N
24267	Task	3134	3134	description	\N	\N	\N	\N	\N	\N	\N	\N	update	2019-06-14 13:13:44.273+00	102	<p>     </p>\n<p>http://joxi.ru/E2p0Qz0t78vRX2</p>\n<p> </p>	<p>     </p>	\N	\N	\N	\N
24269	Task	3133	3133	performerId	\N	\N	266	239	\N	\N	\N	\N	update	2019-06-14 13:16:06.713+00	266	\N	\N	\N	\N	\N	\N
24271	Task	3136	3136	description	\N	\N	\N	\N	\N	\N	\N	\N	update	2019-06-14 13:23:00.642+00	102	<p>http://joxi.ru/zANNvdNTvV1pXA</p>\n<p>  -    .   5</p>\n<p><br></p>\n<p>http://joxi.ru/eAOJvLJU97vyb2</p>\n<p>  - .&nbsp;</p>\n<p>   - </p>	<p>http://joxi.ru/zANNvdNTvV1pXA</p>\n<p>  -    .   5</p>	\N	\N	\N	\N
24272	Task	3137	3137	\N	\N	\N	\N	\N	\N	\N	\N	\N	create	2019-06-14 13:23:20.033+00	102	\N	\N	\N	\N	\N	\N
24273	TaskAttachment	1727	3137	\N	\N	\N	\N	\N	\N	\N	\N	\N	create	2019-06-14 13:23:45.236+00	102	\N	\N	\N	\N	\N	\N
24277	Task	3131	3131	performerId	\N	\N	239	266	\N	\N	\N	\N	update	2019-06-14 13:25:50.23+00	266	\N	\N	\N	\N	\N	\N
24278	Task	3140	3140	\N	\N	\N	\N	\N	\N	\N	\N	\N	create	2019-06-14 13:28:04.755+00	102	\N	\N	\N	\N	\N	\N
24274	Task	3137	3137	description	\N	\N	\N	\N	\N	\N	\N	\N	update	2019-06-14 13:24:21.178+00	102	<p> http://docker.nordclan:8000/contacts/</p>\n<p>-     </p>	<p><br></p>	\N	\N	\N	\N
24275	Task	3138	3138	\N	\N	\N	\N	\N	\N	\N	\N	\N	create	2019-06-14 13:25:20.308+00	102	\N	\N	\N	\N	\N	\N
24276	Task	3139	3139	\N	\N	\N	\N	\N	\N	\N	\N	\N	create	2019-06-14 13:25:49.222+00	102	\N	\N	\N	\N	\N	\N
24279	Task	3140	3140	performerId	\N	\N	\N	239	\N	\N	\N	\N	update	2019-06-14 13:28:10.929+00	102	\N	\N	\N	\N	\N	\N
24280	Task	3128	3128	performerId	\N	\N	\N	239	\N	\N	\N	\N	update	2019-06-14 13:28:19.97+00	102	\N	\N	\N	\N	\N	\N
24281	Task	3127	3127	name	    	.     	\N	\N	\N	\N	\N	\N	update	2019-06-14 13:28:33.994+00	102	\N	\N	\N	\N	\N	\N
24282	Task	3125	3125	performerId	\N	\N	\N	266	\N	\N	\N	\N	update	2019-06-14 13:28:57.959+00	102	\N	\N	\N	\N	\N	\N
24283	Task	3136	3136	statusId	\N	\N	1	3	\N	\N	\N	\N	update	2019-06-14 13:29:06.225+00	266	\N	\N	\N	\N	\N	\N
24284	Task	3124	3124	prioritiesId	\N	\N	2	1	\N	\N	\N	\N	update	2019-06-14 13:33:39.373+00	102	\N	\N	\N	\N	\N	\N
24285	Task	3134	3134	prioritiesId	\N	\N	3	2	\N	\N	\N	\N	update	2019-06-14 13:33:49.123+00	102	\N	\N	\N	\N	\N	\N
24286	Task	3120	3120	prioritiesId	\N	\N	3	4	\N	\N	\N	\N	update	2019-06-14 13:34:05.397+00	102	\N	\N	\N	\N	\N	\N
24287	Task	3133	3133	performerId	\N	\N	239	266	\N	\N	\N	\N	update	2019-06-14 13:34:20.879+00	102	\N	\N	\N	\N	\N	\N
24288	Task	3132	3132	statusId	\N	\N	1	3	\N	\N	\N	\N	update	2019-06-14 13:34:26.803+00	266	\N	\N	\N	\N	\N	\N
24352	Task	3142	3142	performerId	\N	\N	\N	239	\N	\N	\N	\N	update	2019-06-16 08:24:54.709+00	212	\N	\N	\N	\N	\N	\N
24353	Task	3134	3134	statusId	\N	\N	7	8	\N	\N	\N	\N	update	2019-06-16 08:26:16.178+00	212	\N	\N	\N	\N	\N	\N
24354	Task	3143	3143	\N	\N	\N	\N	\N	\N	\N	\N	\N	create	2019-06-16 08:45:45.551+00	212	\N	\N	\N	\N	\N	\N
24355	TaskAttachment	1729	3143	\N	\N	\N	\N	\N	\N	\N	\N	\N	create	2019-06-16 08:45:56.231+00	212	\N	\N	\N	\N	\N	\N
24289	Task	3135	3135	description	\N	\N	\N	\N	\N	\N	\N	\N	update	2019-06-14 13:34:46.094+00	102	<p>     </p>\n<p>  &nbsp;&nbsp;</p>\n<p> </p>\n<p><br></p>\n<p>  NDVI (   ).</p>\n<p>    .</p>\n<p>     .</p>\n<p>     Canvas        .</p>\n<p>           .</p>\n<p>  OpenStreetMap, Java, Spring, React, Postgres.</p>	<p>     </p>\n<p>  &nbsp;&nbsp;</p>\n<p> </p>\n<p><br></p>\n<p>  NDVI (   ).</p>\n<p>    .</p>\n<p>     .</p>\n<p>     Canvas        .</p>\n<p>           .</p>\n<p>  OpenStreetMap, Java, Spring, React, Postgres.</p>	\N	\N	\N	\N
24290	Task	3135	3135	name	    	     	\N	\N	\N	\N	\N	\N	update	2019-06-14 13:35:19.008+00	102	\N	\N	\N	\N	\N	\N
24291	Task	3141	3141	\N	\N	\N	\N	\N	\N	\N	\N	\N	create	2019-06-14 13:35:53.966+00	102	\N	\N	\N	\N	\N	\N
24292	Task	3120	3120	performerId	\N	\N	212	239	\N	\N	\N	\N	update	2019-06-14 13:37:34.428+00	212	\N	\N	\N	\N	\N	\N
24293	Task	3128	3128	prioritiesId	\N	\N	3	2	\N	\N	\N	\N	update	2019-06-14 13:39:49.525+00	102	\N	\N	\N	\N	\N	\N
24294	Task	3140	3140	prioritiesId	\N	\N	3	2	\N	\N	\N	\N	update	2019-06-14 13:39:57.833+00	102	\N	\N	\N	\N	\N	\N
24295	Task	3137	3137	prioritiesId	\N	\N	3	2	\N	\N	\N	\N	update	2019-06-14 13:40:51.387+00	102	\N	\N	\N	\N	\N	\N
24296	Task	3138	3138	prioritiesId	\N	\N	3	2	\N	\N	\N	\N	update	2019-06-14 13:41:04.503+00	102	\N	\N	\N	\N	\N	\N
24297	Task	3137	3137	prioritiesId	\N	\N	2	4	\N	\N	\N	\N	update	2019-06-14 13:41:12.369+00	102	\N	\N	\N	\N	\N	\N
24298	Task	3129	3129	statusId	\N	\N	7	8	\N	\N	\N	\N	update	2019-06-14 13:41:53.567+00	212	\N	\N	\N	\N	\N	\N
24299	TaskAttachment	1728	3138	\N	\N	\N	\N	\N	\N	\N	\N	\N	create	2019-06-14 13:42:09.966+00	102	\N	\N	\N	\N	\N	\N
24300	Task	3138	3138	description	\N	\N	\N	\N	\N	\N	\N	\N	update	2019-06-14 13:43:03.996+00	102	<p>  -    .</p>\n<p>   .</p>	<p>  -    )))</p>	\N	\N	\N	\N
24301	Task	3126	3126	performerId	\N	\N	\N	239	\N	\N	\N	\N	update	2019-06-14 13:43:41.618+00	102	\N	\N	\N	\N	\N	\N
24302	Task	3132	3132	statusId	\N	\N	3	7	\N	\N	\N	\N	update	2019-06-14 18:28:01.577+00	266	\N	\N	\N	\N	\N	\N
24303	Task	3132	3132	performerId	\N	\N	266	212	\N	\N	\N	\N	update	2019-06-14 18:28:01.577+00	266	\N	\N	\N	\N	\N	\N
24304	Task	3136	3136	statusId	\N	\N	3	7	\N	\N	\N	\N	update	2019-06-14 18:29:29.573+00	266	\N	\N	\N	\N	\N	\N
24305	Task	3136	3136	performerId	\N	\N	266	212	\N	\N	\N	\N	update	2019-06-14 18:29:29.573+00	266	\N	\N	\N	\N	\N	\N
24306	Task	3131	3131	statusId	\N	\N	3	7	\N	\N	\N	\N	update	2019-06-14 18:30:47.891+00	266	\N	\N	\N	\N	\N	\N
24307	Task	3131	3131	performerId	\N	\N	266	212	\N	\N	\N	\N	update	2019-06-14 18:30:47.891+00	266	\N	\N	\N	\N	\N	\N
24308	Task	3093	3093	statusId	\N	\N	3	7	\N	\N	\N	\N	update	2019-06-14 18:31:29.354+00	266	\N	\N	\N	\N	\N	\N
24309	Task	3093	3093	performerId	\N	\N	266	212	\N	\N	\N	\N	update	2019-06-14 18:31:29.354+00	266	\N	\N	\N	\N	\N	\N
24310	Task	3125	3125	statusId	\N	\N	1	3	\N	\N	\N	\N	update	2019-06-14 18:34:48.632+00	266	\N	\N	\N	\N	\N	\N
24311	Task	3125	3125	performerId	\N	\N	266	239	\N	\N	\N	\N	update	2019-06-14 18:51:43.321+00	266	\N	\N	\N	\N	\N	\N
24312	Task	3133	3133	performerId	\N	\N	266	239	\N	\N	\N	\N	update	2019-06-14 18:52:01.345+00	266	\N	\N	\N	\N	\N	\N
24313	Task	3139	3139	performerId	\N	\N	266	239	\N	\N	\N	\N	update	2019-06-14 19:00:01.913+00	266	\N	\N	\N	\N	\N	\N
24314	Task	3124	3124	performerId	\N	\N	266	239	\N	\N	\N	\N	update	2019-06-14 19:00:16.645+00	266	\N	\N	\N	\N	\N	\N
24315	Task	3134	3134	statusId	\N	\N	1	3	\N	\N	\N	\N	update	2019-06-14 19:02:51.669+00	266	\N	\N	\N	\N	\N	\N
24316	Task	3124	3124	statusId	\N	\N	1	3	\N	\N	\N	\N	update	2019-06-14 19:53:19.824+00	239	\N	\N	\N	\N	\N	\N
24317	Task	3124	3124	statusId	\N	\N	3	7	\N	\N	\N	\N	update	2019-06-14 19:53:30.006+00	239	\N	\N	\N	\N	\N	\N
24318	Task	3124	3124	performerId	\N	\N	239	212	\N	\N	\N	\N	update	2019-06-14 19:53:30.006+00	239	\N	\N	\N	\N	\N	\N
24319	Task	3125	3125	statusId	\N	\N	3	7	\N	\N	\N	\N	update	2019-06-14 21:16:27.13+00	239	\N	\N	\N	\N	\N	\N
24320	Task	3125	3125	performerId	\N	\N	239	\N	\N	\N	\N	\N	update	2019-06-14 21:16:27.13+00	239	\N	\N	\N	\N	\N	\N
24321	Task	3125	3125	performerId	\N	\N	\N	212	\N	\N	\N	\N	update	2019-06-14 21:16:34.491+00	239	\N	\N	\N	\N	\N	\N
24322	Task	3121	3121	statusId	\N	\N	3	7	\N	\N	\N	\N	update	2019-06-14 21:21:27.477+00	239	\N	\N	\N	\N	\N	\N
24323	Task	3121	3121	performerId	\N	\N	239	\N	\N	\N	\N	\N	update	2019-06-14 21:21:27.477+00	239	\N	\N	\N	\N	\N	\N
24324	Task	3121	3121	performerId	\N	\N	\N	212	\N	\N	\N	\N	update	2019-06-14 21:21:34.594+00	239	\N	\N	\N	\N	\N	\N
24325	Task	3140	3140	statusId	\N	\N	1	3	\N	\N	\N	\N	update	2019-06-14 21:22:22.333+00	239	\N	\N	\N	\N	\N	\N
24326	Task	3139	3139	statusId	\N	\N	1	3	\N	\N	\N	\N	update	2019-06-14 21:22:26.04+00	239	\N	\N	\N	\N	\N	\N
24327	Task	3133	3133	statusId	\N	\N	1	3	\N	\N	\N	\N	update	2019-06-14 21:34:30.674+00	239	\N	\N	\N	\N	\N	\N
24328	Task	3139	3139	statusId	\N	\N	3	7	\N	\N	\N	\N	update	2019-06-14 22:32:27.514+00	239	\N	\N	\N	\N	\N	\N
24329	Task	3139	3139	performerId	\N	\N	239	212	\N	\N	\N	\N	update	2019-06-14 22:32:27.514+00	239	\N	\N	\N	\N	\N	\N
24330	Task	3133	3133	statusId	\N	\N	3	7	\N	\N	\N	\N	update	2019-06-14 23:06:14.49+00	239	\N	\N	\N	\N	\N	\N
24331	Task	3133	3133	performerId	\N	\N	239	212	\N	\N	\N	\N	update	2019-06-14 23:06:14.49+00	239	\N	\N	\N	\N	\N	\N
24332	Task	3140	3140	statusId	\N	\N	3	7	\N	\N	\N	\N	update	2019-06-15 07:37:54.956+00	239	\N	\N	\N	\N	\N	\N
24336	Task	3120	3120	statusId	\N	\N	3	7	\N	\N	\N	\N	update	2019-06-15 20:43:41.615+00	239	\N	\N	\N	\N	\N	\N
24337	Task	3120	3120	performerId	\N	\N	239	212	\N	\N	\N	\N	update	2019-06-15 20:43:41.615+00	239	\N	\N	\N	\N	\N	\N
24338	Task	3128	3128	statusId	\N	\N	1	3	\N	\N	\N	\N	update	2019-06-15 20:46:49.92+00	239	\N	\N	\N	\N	\N	\N
24339	Task	3126	3126	statusId	\N	\N	1	3	\N	\N	\N	\N	update	2019-06-15 21:26:03.816+00	239	\N	\N	\N	\N	\N	\N
24340	Task	3134	3134	statusId	\N	\N	3	7	\N	\N	\N	\N	update	2019-06-15 21:28:21.866+00	266	\N	\N	\N	\N	\N	\N
24341	Task	3134	3134	performerId	\N	\N	266	212	\N	\N	\N	\N	update	2019-06-15 21:28:21.866+00	266	\N	\N	\N	\N	\N	\N
24342	Task	3124	3124	statusId	\N	\N	7	3	\N	\N	\N	\N	update	2019-06-16 07:32:43.398+00	212	\N	\N	\N	\N	\N	\N
24343	Task	3124	3124	performerId	\N	\N	212	239	\N	\N	\N	\N	update	2019-06-16 07:32:43.398+00	212	\N	\N	\N	\N	\N	\N
24344	Task	3132	3132	statusId	\N	\N	7	8	\N	\N	\N	\N	update	2019-06-16 07:33:26.011+00	212	\N	\N	\N	\N	\N	\N
24345	Task	3120	3120	statusId	\N	\N	7	8	\N	\N	\N	\N	update	2019-06-16 07:37:31.978+00	212	\N	\N	\N	\N	\N	\N
24346	Task	3133	3133	statusId	\N	\N	7	8	\N	\N	\N	\N	update	2019-06-16 07:44:37.521+00	212	\N	\N	\N	\N	\N	\N
24347	Task	3124	3124	statusId	\N	\N	3	7	\N	\N	\N	\N	update	2019-06-16 07:52:20.297+00	212	\N	\N	\N	\N	\N	\N
24348	Task	3124	3124	performerId	\N	\N	239	212	\N	\N	\N	\N	update	2019-06-16 07:52:20.297+00	212	\N	\N	\N	\N	\N	\N
24349	Task	3124	3124	statusId	\N	\N	7	8	\N	\N	\N	\N	update	2019-06-16 07:55:19.194+00	212	\N	\N	\N	\N	\N	\N
24350	Task	3136	3136	statusId	\N	\N	7	8	\N	\N	\N	\N	update	2019-06-16 08:03:43.062+00	212	\N	\N	\N	\N	\N	\N
24351	Task	3142	3142	\N	\N	\N	\N	\N	\N	\N	\N	\N	create	2019-06-16 08:24:31.986+00	212	\N	\N	\N	\N	\N	\N
24356	Task	3143	3143	performerId	\N	\N	\N	239	\N	\N	\N	\N	update	2019-06-16 08:46:06.63+00	212	\N	\N	\N	\N	\N	\N
24357	Task	3125	3125	statusId	\N	\N	7	8	\N	\N	\N	\N	update	2019-06-16 08:47:17.327+00	212	\N	\N	\N	\N	\N	\N
24358	Task	3093	3093	statusId	\N	\N	7	8	\N	\N	\N	\N	update	2019-06-16 08:53:23.31+00	212	\N	\N	\N	\N	\N	\N
24359	Task	3139	3139	statusId	\N	\N	7	8	\N	\N	\N	\N	update	2019-06-16 08:55:27.911+00	212	\N	\N	\N	\N	\N	\N
24360	Task	3141	3141	statusId	\N	\N	1	3	\N	\N	\N	\N	update	2019-06-16 08:58:55.755+00	212	\N	\N	\N	\N	\N	\N
24361	Task	3121	3121	statusId	\N	\N	7	8	\N	\N	\N	\N	update	2019-06-16 09:20:46.176+00	212	\N	\N	\N	\N	\N	\N
24362	Task	3140	3140	statusId	\N	\N	7	8	\N	\N	\N	\N	update	2019-06-16 09:52:22.296+00	212	\N	\N	\N	\N	\N	\N
24363	Task	3128	3128	statusId	\N	\N	3	7	\N	\N	\N	\N	update	2019-06-16 09:52:54.66+00	239	\N	\N	\N	\N	\N	\N
24364	Task	3128	3128	performerId	\N	\N	239	212	\N	\N	\N	\N	update	2019-06-16 09:52:54.66+00	239	\N	\N	\N	\N	\N	\N
24365	Task	3143	3143	statusId	\N	\N	1	7	\N	\N	\N	\N	update	2019-06-16 09:59:10.418+00	239	\N	\N	\N	\N	\N	\N
24366	Task	3143	3143	performerId	\N	\N	239	212	\N	\N	\N	\N	update	2019-06-16 09:59:10.418+00	239	\N	\N	\N	\N	\N	\N
24367	Task	3142	3142	statusId	\N	\N	1	3	\N	\N	\N	\N	update	2019-06-16 09:59:36.566+00	239	\N	\N	\N	\N	\N	\N
24368	Task	3128	3128	statusId	\N	\N	7	8	\N	\N	\N	\N	update	2019-06-16 10:03:46.132+00	212	\N	\N	\N	\N	\N	\N
24369	Task	3143	3143	statusId	\N	\N	7	8	\N	\N	\N	\N	update	2019-06-16 10:04:59.902+00	212	\N	\N	\N	\N	\N	\N
24370	Task	3131	3131	statusId	\N	\N	7	8	\N	\N	\N	\N	update	2019-06-16 10:05:55.848+00	212	\N	\N	\N	\N	\N	\N
24371	Task	3138	3138	performerId	\N	\N	\N	336	\N	\N	\N	\N	update	2019-06-16 10:18:19.357+00	336	\N	\N	\N	\N	\N	\N
24372	Task	3127	3127	performerId	\N	\N	\N	336	\N	\N	\N	\N	update	2019-06-16 10:18:26.364+00	336	\N	\N	\N	\N	\N	\N
24373	Task	3130	3130	performerId	\N	\N	\N	336	\N	\N	\N	\N	update	2019-06-16 10:18:32.79+00	336	\N	\N	\N	\N	\N	\N
24374	Task	3137	3137	performerId	\N	\N	\N	336	\N	\N	\N	\N	update	2019-06-16 10:18:37.93+00	336	\N	\N	\N	\N	\N	\N
24375	Task	3138	3138	statusId	\N	\N	1	3	\N	\N	\N	\N	update	2019-06-16 10:18:52.055+00	336	\N	\N	\N	\N	\N	\N
24376	Task	3141	3141	statusId	\N	\N	3	7	\N	\N	\N	\N	update	2019-06-16 10:18:55.238+00	212	\N	\N	\N	\N	\N	\N
24377	Task	3127	3127	statusId	\N	\N	1	3	\N	\N	\N	\N	update	2019-06-16 10:18:57.087+00	336	\N	\N	\N	\N	\N	\N
24378	Task	3127	3127	statusId	\N	\N	3	5	\N	\N	\N	\N	update	2019-06-16 10:19:09.27+00	336	\N	\N	\N	\N	\N	\N
24379	Task	3127	3127	performerId	\N	\N	336	\N	\N	\N	\N	\N	update	2019-06-16 10:19:09.27+00	336	\N	\N	\N	\N	\N	\N
24380	Task	3135	3135	statusId	\N	\N	1	3	\N	\N	\N	\N	update	2019-06-16 10:47:48.121+00	186	\N	\N	\N	\N	\N	\N
24381	Task	3135	3135	statusId	\N	\N	3	7	\N	\N	\N	\N	update	2019-06-16 11:19:50.604+00	186	\N	\N	\N	\N	\N	\N
24382	Task	3135	3135	performerId	\N	\N	186	212	\N	\N	\N	\N	update	2019-06-16 11:19:50.604+00	186	\N	\N	\N	\N	\N	\N
24383	Task	3127	3127	performerId	\N	\N	\N	212	\N	\N	\N	\N	update	2019-06-16 11:20:57.132+00	336	\N	\N	\N	\N	\N	\N
24384	Task	3127	3127	statusId	\N	\N	5	7	\N	\N	\N	\N	update	2019-06-16 11:21:11.956+00	336	\N	\N	\N	\N	\N	\N
24385	Task	3138	3138	statusId	\N	\N	3	7	\N	\N	\N	\N	update	2019-06-16 11:22:07.47+00	336	\N	\N	\N	\N	\N	\N
24386	Task	3138	3138	performerId	\N	\N	336	212	\N	\N	\N	\N	update	2019-06-16 11:22:07.47+00	336	\N	\N	\N	\N	\N	\N
24387	Task	3142	3142	statusId	\N	\N	3	7	\N	\N	\N	\N	update	2019-06-16 11:25:19.7+00	239	\N	\N	\N	\N	\N	\N
24388	Task	3142	3142	performerId	\N	\N	239	212	\N	\N	\N	\N	update	2019-06-16 11:25:19.7+00	239	\N	\N	\N	\N	\N	\N
24389	Task	3135	3135	performerId	\N	\N	212	266	\N	\N	\N	\N	update	2019-06-16 11:28:43.777+00	266	\N	\N	\N	\N	\N	\N
24390	Task	3135	3135	statusId	\N	\N	7	8	\N	\N	\N	\N	update	2019-06-16 11:29:41.69+00	266	\N	\N	\N	\N	\N	\N
24391	Task	3141	3141	performerId	\N	\N	212	266	\N	\N	\N	\N	update	2019-06-16 11:38:11.474+00	266	\N	\N	\N	\N	\N	\N
24392	Task	3141	3141	statusId	\N	\N	7	8	\N	\N	\N	\N	update	2019-06-16 11:41:27.16+00	266	\N	\N	\N	\N	\N	\N
24393	Task	3142	3142	performerId	\N	\N	212	266	\N	\N	\N	\N	update	2019-06-16 11:41:54.526+00	266	\N	\N	\N	\N	\N	\N
24394	Task	3142	3142	statusId	\N	\N	7	8	\N	\N	\N	\N	update	2019-06-16 11:42:04.017+00	266	\N	\N	\N	\N	\N	\N
24395	Task	3137	3137	statusId	\N	\N	1	3	\N	\N	\N	\N	update	2019-06-16 12:02:24.403+00	266	\N	\N	\N	\N	\N	\N
24396	Task	3137	3137	performerId	\N	\N	336	266	\N	\N	\N	\N	update	2019-06-16 12:02:24.403+00	266	\N	\N	\N	\N	\N	\N
24397	Task	3137	3137	statusId	\N	\N	3	7	\N	\N	\N	\N	update	2019-06-16 12:02:48.393+00	266	\N	\N	\N	\N	\N	\N
24398	Task	3137	3137	performerId	\N	\N	266	212	\N	\N	\N	\N	update	2019-06-16 12:02:48.393+00	266	\N	\N	\N	\N	\N	\N
24399	Task	3137	3137	name	.    	   	\N	\N	\N	\N	\N	\N	update	2019-06-16 12:03:22.007+00	266	\N	\N	\N	\N	\N	\N
24400	Task	3137	3137	name	.    	   	\N	\N	\N	\N	\N	\N	update	2019-06-16 12:03:22.065+00	266	\N	\N	\N	\N	\N	\N
24401	Task	3130	3130	statusId	\N	\N	1	7	\N	\N	\N	\N	update	2019-06-16 12:41:54.638+00	336	\N	\N	\N	\N	\N	\N
24402	Task	3130	3130	performerId	\N	\N	336	212	\N	\N	\N	\N	update	2019-06-16 12:41:54.638+00	336	\N	\N	\N	\N	\N	\N
24403	TaskAttachment	1730	3137	\N	\N	\N	\N	\N	\N	\N	\N	\N	create	2019-06-16 12:43:51.197+00	336	\N	\N	\N	\N	\N	\N
24404	Task	3144	3144	\N	\N	\N	\N	\N	\N	\N	\N	\N	create	2019-06-16 17:30:00.938+00	239	\N	\N	\N	\N	\N	\N
24405	Task	3145	3145	\N	\N	\N	\N	\N	\N	\N	\N	\N	create	2019-06-16 17:30:37.236+00	239	\N	\N	\N	\N	\N	\N
24406	Task	3146	3146	\N	\N	\N	\N	\N	\N	\N	\N	\N	create	2019-06-16 17:31:34.081+00	239	\N	\N	\N	\N	\N	\N
24407	Task	3147	3147	\N	\N	\N	\N	\N	\N	\N	\N	\N	create	2019-06-16 17:32:38.077+00	239	\N	\N	\N	\N	\N	\N
24408	TaskAttachment	1731	3147	\N	\N	\N	\N	\N	\N	\N	\N	\N	create	2019-06-16 17:33:43.755+00	239	\N	\N	\N	\N	\N	\N
24409	Task	3148	3148	\N	\N	\N	\N	\N	\N	\N	\N	\N	create	2019-06-16 17:34:47.243+00	239	\N	\N	\N	\N	\N	\N
24410	Task	3149	3149	\N	\N	\N	\N	\N	\N	\N	\N	\N	create	2019-06-16 17:35:35.657+00	239	\N	\N	\N	\N	\N	\N
24411	TaskAttachment	1732	3149	\N	\N	\N	\N	\N	\N	\N	\N	\N	create	2019-06-16 17:36:10.52+00	239	\N	\N	\N	\N	\N	\N
24412	Task	3150	3150	\N	\N	\N	\N	\N	\N	\N	\N	\N	create	2019-06-16 17:36:57.367+00	239	\N	\N	\N	\N	\N	\N
24413	Task	3151	3151	\N	\N	\N	\N	\N	\N	\N	\N	\N	create	2019-06-16 17:37:47.573+00	239	\N	\N	\N	\N	\N	\N
24414	Task	3152	3152	\N	\N	\N	\N	\N	\N	\N	\N	\N	create	2019-06-16 17:38:18.721+00	239	\N	\N	\N	\N	\N	\N
24415	Task	3153	3153	\N	\N	\N	\N	\N	\N	\N	\N	\N	create	2019-06-16 17:39:06.967+00	239	\N	\N	\N	\N	\N	\N
24416	Task	3154	3154	\N	\N	\N	\N	\N	\N	\N	\N	\N	create	2019-06-16 17:39:44.106+00	239	\N	\N	\N	\N	\N	\N
24417	Task	3155	3155	\N	\N	\N	\N	\N	\N	\N	\N	\N	create	2019-06-16 17:40:32.728+00	239	\N	\N	\N	\N	\N	\N
24418	Task	3126	3126	sprintId	\N	\N	425	\N	\N	\N	\N	\N	update	2019-06-16 17:48:49.219+00	239	\N	\N	\N	\N	\N	\N
24419	Task	3144	3144	statusId	\N	\N	1	3	\N	\N	\N	\N	update	2019-06-16 17:51:37.674+00	239	\N	\N	\N	\N	\N	\N
24420	Task	3145	3145	statusId	\N	\N	1	3	\N	\N	\N	\N	update	2019-06-16 17:51:44.949+00	239	\N	\N	\N	\N	\N	\N
24421	Task	3155	3155	statusId	\N	\N	1	3	\N	\N	\N	\N	update	2019-06-16 18:01:47.891+00	266	\N	\N	\N	\N	\N	\N
24422	Task	3149	3149	statusId	\N	\N	1	3	\N	\N	\N	\N	update	2019-06-16 18:02:03.79+00	266	\N	\N	\N	\N	\N	\N
24423	Task	3155	3155	statusId	\N	\N	3	7	\N	\N	\N	\N	update	2019-06-16 18:02:50.896+00	266	\N	\N	\N	\N	\N	\N
24424	Task	3155	3155	performerId	\N	\N	266	212	\N	\N	\N	\N	update	2019-06-16 18:02:50.896+00	266	\N	\N	\N	\N	\N	\N
24425	Task	3149	3149	statusId	\N	\N	3	7	\N	\N	\N	\N	update	2019-06-16 18:08:54.655+00	266	\N	\N	\N	\N	\N	\N
24426	Task	3149	3149	performerId	\N	\N	266	212	\N	\N	\N	\N	update	2019-06-16 18:11:09.046+00	266	\N	\N	\N	\N	\N	\N
24427	Task	3150	3150	statusId	\N	\N	1	3	\N	\N	\N	\N	update	2019-06-16 18:17:04.98+00	266	\N	\N	\N	\N	\N	\N
24428	Task	3150	3150	statusId	\N	\N	3	7	\N	\N	\N	\N	update	2019-06-16 18:17:10.93+00	266	\N	\N	\N	\N	\N	\N
24429	Task	3150	3150	performerId	\N	\N	266	212	\N	\N	\N	\N	update	2019-06-16 18:17:10.93+00	266	\N	\N	\N	\N	\N	\N
24430	Task	3156	3156	\N	\N	\N	\N	\N	\N	\N	\N	\N	create	2019-06-16 18:20:13.568+00	266	\N	\N	\N	\N	\N	\N
24431	Task	3157	3157	\N	\N	\N	\N	\N	\N	\N	\N	\N	create	2019-06-16 18:20:54.082+00	266	\N	\N	\N	\N	\N	\N
24432	Task	3158	3158	\N	\N	\N	\N	\N	\N	\N	\N	\N	create	2019-06-16 18:21:22.904+00	266	\N	\N	\N	\N	\N	\N
24433	Task	3159	3159	\N	\N	\N	\N	\N	\N	\N	\N	\N	create	2019-06-16 18:22:14.768+00	266	\N	\N	\N	\N	\N	\N
24434	Task	3144	3144	statusId	\N	\N	3	7	\N	\N	\N	\N	update	2019-06-16 19:24:44.429+00	239	\N	\N	\N	\N	\N	\N
24435	Task	3144	3144	performerId	\N	\N	239	212	\N	\N	\N	\N	update	2019-06-16 19:24:44.429+00	239	\N	\N	\N	\N	\N	\N
24436	Task	3145	3145	statusId	\N	\N	3	7	\N	\N	\N	\N	update	2019-06-16 19:25:05.573+00	239	\N	\N	\N	\N	\N	\N
24437	Task	3145	3145	performerId	\N	\N	239	212	\N	\N	\N	\N	update	2019-06-16 19:25:05.573+00	239	\N	\N	\N	\N	\N	\N
24438	Task	3147	3147	statusId	\N	\N	1	3	\N	\N	\N	\N	update	2019-06-16 19:28:05.664+00	239	\N	\N	\N	\N	\N	\N
24439	Task	3158	3158	statusId	\N	\N	1	3	\N	\N	\N	\N	update	2019-06-16 20:47:24.624+00	239	\N	\N	\N	\N	\N	\N
24440	Task	3151	3151	statusId	\N	\N	1	3	\N	\N	\N	\N	update	2019-06-16 20:47:29.015+00	239	\N	\N	\N	\N	\N	\N
24441	Task	3152	3152	statusId	\N	\N	1	3	\N	\N	\N	\N	update	2019-06-16 20:47:32.915+00	239	\N	\N	\N	\N	\N	\N
24442	Task	3159	3159	statusId	\N	\N	1	3	\N	\N	\N	\N	update	2019-06-16 20:47:41.807+00	239	\N	\N	\N	\N	\N	\N
24443	Task	3147	3147	statusId	\N	\N	3	7	\N	\N	\N	\N	update	2019-06-16 21:23:32.213+00	239	\N	\N	\N	\N	\N	\N
24444	Task	3147	3147	performerId	\N	\N	239	212	\N	\N	\N	\N	update	2019-06-16 21:23:32.213+00	239	\N	\N	\N	\N	\N	\N
24445	Task	3158	3158	statusId	\N	\N	3	7	\N	\N	\N	\N	update	2019-06-16 21:32:47.917+00	239	\N	\N	\N	\N	\N	\N
24446	Task	3158	3158	performerId	\N	\N	239	212	\N	\N	\N	\N	update	2019-06-16 21:32:47.917+00	239	\N	\N	\N	\N	\N	\N
24447	Task	3152	3152	statusId	\N	\N	3	7	\N	\N	\N	\N	update	2019-06-16 22:00:31.754+00	239	\N	\N	\N	\N	\N	\N
24448	Task	3152	3152	performerId	\N	\N	239	212	\N	\N	\N	\N	update	2019-06-16 22:00:31.754+00	239	\N	\N	\N	\N	\N	\N
24449	Task	3151	3151	statusId	\N	\N	3	7	\N	\N	\N	\N	update	2019-06-16 22:01:01.209+00	239	\N	\N	\N	\N	\N	\N
24450	Task	3151	3151	performerId	\N	\N	239	212	\N	\N	\N	\N	update	2019-06-16 22:01:01.209+00	239	\N	\N	\N	\N	\N	\N
24451	Task	3159	3159	statusId	\N	\N	3	7	\N	\N	\N	\N	update	2019-06-16 22:17:51.913+00	239	\N	\N	\N	\N	\N	\N
24452	Task	3159	3159	performerId	\N	\N	239	212	\N	\N	\N	\N	update	2019-06-16 22:17:51.913+00	239	\N	\N	\N	\N	\N	\N
24453	Task	3160	3160	\N	\N	\N	\N	\N	\N	\N	\N	\N	create	2019-06-17 06:13:53.499+00	102	\N	\N	\N	\N	\N	\N
24454	Task	3161	3161	\N	\N	\N	\N	\N	\N	\N	\N	\N	create	2019-06-17 06:14:44.853+00	102	\N	\N	\N	\N	\N	\N
24455	Task	3162	3162	\N	\N	\N	\N	\N	\N	\N	\N	\N	create	2019-06-17 06:17:52.4+00	102	\N	\N	\N	\N	\N	\N
24456	Task	3161	3161	performerId	\N	\N	\N	212	\N	\N	\N	\N	update	2019-06-17 06:20:00.816+00	212	\N	\N	\N	\N	\N	\N
24457	Task	3161	3161	statusId	\N	\N	1	3	\N	\N	\N	\N	update	2019-06-17 06:20:09.415+00	212	\N	\N	\N	\N	\N	\N
24458	Task	3161	3161	statusId	\N	\N	3	7	\N	\N	\N	\N	update	2019-06-17 06:20:12.423+00	212	\N	\N	\N	\N	\N	\N
24459	Task	3161	3161	statusId	\N	\N	7	8	\N	\N	\N	\N	update	2019-06-17 06:20:15.373+00	212	\N	\N	\N	\N	\N	\N
24460	Task	3088	3088	description	\N	\N	\N	\N	\N	\N	\N	\N	update	2019-06-17 06:20:34.196+00	102	<p>http://joxi.ru/VrwLZVLi75wyVm</p>	<p><br></p>	\N	\N	\N	\N
24461	Task	3150	3150	statusId	\N	\N	7	8	\N	\N	\N	\N	update	2019-06-17 06:20:47.513+00	212	\N	\N	\N	\N	\N	\N
24462	Task	3151	3151	statusId	\N	\N	7	8	\N	\N	\N	\N	update	2019-06-17 06:21:07.028+00	212	\N	\N	\N	\N	\N	\N
24463	Task	3163	3163	\N	\N	\N	\N	\N	\N	\N	\N	\N	create	2019-06-17 06:22:09.208+00	102	\N	\N	\N	\N	\N	\N
24464	Task	3163	3163	statusId	\N	\N	1	3	\N	\N	\N	\N	update	2019-06-17 06:22:14.732+00	102	\N	\N	\N	\N	\N	\N
24465	Task	3163	3163	performerId	\N	\N	\N	102	\N	\N	\N	\N	update	2019-06-17 06:22:14.732+00	102	\N	\N	\N	\N	\N	\N
24466	Task	3152	3152	statusId	\N	\N	7	8	\N	\N	\N	\N	update	2019-06-17 06:22:19.14+00	212	\N	\N	\N	\N	\N	\N
24467	Task	3159	3159	statusId	\N	\N	7	8	\N	\N	\N	\N	update	2019-06-17 06:24:24.09+00	212	\N	\N	\N	\N	\N	\N
24468	Task	3158	3158	statusId	\N	\N	7	8	\N	\N	\N	\N	update	2019-06-17 06:38:09.819+00	212	\N	\N	\N	\N	\N	\N
24469	Task	3127	3127	statusId	\N	\N	7	8	\N	\N	\N	\N	update	2019-06-17 06:38:33.91+00	212	\N	\N	\N	\N	\N	\N
24470	Task	3149	3149	statusId	\N	\N	7	8	\N	\N	\N	\N	update	2019-06-17 06:40:28.126+00	212	\N	\N	\N	\N	\N	\N
24471	Task	3147	3147	statusId	\N	\N	7	8	\N	\N	\N	\N	update	2019-06-17 06:41:10.148+00	212	\N	\N	\N	\N	\N	\N
24472	Task	3154	3154	prioritiesId	\N	\N	3	1	\N	\N	\N	\N	update	2019-06-17 06:42:41.617+00	102	\N	\N	\N	\N	\N	\N
24473	Task	3145	3145	statusId	\N	\N	7	8	\N	\N	\N	\N	update	2019-06-17 06:43:29.796+00	212	\N	\N	\N	\N	\N	\N
24474	Task	3146	3146	prioritiesId	\N	\N	5	1	\N	\N	\N	\N	update	2019-06-17 06:44:18.743+00	102	\N	\N	\N	\N	\N	\N
24475	Task	3137	3137	statusId	\N	\N	7	8	\N	\N	\N	\N	update	2019-06-17 06:44:23.835+00	212	\N	\N	\N	\N	\N	\N
24476	Task	3146	3146	performerId	\N	\N	\N	212	\N	\N	\N	\N	update	2019-06-17 06:44:27.067+00	102	\N	\N	\N	\N	\N	\N
24477	Task	3146	3146	statusId	\N	\N	1	3	\N	\N	\N	\N	update	2019-06-17 06:51:26.438+00	212	\N	\N	\N	\N	\N	\N
24478	Task	3162	3162	statusId	\N	\N	1	3	\N	\N	\N	\N	update	2019-06-17 07:20:28.653+00	266	\N	\N	\N	\N	\N	\N
24479	Task	3162	3162	statusId	\N	\N	3	7	\N	\N	\N	\N	update	2019-06-17 07:21:02.758+00	266	\N	\N	\N	\N	\N	\N
24480	Task	3162	3162	performerId	\N	\N	266	212	\N	\N	\N	\N	update	2019-06-17 07:21:02.758+00	266	\N	\N	\N	\N	\N	\N
24481	Task	3153	3153	statusId	\N	\N	1	3	\N	\N	\N	\N	update	2019-06-17 07:21:53.537+00	239	\N	\N	\N	\N	\N	\N
24482	Task	3154	3154	statusId	\N	\N	1	3	\N	\N	\N	\N	update	2019-06-17 07:22:12.718+00	239	\N	\N	\N	\N	\N	\N
24483	Task	3162	3162	statusId	\N	\N	7	8	\N	\N	\N	\N	update	2019-06-17 07:23:07.965+00	212	\N	\N	\N	\N	\N	\N
24484	Task	3164	3164	\N	\N	\N	\N	\N	\N	\N	\N	\N	create	2019-06-17 07:31:22.84+00	102	\N	\N	\N	\N	\N	\N
24485	Task	3165	3165	\N	\N	\N	\N	\N	\N	\N	\N	\N	create	2019-06-17 07:32:03.238+00	102	\N	\N	\N	\N	\N	\N
24486	Task	3165	3165	prioritiesId	\N	\N	3	2	\N	\N	\N	\N	update	2019-06-17 07:32:11.794+00	102	\N	\N	\N	\N	\N	\N
24487	Task	3166	3166	\N	\N	\N	\N	\N	\N	\N	\N	\N	create	2019-06-17 07:32:53.726+00	102	\N	\N	\N	\N	\N	\N
24488	Task	3144	3144	statusId	\N	\N	7	8	\N	\N	\N	\N	update	2019-06-17 07:54:47.602+00	212	\N	\N	\N	\N	\N	\N
24489	Task	3155	3155	statusId	\N	\N	7	8	\N	\N	\N	\N	update	2019-06-17 07:55:30.574+00	212	\N	\N	\N	\N	\N	\N
24490	Task	3146	3146	statusId	\N	\N	3	7	\N	\N	\N	\N	update	2019-06-17 08:38:53.868+00	212	\N	\N	\N	\N	\N	\N
24491	Task	3146	3146	statusId	\N	\N	7	8	\N	\N	\N	\N	update	2019-06-17 08:39:00.981+00	212	\N	\N	\N	\N	\N	\N
24492	Task	3138	3138	statusId	\N	\N	7	8	\N	\N	\N	\N	update	2019-06-17 08:39:59.172+00	212	\N	\N	\N	\N	\N	\N
24493	Task	3167	3167	\N	\N	\N	\N	\N	\N	\N	\N	\N	create	2019-06-17 08:42:26.889+00	102	\N	\N	\N	\N	\N	\N
24494	Task	3168	3168	\N	\N	\N	\N	\N	\N	\N	\N	\N	create	2019-06-17 08:42:52.762+00	102	\N	\N	\N	\N	\N	\N
24495	Task	3160	3160	performerId	\N	\N	\N	239	\N	\N	\N	\N	update	2019-06-17 08:43:09.71+00	266	\N	\N	\N	\N	\N	\N
24496	Task	3130	3130	statusId	\N	\N	7	8	\N	\N	\N	\N	update	2019-06-17 08:45:54.266+00	212	\N	\N	\N	\N	\N	\N
24497	Task	3160	3160	statusId	\N	\N	1	3	\N	\N	\N	\N	update	2019-06-17 08:50:52.679+00	239	\N	\N	\N	\N	\N	\N
24498	Task	3169	3169	\N	\N	\N	\N	\N	\N	\N	\N	\N	create	2019-06-17 08:59:45.895+00	102	\N	\N	\N	\N	\N	\N
24499	Task	3170	3170	\N	\N	\N	\N	\N	\N	\N	\N	\N	create	2019-06-17 09:16:30.629+00	102	\N	\N	\N	\N	\N	\N
24500	Task	3148	3148	statusId	\N	\N	1	9	\N	\N	\N	\N	update	2019-06-17 09:16:40.901+00	102	\N	\N	\N	\N	\N	\N
24501	Task	3169	3169	sprintId	\N	\N	425	427	\N	\N	\N	\N	update	2019-06-17 09:18:02.721+00	102	\N	\N	\N	\N	\N	\N
24502	Task	3167	3167	sprintId	\N	\N	425	427	\N	\N	\N	\N	update	2019-06-17 09:18:08.92+00	102	\N	\N	\N	\N	\N	\N
24503	Task	3166	3166	sprintId	\N	\N	425	427	\N	\N	\N	\N	update	2019-06-17 09:18:14.128+00	102	\N	\N	\N	\N	\N	\N
24504	Task	3157	3157	sprintId	\N	\N	425	427	\N	\N	\N	\N	update	2019-06-17 09:18:21.086+00	102	\N	\N	\N	\N	\N	\N
24505	Task	3168	3168	sprintId	\N	\N	425	427	\N	\N	\N	\N	update	2019-06-17 09:18:26.743+00	102	\N	\N	\N	\N	\N	\N
24506	Task	3156	3156	sprintId	\N	\N	425	427	\N	\N	\N	\N	update	2019-06-17 09:18:31.435+00	102	\N	\N	\N	\N	\N	\N
24507	Task	3126	3126	statusId	\N	\N	3	9	\N	\N	\N	\N	update	2019-06-17 09:19:08.849+00	102	\N	\N	\N	\N	\N	\N
24508	Task	3160	3160	statusId	\N	\N	3	7	\N	\N	\N	\N	update	2019-06-17 09:26:07.363+00	239	\N	\N	\N	\N	\N	\N
24509	Task	3160	3160	performerId	\N	\N	239	212	\N	\N	\N	\N	update	2019-06-17 09:26:07.363+00	239	\N	\N	\N	\N	\N	\N
24510	Task	3154	3154	statusId	\N	\N	3	7	\N	\N	\N	\N	update	2019-06-17 09:27:28.616+00	239	\N	\N	\N	\N	\N	\N
24511	Task	3154	3154	performerId	\N	\N	239	212	\N	\N	\N	\N	update	2019-06-17 09:27:28.616+00	239	\N	\N	\N	\N	\N	\N
24512	Task	3160	3160	statusId	\N	\N	7	8	\N	\N	\N	\N	update	2019-06-17 09:28:21.929+00	212	\N	\N	\N	\N	\N	\N
24513	Task	3164	3164	statusId	\N	\N	1	3	\N	\N	\N	\N	update	2019-06-17 09:38:37.004+00	239	\N	\N	\N	\N	\N	\N
24514	Task	3171	3171	\N	\N	\N	\N	\N	\N	\N	\N	\N	create	2019-06-17 09:39:00.287+00	212	\N	\N	\N	\N	\N	\N
24515	Task	3153	3153	statusId	\N	\N	3	7	\N	\N	\N	\N	update	2019-06-17 09:40:14.006+00	239	\N	\N	\N	\N	\N	\N
24516	Task	3153	3153	performerId	\N	\N	239	212	\N	\N	\N	\N	update	2019-06-17 09:40:14.006+00	239	\N	\N	\N	\N	\N	\N
24517	Task	3153	3153	statusId	\N	\N	7	8	\N	\N	\N	\N	update	2019-06-17 09:41:58+00	212	\N	\N	\N	\N	\N	\N
24518	Task	3154	3154	statusId	\N	\N	7	8	\N	\N	\N	\N	update	2019-06-17 09:42:01.208+00	212	\N	\N	\N	\N	\N	\N
24519	Task	3171	3171	performerId	\N	\N	212	239	\N	\N	\N	\N	update	2019-06-17 09:42:14.448+00	212	\N	\N	\N	\N	\N	\N
24520	TaskAttachment	1733	3171	\N	\N	\N	\N	\N	\N	\N	\N	\N	create	2019-06-17 09:43:35.102+00	212	\N	\N	\N	\N	\N	\N
24521	Task	3172	3172	\N	\N	\N	\N	\N	\N	\N	\N	\N	create	2019-06-17 09:44:47.197+00	183	\N	\N	\N	\N	\N	\N
24522	Task	3165	3165	statusId	\N	\N	1	3	\N	\N	\N	\N	update	2019-06-17 09:55:25.868+00	266	\N	\N	\N	\N	\N	\N
24523	Task	3165	3165	statusId	\N	\N	3	7	\N	\N	\N	\N	update	2019-06-17 09:56:07.892+00	266	\N	\N	\N	\N	\N	\N
24524	Task	3165	3165	performerId	\N	\N	266	212	\N	\N	\N	\N	update	2019-06-17 09:56:07.892+00	266	\N	\N	\N	\N	\N	\N
24525	Task	3172	3172	performerId	\N	\N	\N	266	\N	\N	\N	\N	update	2019-06-17 10:00:11.19+00	266	\N	\N	\N	\N	\N	\N
24526	Task	3172	3172	statusId	\N	\N	1	3	\N	\N	\N	\N	update	2019-06-17 10:00:23.48+00	266	\N	\N	\N	\N	\N	\N
24527	TaskAttachment	1734	3171	\N	\N	\N	\N	\N	\N	\N	\N	\N	create	2019-06-17 10:01:07.985+00	212	\N	\N	\N	\N	\N	\N
24528	TaskAttachment	1735	3171	\N	\N	\N	\N	\N	\N	\N	\N	\N	create	2019-06-17 10:01:50.707+00	212	\N	\N	\N	\N	\N	\N
24529	Task	3173	3173	\N	\N	\N	\N	\N	\N	\N	\N	\N	create	2019-06-17 10:06:52.488+00	212	\N	\N	\N	\N	\N	\N
24530	TaskAttachment	1736	3173	\N	\N	\N	\N	\N	\N	\N	\N	\N	create	2019-06-17 10:06:58.253+00	212	\N	\N	\N	\N	\N	\N
24531	Task	3173	3173	performerId	\N	\N	\N	239	\N	\N	\N	\N	update	2019-06-17 10:07:06.403+00	212	\N	\N	\N	\N	\N	\N
24532	Task	3171	3171	description	\N	\N	\N	\N	\N	\N	\N	\N	update	2019-06-17 10:10:12.565+00	212	<p>  - 11.765.17134.0</p>	<p><br></p>	\N	\N	\N	\N
24533	Task	3173	3173	description	\N	\N	\N	\N	\N	\N	\N	\N	update	2019-06-17 10:10:24.445+00	212	<p> IE            ,   .    ,   .</p>\n<p>  - 11.765.17134.0</p>	<p> IE            ,   .    ,   .</p>	\N	\N	\N	\N
24534	Task	3174	3174	\N	\N	\N	\N	\N	\N	\N	\N	\N	create	2019-06-17 10:26:51.998+00	212	\N	\N	\N	\N	\N	\N
24535	TaskAttachment	1737	3174	\N	\N	\N	\N	\N	\N	\N	\N	\N	create	2019-06-17 10:26:59.405+00	212	\N	\N	\N	\N	\N	\N
24536	Task	3174	3174	performerId	\N	\N	\N	239	\N	\N	\N	\N	update	2019-06-17 10:27:06.03+00	212	\N	\N	\N	\N	\N	\N
24537	Task	3164	3164	statusId	\N	\N	3	7	\N	\N	\N	\N	update	2019-06-17 10:48:11.219+00	239	\N	\N	\N	\N	\N	\N
24538	Task	3164	3164	performerId	\N	\N	239	212	\N	\N	\N	\N	update	2019-06-17 10:48:11.219+00	239	\N	\N	\N	\N	\N	\N
24539	Task	3174	3174	statusId	\N	\N	1	3	\N	\N	\N	\N	update	2019-06-17 10:50:29.218+00	239	\N	\N	\N	\N	\N	\N
24540	Task	3172	3172	statusId	\N	\N	3	7	\N	\N	\N	\N	update	2019-06-17 11:10:39.902+00	266	\N	\N	\N	\N	\N	\N
24541	Task	3172	3172	performerId	\N	\N	266	212	\N	\N	\N	\N	update	2019-06-17 11:10:39.902+00	266	\N	\N	\N	\N	\N	\N
24542	Task	3170	3170	statusId	\N	\N	1	3	\N	\N	\N	\N	update	2019-06-17 11:12:38.345+00	266	\N	\N	\N	\N	\N	\N
24543	Task	3174	3174	statusId	\N	\N	3	7	\N	\N	\N	\N	update	2019-06-17 11:13:53.389+00	239	\N	\N	\N	\N	\N	\N
24544	Task	3174	3174	performerId	\N	\N	239	\N	\N	\N	\N	\N	update	2019-06-17 11:13:53.389+00	239	\N	\N	\N	\N	\N	\N
24545	Task	3174	3174	performerId	\N	\N	\N	212	\N	\N	\N	\N	update	2019-06-17 11:14:00.356+00	239	\N	\N	\N	\N	\N	\N
24546	Task	3170	3170	statusId	\N	\N	3	7	\N	\N	\N	\N	update	2019-06-17 11:44:14.908+00	266	\N	\N	\N	\N	\N	\N
24547	Task	3170	3170	performerId	\N	\N	266	212	\N	\N	\N	\N	update	2019-06-17 11:44:14.908+00	266	\N	\N	\N	\N	\N	\N
24548	Task	3164	3164	statusId	\N	\N	7	8	\N	\N	\N	\N	update	2019-06-17 11:44:54.305+00	212	\N	\N	\N	\N	\N	\N
24549	Task	3174	3174	statusId	\N	\N	7	8	\N	\N	\N	\N	update	2019-06-17 11:48:22.083+00	212	\N	\N	\N	\N	\N	\N
24550	Task	3170	3170	statusId	\N	\N	7	8	\N	\N	\N	\N	update	2019-06-17 11:58:29.775+00	212	\N	\N	\N	\N	\N	\N
24551	Task	3105	3105	statusId	\N	\N	7	8	\N	\N	\N	\N	update	2019-06-17 17:58:14.134+00	1	\N	\N	\N	\N	\N	\N
24552	Task	3092	3092	performerId	\N	\N	\N	186	\N	\N	\N	\N	update	2019-06-17 17:59:14.263+00	1	\N	\N	\N	\N	\N	\N
24553	Task	3175	3175	\N	\N	\N	\N	\N	\N	\N	\N	\N	create	2019-06-17 18:07:27.69+00	1	\N	\N	\N	\N	\N	\N
24554	Task	3176	3176	\N	\N	\N	\N	\N	\N	\N	\N	\N	create	2019-06-18 06:20:04.35+00	205	\N	\N	\N	\N	\N	\N
24555	Task	3176	3176	description	\N	\N	\N	\N	\N	\N	\N	\N	update	2019-06-18 06:22:13.867+00	205	<p>https://nordclan.com/development/:</p>\n<ul>\n  <li> "       ."  "       ."</li>\n  <li> "  "  &nbsp;"   "</li>\n  <li><br></li>\n</ul>\n<p>https://nordclan.com/engineering/:</p>\n<ul>\n  <li> "   IT- :"  "   - :"</li>\n  <li> "   ."  ",   ."<br>\n</li>\n</ul>	<p>https://nordclan.com/development/:<br>\n-  "       ."  "       ."<br>\n-  "  "  &nbsp;</p>	\N	\N	\N	\N
24592	Task	3165	3165	sprintId	\N	\N	425	427	\N	\N	\N	\N	update	2019-06-18 08:27:56.537+00	266	\N	\N	\N	\N	\N	\N
24594	Task	3177	3177	performerId	\N	\N	212	266	\N	\N	\N	\N	update	2019-06-18 08:28:29.302+00	266	\N	\N	\N	\N	\N	\N
24595	Task	3172	3172	sprintId	\N	\N	425	427	\N	\N	\N	\N	update	2019-06-18 08:28:39.418+00	266	\N	\N	\N	\N	\N	\N
24596	Task	3098	3098	sprintId	\N	\N	425	427	\N	\N	\N	\N	update	2019-06-18 08:28:50.9+00	266	\N	\N	\N	\N	\N	\N
24597	Task	3179	3179	statusId	\N	\N	1	3	\N	\N	\N	\N	update	2019-06-18 08:36:26.694+00	266	\N	\N	\N	\N	\N	\N
24598	Task	3179	3179	statusId	\N	\N	3	2	\N	\N	\N	\N	update	2019-06-18 08:39:36.782+00	266	\N	\N	\N	\N	\N	\N
24599	TaskAttachment	1738	3114	\N	\N	\N	\N	\N	\N	\N	\N	\N	create	2019-06-18 08:47:58.289+00	102	\N	\N	\N	\N	\N	\N
24600	Task	3114	3114	statusId	\N	\N	3	5	\N	\N	\N	\N	update	2019-06-18 08:48:03.855+00	102	\N	\N	\N	\N	\N	\N
24601	Task	3180	3180	\N	\N	\N	\N	\N	\N	\N	\N	\N	create	2019-06-18 09:00:51.888+00	205	\N	\N	\N	\N	\N	\N
24602	Task	3181	3181	\N	\N	\N	\N	\N	\N	\N	\N	\N	create	2019-06-18 09:02:02.076+00	205	\N	\N	\N	\N	\N	\N
24603	Task	3182	3182	\N	\N	\N	\N	\N	\N	\N	\N	\N	create	2019-06-18 09:02:29.241+00	205	\N	\N	\N	\N	\N	\N
24604	Task	3183	3183	\N	\N	\N	\N	\N	\N	\N	\N	\N	create	2019-06-18 09:03:21.355+00	205	\N	\N	\N	\N	\N	\N
24605	Task	3184	3184	\N	\N	\N	\N	\N	\N	\N	\N	\N	create	2019-06-18 09:04:32.158+00	205	\N	\N	\N	\N	\N	\N
24556	Task	3176	3176	description	\N	\N	\N	\N	\N	\N	\N	\N	update	2019-06-18 06:23:36.035+00	205	<p>https://nordclan.com/development/:</p>\n<ul>\n  <li> "       ."  "       ."</li>\n  <li> "  "  &nbsp;"   "</li>\n  <li> "       -    ."  "       2-3    ."</li>\n</ul>\n<p>https://nordclan.com/engineering/:</p>\n<ul>\n  <li> "   IT- :"  "   - :"</li>\n  <li> "   ."  ",   ."<br>\n</li>\n</ul>	<p>https://nordclan.com/development/:</p>\n<ul>\n  <li> "       ."  "       ."</li>\n  <li> "  "  &nbsp;"   "</li>\n  <li><br></li>\n</ul>\n<p>https://nordclan.com/engineering/:</p>\n<ul>\n  <li> "   IT- :"  "   - :"</li>\n  <li> "   ."  ",   ."<br>\n</li>\n</ul>	\N	\N	\N	\N
24557	Task	3176	3176	description	\N	\N	\N	\N	\N	\N	\N	\N	update	2019-06-18 06:25:39.044+00	205	<p>https://nordclan.com/development/:</p>\n<ul>\n  <li> "       ."  "       ."</li>\n  <li> "  "  &nbsp;"   "</li>\n  <li> "       -    ."  "       2-3    ."</li>\n</ul>\n<p>https://nordclan.com/engineering/:</p>\n<ul>\n  <li> "   IT- :"  "   - :"</li>\n  <li> "   ."  ",   ."</li>\n</ul>\n<p><br>\n</p>	<p>https://nordclan.com/development/:</p>\n<ul>\n  <li> "       ."  "       ."</li>\n  <li> "  "  &nbsp;"   "</li>\n  <li> "       -    ."  "       2-3    ."</li>\n</ul>\n<p>https://nordclan.com/engineering/:</p>\n<ul>\n  <li> "   IT- :"  "   - :"</li>\n  <li> "   ."  ",   ."<br>\n</li>\n</ul>	\N	\N	\N	\N
24558	Task	3176	3176	description	\N	\N	\N	\N	\N	\N	\N	\N	update	2019-06-18 06:30:24.716+00	205	<p>https://nordclan.com/development/:</p>\n<ul>\n  <li> "       ."  "       ."</li>\n  <li> "  "  &nbsp;"   "</li>\n  <li> "       -    ."  "       2-3    ."</li>\n</ul>\n<p>https://nordclan.com/engineering/:</p>\n<ul>\n  <li> "   IT- :"  "   - :"</li>\n  <li> "   ."  ",   ."</li>\n</ul>\n<p>https://nordclan.com/contacts/ -    </p>\n<p><br>\n</p>	<p>https://nordclan.com/development/:</p>\n<ul>\n  <li> "       ."  "       ."</li>\n  <li> "  "  &nbsp;"   "</li>\n  <li> "       -    ."  "       2-3    ."</li>\n</ul>\n<p>https://nordclan.com/engineering/:</p>\n<ul>\n  <li> "   IT- :"  "   - :"</li>\n  <li> "   ."  ",   ."</li>\n</ul>\n<p><br>\n</p>	\N	\N	\N	\N
24559	Task	3176	3176	description	\N	\N	\N	\N	\N	\N	\N	\N	update	2019-06-18 06:35:34.687+00	205	<p>https://nordclan.com/development/:</p>\n<ul>\n  <li> "       ."  "       ."</li>\n  <li> "  "  &nbsp;"   "</li>\n  <li> "       -    ."  "       2-3    ."</li>\n</ul>\n<p>https://nordclan.com/engineering/:</p>\n<ul>\n  <li> "   IT- :"  "   - :"</li>\n  <li> "   ."  ",   ."</li>\n</ul>\n<p>https://nordclan.com/contacts/:</p>\n<ul>\n  <li>   </li>\n  <li>&nbsp;  - "  , "&nbsp;</li>\n  <li>  - " . "&nbsp;</li>\n</ul>\n<p><br>\n</p>	<p>https://nordclan.com/development/:</p>\n<ul>\n  <li> "       ."  "       ."</li>\n  <li> "  "  &nbsp;"   "</li>\n  <li> "       -    ."  "       2-3    ."</li>\n</ul>\n<p>https://nordclan.com/engineering/:</p>\n<ul>\n  <li> "   IT- :"  "   - :"</li>\n  <li> "   ."  ",   ."</li>\n</ul>\n<p>https://nordclan.com/contacts/ -    </p>\n<p><br>\n</p>	\N	\N	\N	\N
24560	Task	3176	3176	description	\N	\N	\N	\N	\N	\N	\N	\N	update	2019-06-18 06:45:02.23+00	205	<p>https://nordclan.com/development/:</p>\n<ul>\n  <li> "       ."  "       ."</li>\n  <li> "  "  &nbsp;"   "</li>\n  <li> "       -    ."  "       2-3    ."</li>\n</ul>\n<p>https://nordclan.com/engineering/:</p>\n<ul>\n  <li> "   IT- :"  "   - :"</li>\n  <li> "   ."  ",   ."</li>\n</ul>\n<p>https://nordclan.com/contacts/:</p>\n<ul>\n  <li>   </li>\n  <li>&nbsp;  - "  , "&nbsp;</li>\n  <li>  - " . "&nbsp;</li>\n</ul>\n<p>https://nordclan.com/projects/hospitality/, https://nordclan.com/projects/medical/&nbsp;</p>\n<ul>\n  <li>   ";"  "."</li>\n</ul>\n<p><br>\n</p>	<p>https://nordclan.com/development/:</p>\n<ul>\n  <li> "       ."  "       ."</li>\n  <li> "  "  &nbsp;"   "</li>\n  <li> "       -    ."  "       2-3    ."</li>\n</ul>\n<p>https://nordclan.com/engineering/:</p>\n<ul>\n  <li> "   IT- :"  "   - :"</li>\n  <li> "   ."  ",   ."</li>\n</ul>\n<p>https://nordclan.com/contacts/:</p>\n<ul>\n  <li>   </li>\n  <li>&nbsp;  - "  , "&nbsp;</li>\n  <li>  - " . "&nbsp;</li>\n</ul>\n<p><br>\n</p>	\N	\N	\N	\N
24593	Task	3177	3177	statusId	\N	\N	7	8	\N	\N	\N	\N	update	2019-06-18 08:28:29.302+00	266	\N	\N	\N	\N	\N	\N
24606	Task	3185	3185	\N	\N	\N	\N	\N	\N	\N	\N	\N	create	2019-06-18 09:05:48.845+00	205	\N	\N	\N	\N	\N	\N
24607	Task	3176	3176	statusId	\N	\N	3	7	\N	\N	\N	\N	update	2019-06-18 09:36:15.862+00	266	\N	\N	\N	\N	\N	\N
24608	Task	3176	3176	performerId	\N	\N	266	212	\N	\N	\N	\N	update	2019-06-18 09:36:15.862+00	266	\N	\N	\N	\N	\N	\N
24609	Task	3186	3186	\N	\N	\N	\N	\N	\N	\N	\N	\N	create	2019-06-18 09:46:06.108+00	183	\N	\N	\N	\N	\N	\N
24610	Task	3187	3187	\N	\N	\N	\N	\N	\N	\N	\N	\N	create	2019-06-18 09:46:51.638+00	183	\N	\N	\N	\N	\N	\N
24611	Task	3107	3107	statusId	\N	\N	3	5	\N	\N	\N	\N	update	2019-06-18 09:54:24.523+00	186	\N	\N	\N	\N	\N	\N
24612	Task	3188	3188	\N	\N	\N	\N	\N	\N	\N	\N	\N	create	2019-06-18 09:58:26.623+00	186	\N	\N	\N	\N	\N	\N
24613	Task	3106	3106	statusId	\N	\N	1	3	\N	\N	\N	\N	update	2019-06-18 09:58:40.848+00	266	\N	\N	\N	\N	\N	\N
24614	Task	3090	3090	statusId	\N	\N	3	8	\N	\N	\N	\N	update	2019-06-18 10:00:20.216+00	1	\N	\N	\N	\N	\N	\N
24615	Task	3189	3189	\N	\N	\N	\N	\N	\N	\N	\N	\N	create	2019-06-18 10:02:01.876+00	1	\N	\N	\N	\N	\N	\N
24616	Task	3190	3190	\N	\N	\N	\N	\N	\N	\N	\N	\N	create	2019-06-18 10:14:04.926+00	102	\N	\N	\N	\N	\N	\N
24617	Task	3191	3191	\N	\N	\N	\N	\N	\N	\N	\N	\N	create	2019-06-18 10:15:58.069+00	102	\N	\N	\N	\N	\N	\N
24618	Task	3191	3191	prioritiesId	\N	\N	3	2	\N	\N	\N	\N	update	2019-06-18 10:18:43.241+00	102	\N	\N	\N	\N	\N	\N
24741	Task	3211	3211	statusId	\N	\N	1	3	\N	\N	\N	\N	update	2019-07-02 07:25:18.212+00	266	\N	\N	\N	\N	\N	\N
24742	Task	3211	3211	statusId	\N	\N	3	5	\N	\N	\N	\N	update	2019-07-02 07:25:24.962+00	266	\N	\N	\N	\N	\N	\N
24744	Task	3205	3205	statusId	\N	\N	1	3	\N	\N	\N	\N	update	2019-07-02 07:25:42.853+00	266	\N	\N	\N	\N	\N	\N
24561	Task	3176	3176	description	\N	\N	\N	\N	\N	\N	\N	\N	update	2019-06-18 06:46:46.816+00	205	<p>https://nordclan.com/development/:</p>\n<ul>\n  <li> "       ."  "       ."</li>\n  <li> "  "  &nbsp;"   "</li>\n  <li> "       -    ."  "       2-3    ."</li>\n</ul>\n<p>https://nordclan.com/engineering/:</p>\n<ul>\n  <li> "   IT- :"  "   - :"</li>\n  <li> "   ."  ",   ."</li>\n</ul>\n<p>https://nordclan.com/contacts/:</p>\n<ul>\n  <li>   </li>\n  <li>&nbsp;  - "  , "&nbsp;</li>\n  <li>  - " . "&nbsp;</li>\n</ul>\n<p>https://nordclan.com/projects/hospitality/, https://nordclan.com/projects/medical/,&nbsp;https://nordclan.com/projects/foodtech/ (   " ")</p>\n<ul>\n  <li>   ";"  "."</li>\n</ul>\n<p><br>\n</p>	<p>https://nordclan.com/development/:</p>\n<ul>\n  <li> "       ."  "       ."</li>\n  <li> "  "  &nbsp;"   "</li>\n  <li> "       -    ."  "       2-3    ."</li>\n</ul>\n<p>https://nordclan.com/engineering/:</p>\n<ul>\n  <li> "   IT- :"  "   - :"</li>\n  <li> "   ."  ",   ."</li>\n</ul>\n<p>https://nordclan.com/contacts/:</p>\n<ul>\n  <li>   </li>\n  <li>&nbsp;  - "  , "&nbsp;</li>\n  <li>  - " . "&nbsp;</li>\n</ul>\n<p>https://nordclan.com/projects/hospitality/, https://nordclan.com/projects/medical/&nbsp;</p>\n<ul>\n  <li>   ";"  "."</li>\n</ul>\n<p><br>\n</p>	\N	\N	\N	\N
24562	Task	3176	3176	description	\N	\N	\N	\N	\N	\N	\N	\N	update	2019-06-18 06:48:44.84+00	205	<p>https://nordclan.com/development/:</p>\n<ul>\n  <li> "       ."  "       ."</li>\n  <li> "  "  &nbsp;"   "</li>\n  <li> "       -    ."  "       2-3    ."</li>\n</ul>\n<p>https://nordclan.com/engineering/:</p>\n<ul>\n  <li> "   IT- :"  "   - :"</li>\n  <li> "   ."  ",   ."</li>\n</ul>\n<p>https://nordclan.com/contacts/:</p>\n<ul>\n  <li>   </li>\n  <li>&nbsp;  - "  , "&nbsp;</li>\n  <li>  - " . "&nbsp;</li>\n</ul>\n<p>https://nordclan.com/projects/hospitality/, https://nordclan.com/projects/medical/,&nbsp;https://nordclan.com/projects/foodtech/ (   " ")</p>\n<ul>\n  <li>   ";"  "."</li>\n</ul>\n<p>    ""    - ,  </p>\n<p><br>\n</p>	<p>https://nordclan.com/development/:</p>\n<ul>\n  <li> "       ."  "       ."</li>\n  <li> "  "  &nbsp;"   "</li>\n  <li> "       -    ."  "       2-3    ."</li>\n</ul>\n<p>https://nordclan.com/engineering/:</p>\n<ul>\n  <li> "   IT- :"  "   - :"</li>\n  <li> "   ."  ",   ."</li>\n</ul>\n<p>https://nordclan.com/contacts/:</p>\n<ul>\n  <li>   </li>\n  <li>&nbsp;  - "  , "&nbsp;</li>\n  <li>  - " . "&nbsp;</li>\n</ul>\n<p>https://nordclan.com/projects/hospitality/, https://nordclan.com/projects/medical/,&nbsp;https://nordclan.com/projects/foodtech/ (   " ")</p>\n<ul>\n  <li>   ";"  "."</li>\n</ul>\n<p><br>\n</p>	\N	\N	\N	\N
24563	Task	3176	3176	description	\N	\N	\N	\N	\N	\N	\N	\N	update	2019-06-18 06:52:49.115+00	205	<p>https://nordclan.com/development/:</p>\n<ul>\n  <li> "       ."  "       ."</li>\n  <li> "  "  &nbsp;"   "</li>\n  <li> "       -    ."  "       2-3    ."</li>\n</ul>\n<p>https://nordclan.com/engineering/:</p>\n<ul>\n  <li> "   IT- :"  "   - :"</li>\n  <li> "   ."  ",   ."</li>\n</ul>\n<p>https://nordclan.com/contacts/:</p>\n<ul>\n  <li>   </li>\n  <li>&nbsp;  - "  , "&nbsp;</li>\n  <li>  - " . "&nbsp;</li>\n</ul>\n<p>https://nordclan.com/projects/hospitality/, https://nordclan.com/projects/medical/,&nbsp; https://nordclan.com/projects/foodtech/ (   " ")</p>\n<ul>\n  <li>   ";"  "."</li>\n</ul>\n<p>    ""    - ,  </p>\n<p><br>\n</p>	<p>https://nordclan.com/development/:</p>\n<ul>\n  <li> "       ."  "       ."</li>\n  <li> "  "  &nbsp;"   "</li>\n  <li> "       -    ."  "       2-3    ."</li>\n</ul>\n<p>https://nordclan.com/engineering/:</p>\n<ul>\n  <li> "   IT- :"  "   - :"</li>\n  <li> "   ."  ",   ."</li>\n</ul>\n<p>https://nordclan.com/contacts/:</p>\n<ul>\n  <li>   </li>\n  <li>&nbsp;  - "  , "&nbsp;</li>\n  <li>  - " . "&nbsp;</li>\n</ul>\n<p>https://nordclan.com/projects/hospitality/, https://nordclan.com/projects/medical/,&nbsp;https://nordclan.com/projects/foodtech/ (   " ")</p>\n<ul>\n  <li>   ";"  "."</li>\n</ul>\n<p>    ""    - ,  </p>\n<p><br>\n</p>	\N	\N	\N	\N
24564	Task	3177	3177	\N	\N	\N	\N	\N	\N	\N	\N	\N	create	2019-06-18 06:59:44.663+00	266	\N	\N	\N	\N	\N	\N
24565	Task	3177	3177	statusId	\N	\N	1	3	\N	\N	\N	\N	update	2019-06-18 07:00:54.174+00	266	\N	\N	\N	\N	\N	\N
24566	Task	3177	3177	statusId	\N	\N	3	7	\N	\N	\N	\N	update	2019-06-18 07:01:10.465+00	266	\N	\N	\N	\N	\N	\N
24567	Task	3177	3177	performerId	\N	\N	266	212	\N	\N	\N	\N	update	2019-06-18 07:01:51.304+00	266	\N	\N	\N	\N	\N	\N
24568	Task	3178	3178	\N	\N	\N	\N	\N	\N	\N	\N	\N	create	2019-06-18 07:34:30.83+00	266	\N	\N	\N	\N	\N	\N
24569	Task	3178	3178	prioritiesId	\N	\N	3	4	\N	\N	\N	\N	update	2019-06-18 07:34:36.654+00	266	\N	\N	\N	\N	\N	\N
24570	Task	3176	3176	performerId	\N	\N	\N	266	\N	\N	\N	\N	update	2019-06-18 07:34:48.827+00	266	\N	\N	\N	\N	\N	\N
24571	Task	3176	3176	statusId	\N	\N	1	3	\N	\N	\N	\N	update	2019-06-18 07:35:18.983+00	266	\N	\N	\N	\N	\N	\N
24572	Task	3176	3176	statusId	\N	\N	3	2	\N	\N	\N	\N	update	2019-06-18 07:35:22.075+00	266	\N	\N	\N	\N	\N	\N
24573	Task	3179	3179	\N	\N	\N	\N	\N	\N	\N	\N	\N	create	2019-06-18 07:37:17.377+00	266	\N	\N	\N	\N	\N	\N
24574	Task	3106	3106	performerId	\N	\N	\N	266	\N	\N	\N	\N	update	2019-06-18 08:05:27.82+00	102	\N	\N	\N	\N	\N	\N
24575	Task	3106	3106	prioritiesId	\N	\N	3	2	\N	\N	\N	\N	update	2019-06-18 08:08:25.849+00	102	\N	\N	\N	\N	\N	\N
24576	Task	3089	3089	statusId	\N	\N	1	3	\N	\N	\N	\N	update	2019-06-18 08:08:39.024+00	102	\N	\N	\N	\N	\N	\N
24577	Task	3083	3083	sprintId	\N	\N	424	428	\N	\N	\N	\N	update	2019-06-18 08:13:20.971+00	102	\N	\N	\N	\N	\N	\N
24578	Task	3085	3085	sprintId	\N	\N	424	428	\N	\N	\N	\N	update	2019-06-18 08:13:26.521+00	102	\N	\N	\N	\N	\N	\N
24579	Task	3080	3080	statusId	\N	\N	1	9	\N	\N	\N	\N	update	2019-06-18 08:23:35.805+00	102	\N	\N	\N	\N	\N	\N
24580	Task	3081	3081	statusId	\N	\N	1	9	\N	\N	\N	\N	update	2019-06-18 08:23:45.145+00	102	\N	\N	\N	\N	\N	\N
24581	Task	3082	3082	sprintId	\N	\N	424	428	\N	\N	\N	\N	update	2019-06-18 08:24:00.17+00	102	\N	\N	\N	\N	\N	\N
24582	Task	3087	3087	sprintId	\N	\N	424	428	\N	\N	\N	\N	update	2019-06-18 08:24:22.668+00	102	\N	\N	\N	\N	\N	\N
24583	Task	3088	3088	sprintId	\N	\N	424	428	\N	\N	\N	\N	update	2019-06-18 08:24:25.221+00	102	\N	\N	\N	\N	\N	\N
24584	Task	3086	3086	sprintId	\N	\N	424	428	\N	\N	\N	\N	update	2019-06-18 08:24:28.242+00	102	\N	\N	\N	\N	\N	\N
24585	Task	3090	3090	sprintId	\N	\N	424	428	\N	\N	\N	\N	update	2019-06-18 08:24:58.949+00	102	\N	\N	\N	\N	\N	\N
24586	Task	3089	3089	sprintId	\N	\N	424	428	\N	\N	\N	\N	update	2019-06-18 08:25:09.373+00	102	\N	\N	\N	\N	\N	\N
24587	Task	3179	3179	sprintId	\N	\N	425	427	\N	\N	\N	\N	update	2019-06-18 08:26:56.575+00	266	\N	\N	\N	\N	\N	\N
24588	Task	3178	3178	sprintId	\N	\N	425	427	\N	\N	\N	\N	update	2019-06-18 08:27:11.64+00	266	\N	\N	\N	\N	\N	\N
24589	Task	3176	3176	sprintId	\N	\N	425	427	\N	\N	\N	\N	update	2019-06-18 08:27:29.522+00	266	\N	\N	\N	\N	\N	\N
24590	Task	3171	3171	sprintId	\N	\N	425	427	\N	\N	\N	\N	update	2019-06-18 08:27:40.663+00	266	\N	\N	\N	\N	\N	\N
24591	Task	3173	3173	sprintId	\N	\N	425	427	\N	\N	\N	\N	update	2019-06-18 08:27:45.938+00	266	\N	\N	\N	\N	\N	\N
24619	Task	3191	3191	description	\N	\N	\N	\N	\N	\N	\N	\N	update	2019-06-18 10:18:45.424+00	102	<p>-      (     )</p>\n<p>-   </p>\n<p>-      (       )</p>\n<p>-      </p>	<p>-      (</p>	\N	\N	\N	\N
24620	Task	3099	3099	performerId	\N	\N	186	183	\N	\N	\N	\N	update	2019-06-18 11:02:58.035+00	183	\N	\N	\N	\N	\N	\N
24621	Task	3192	3192	\N	\N	\N	\N	\N	\N	\N	\N	\N	create	2019-06-18 11:08:22.856+00	183	\N	\N	\N	\N	\N	\N
24622	Task	3193	3193	\N	\N	\N	\N	\N	\N	\N	\N	\N	create	2019-06-18 11:08:33.23+00	183	\N	\N	\N	\N	\N	\N
24623	Task	3099	3099	statusId	\N	\N	3	5	\N	\N	\N	\N	update	2019-06-18 11:08:43.428+00	183	\N	\N	\N	\N	\N	\N
24624	Task	3099	3099	statusId	\N	\N	5	8	\N	\N	\N	\N	update	2019-06-18 11:14:26.205+00	183	\N	\N	\N	\N	\N	\N
24625	Task	3186	3186	statusId	\N	\N	1	3	\N	\N	\N	\N	update	2019-06-18 11:14:50.846+00	183	\N	\N	\N	\N	\N	\N
24626	Task	3186	3186	performerId	\N	\N	\N	183	\N	\N	\N	\N	update	2019-06-18 11:14:50.846+00	183	\N	\N	\N	\N	\N	\N
24627	Task	3187	3187	statusId	\N	\N	1	3	\N	\N	\N	\N	update	2019-06-18 11:14:57.179+00	183	\N	\N	\N	\N	\N	\N
24628	Task	3187	3187	performerId	\N	\N	\N	183	\N	\N	\N	\N	update	2019-06-18 11:14:57.179+00	183	\N	\N	\N	\N	\N	\N
24629	Task	3168	3168	prioritiesId	\N	\N	4	2	\N	\N	\N	\N	update	2019-06-18 11:24:53.647+00	102	\N	\N	\N	\N	\N	\N
24630	Task	3194	3194	\N	\N	\N	\N	\N	\N	\N	\N	\N	create	2019-06-18 12:03:34.455+00	266	\N	\N	\N	\N	\N	\N
24631	Task	3194	3194	statusId	\N	\N	1	3	\N	\N	\N	\N	update	2019-06-18 12:03:45.629+00	266	\N	\N	\N	\N	\N	\N
24632	Task	3106	3106	statusId	\N	\N	3	1	\N	\N	\N	\N	update	2019-06-18 12:03:53.437+00	266	\N	\N	\N	\N	\N	\N
24633	Task	3195	3195	\N	\N	\N	\N	\N	\N	\N	\N	\N	create	2019-06-18 12:17:33.138+00	183	\N	\N	\N	\N	\N	\N
24634	TaskAttachment	1739	3195	\N	\N	\N	\N	\N	\N	\N	\N	\N	create	2019-06-18 12:20:07.214+00	183	\N	\N	\N	\N	\N	\N
24635	TaskAttachment	1740	3195	\N	\N	\N	\N	\N	\N	\N	\N	\N	create	2019-06-18 12:25:31.2+00	183	\N	\N	\N	\N	\N	\N
24636	Task	3195	3195	description	\N	\N	\N	\N	\N	\N	\N	\N	update	2019-06-18 12:26:22.305+00	183	<p>      .&nbsp;</p>\n<p>300      </p>	<p><br></p>	\N	\N	\N	\N
24637	Task	3196	3196	\N	\N	\N	\N	\N	\N	\N	\N	\N	create	2019-06-18 13:31:52.672+00	102	\N	\N	\N	\N	\N	\N
24638	Task	3196	3196	description	\N	\N	\N	\N	\N	\N	\N	\N	update	2019-06-18 13:32:16.345+00	102	<p>   SS</p>	<p><br></p>	\N	\N	\N	\N
24639	Task	3196	3196	description	\N	\N	\N	\N	\N	\N	\N	\N	update	2019-06-18 13:36:34.96+00	102	<p>   SS</p>\n<p>     .</p>	<p>   SS</p>	\N	\N	\N	\N
24640	Task	3197	3197	\N	\N	\N	\N	\N	\N	\N	\N	\N	create	2019-06-18 14:09:53.274+00	102	\N	\N	\N	\N	\N	\N
24641	Task	3197	3197	description	\N	\N	\N	\N	\N	\N	\N	\N	update	2019-06-18 14:12:13.914+00	102	<p>:        .</p>\n<p>:       .</p>\n<p><br></p>\n<p>    mywasher.pro   :&nbsp;</p>\n<p><br></p>\n<p>: ceo@go-wash.ru</p>\n<p>: qwerty1234</p>\n<p>&nbsp;</p>\n<p><br></p>\n<p>&nbsp;</p>\n<p>  </p>\n<p>&nbsp;</p>\n<p>ERP   ,   . +  CRM  WMS (warehouse management system).</p>\n<p><br></p>\n<p> &nbsp;&nbsp;&nbsp;&nbsp;&nbsp; </p>\n<p><br></p>\n<p> &nbsp;&nbsp;&nbsp;&nbsp;&nbsp;,   , ,    </p>\n<p><br></p>\n<p> &nbsp;&nbsp;&nbsp;&nbsp;&nbsp;   </p>\n<p><br></p>\n<p> &nbsp;&nbsp;&nbsp;&nbsp;&nbsp;    </p>\n<p><br></p>\n<p> &nbsp;&nbsp;&nbsp;&nbsp;&nbsp; ,  ,   </p>\n<p><br></p>\n<p> &nbsp;&nbsp;&nbsp;&nbsp;&nbsp;        </p>\n<p><br></p>\n<p> &nbsp;&nbsp;&nbsp;&nbsp;&nbsp;     API</p>\n<p><br></p>\n<p> &nbsp;&nbsp;&nbsp;&nbsp;&nbsp;            </p>\n<p><br></p>\n<p> &nbsp;&nbsp;&nbsp;&nbsp;&nbsp; ,   ( ,   ).</p>\n<p><br></p>\n<p> &nbsp;&nbsp;&nbsp;&nbsp;&nbsp;    </p>	<p>    mywasher.pro   :</p>\n<p><br></p>\n<p>&nbsp;</p>\n<p><br></p>\n<p>: ceo@go-wash.ru</p>\n<p>: qwerty1234</p>\n<p>&nbsp;</p>\n<p><br></p>\n<p>&nbsp;</p>\n<p>  </p>\n<p>&nbsp;</p>\n<p>ERP   ,   . +  CRM  WMS (warehouse management system).</p>\n<p><br></p>\n<p> &nbsp;&nbsp;&nbsp;&nbsp;&nbsp; </p>\n<p><br></p>\n<p> &nbsp;&nbsp;&nbsp;&nbsp;&nbsp;,   , ,    </p>\n<p><br></p>\n<p> &nbsp;&nbsp;&nbsp;&nbsp;&nbsp;   </p>\n<p><br></p>\n<p> &nbsp;&nbsp;&nbsp;&nbsp;&nbsp;    </p>\n<p><br></p>\n<p> &nbsp;&nbsp;&nbsp;&nbsp;&nbsp; ,  ,   </p>\n<p><br></p>\n<p> &nbsp;&nbsp;&nbsp;&nbsp;&nbsp;        </p>\n<p><br></p>\n<p> &nbsp;&nbsp;&nbsp;&nbsp;&nbsp;     API</p>\n<p><br></p>\n<p> &nbsp;&nbsp;&nbsp;&nbsp;&nbsp;            </p>\n<p><br></p>\n<p> &nbsp;&nbsp;&nbsp;&nbsp;&nbsp; ,   ( ,   ).</p>\n<p><br></p>\n<p> &nbsp;&nbsp;&nbsp;&nbsp;&nbsp;    </p>	\N	\N	\N	\N
24642	Task	3198	3198	\N	\N	\N	\N	\N	\N	\N	\N	\N	create	2019-06-19 05:59:15.267+00	183	\N	\N	\N	\N	\N	\N
24643	Task	3168	3168	description	\N	\N	\N	\N	\N	\N	\N	\N	update	2019-06-19 05:59:33.298+00	102	<p> : &nbsp;  </p>\n<p><br></p>	<p><br></p>	\N	\N	\N	\N
24644	Task	3198	3198	statusId	\N	\N	1	3	\N	\N	\N	\N	update	2019-06-19 05:59:37.931+00	183	\N	\N	\N	\N	\N	\N
24645	Task	3198	3198	performerId	\N	\N	\N	183	\N	\N	\N	\N	update	2019-06-19 05:59:37.931+00	183	\N	\N	\N	\N	\N	\N
24646	Task	3199	3199	\N	\N	\N	\N	\N	\N	\N	\N	\N	create	2019-06-19 06:00:03.296+00	102	\N	\N	\N	\N	\N	\N
24647	Task	3168	3168	description	\N	\N	\N	\N	\N	\N	\N	\N	update	2019-06-19 06:01:36.139+00	102	<p>: Site NordClan</p>\n<p> : &nbsp;  </p>\n<p>: &nbsp;</p>\n<p>: &nbsp;</p>\n<p>: +7 948 537 63 62&nbsp;</p>\n<p>Email: ilya.kashtankin@nordclan.com&nbsp;</p>\n<p>: dfdvfdfs</p>	<p> : &nbsp;  </p>\n<p><br></p>	\N	\N	\N	\N
24648	Task	3168	3168	performerId	\N	\N	\N	266	\N	\N	\N	\N	update	2019-06-19 06:01:51.647+00	102	\N	\N	\N	\N	\N	\N
24649	Task	3118	3118	statusId	\N	\N	3	5	\N	\N	\N	\N	update	2019-06-19 06:09:03.002+00	102	\N	\N	\N	\N	\N	\N
24650	Task	3089	3089	statusId	\N	\N	3	8	\N	\N	\N	\N	update	2019-06-19 06:09:12.086+00	102	\N	\N	\N	\N	\N	\N
24651	Task	3172	3172	statusId	\N	\N	7	8	\N	\N	\N	\N	update	2019-06-19 06:46:51.675+00	212	\N	\N	\N	\N	\N	\N
24652	Task	3199	3199	statusId	\N	\N	1	3	\N	\N	\N	\N	update	2019-06-19 07:22:18.288+00	239	\N	\N	\N	\N	\N	\N
24653	Task	3197	3197	performerId	\N	\N	\N	205	\N	\N	\N	\N	update	2019-06-19 07:34:24.988+00	205	\N	\N	\N	\N	\N	\N
24654	Task	3196	3196	statusId	\N	\N	1	3	\N	\N	\N	\N	update	2019-06-19 07:35:41.999+00	205	\N	\N	\N	\N	\N	\N
24655	Task	3197	3197	statusId	\N	\N	1	3	\N	\N	\N	\N	update	2019-06-19 07:35:44.958+00	205	\N	\N	\N	\N	\N	\N
24656	Task	3200	3200	\N	\N	\N	\N	\N	\N	\N	\N	\N	create	2019-06-19 07:43:44.726+00	212	\N	\N	\N	\N	\N	\N
24657	Task	3200	3200	statusId	\N	\N	1	3	\N	\N	\N	\N	update	2019-06-19 07:43:49.55+00	212	\N	\N	\N	\N	\N	\N
24658	Task	3201	3201	\N	\N	\N	\N	\N	\N	\N	\N	\N	create	2019-06-19 07:44:10.882+00	212	\N	\N	\N	\N	\N	\N
24659	Task	3201	3201	sprintId	\N	\N	428	424	\N	\N	\N	\N	update	2019-06-19 07:45:57.633+00	212	\N	\N	\N	\N	\N	\N
24660	Task	3202	3202	\N	\N	\N	\N	\N	\N	\N	\N	\N	create	2019-06-19 07:47:09.695+00	212	\N	\N	\N	\N	\N	\N
24661	Task	3196	3196	plannedExecutionTime	\N	\N	\N	\N	\N	\N	\N	\N	update	2019-06-19 07:47:25.552+00	205	\N	\N	\N	\N	\N	\N
24662	Task	3202	3202	performerId	\N	\N	\N	212	\N	\N	\N	\N	update	2019-06-19 07:47:32.11+00	212	\N	\N	\N	\N	\N	\N
24663	Task	3197	3197	statusId	\N	\N	3	2	\N	\N	\N	\N	update	2019-06-19 07:47:36.102+00	205	\N	\N	\N	\N	\N	\N
24664	Task	3197	3197	plannedExecutionTime	\N	\N	\N	\N	\N	\N	\N	\N	update	2019-06-19 07:47:39.601+00	205	\N	\N	\N	\N	\N	\N
24665	Task	3197	3197	plannedExecutionTime	\N	\N	\N	\N	\N	\N	\N	\N	update	2019-06-19 07:47:43.109+00	205	\N	\N	\N	\N	\N	\N
24740	Task	3211	3211	\N	\N	\N	\N	\N	\N	\N	\N	\N	create	2019-07-02 07:25:02.632+00	266	\N	\N	\N	\N	\N	\N
24743	Task	3205	3205	performerId	\N	\N	\N	266	\N	\N	\N	\N	update	2019-07-02 07:25:39.886+00	266	\N	\N	\N	\N	\N	\N
24745	Task	3205	3205	statusId	\N	\N	3	5	\N	\N	\N	\N	update	2019-07-02 07:25:49.135+00	266	\N	\N	\N	\N	\N	\N
24666	Task	3202	3202	description	\N	\N	\N	\N	\N	\N	\N	\N	update	2019-06-19 08:24:05.002+00	35	<p>    ,    .</p>\n<p></p>\n<p> </p>\n<p> &nbsp;</p>\n<p></p>	<p><br></p>	\N	\N	\N	\N
24667	Task	3199	3199	statusId	\N	\N	3	7	\N	\N	\N	\N	update	2019-06-19 08:32:53.489+00	239	\N	\N	\N	\N	\N	\N
24668	Task	3199	3199	performerId	\N	\N	239	212	\N	\N	\N	\N	update	2019-06-19 08:32:53.489+00	239	\N	\N	\N	\N	\N	\N
24669	Task	3203	3203	\N	\N	\N	\N	\N	\N	\N	\N	\N	create	2019-06-19 09:10:40.427+00	212	\N	\N	\N	\N	\N	\N
24670	Task	3203	3203	statusId	\N	\N	1	3	\N	\N	\N	\N	update	2019-06-19 09:10:43.851+00	212	\N	\N	\N	\N	\N	\N
24671	TaskAttachment	1741	3194	\N	\N	\N	\N	\N	\N	\N	\N	\N	create	2019-06-19 09:11:21.399+00	266	\N	\N	\N	\N	\N	\N
24672	Task	3194	3194	statusId	\N	\N	3	7	\N	\N	\N	\N	update	2019-06-19 09:15:29.782+00	266	\N	\N	\N	\N	\N	\N
24673	Task	3141	3141	statusId	\N	\N	8	10	\N	\N	\N	\N	update	2019-06-19 09:16:14.337+00	266	\N	\N	\N	\N	\N	\N
24674	Task	3177	3177	statusId	\N	\N	8	10	\N	\N	\N	\N	update	2019-06-19 09:16:19.104+00	266	\N	\N	\N	\N	\N	\N
24675	Task	3135	3135	statusId	\N	\N	8	10	\N	\N	\N	\N	update	2019-06-19 09:16:23.087+00	266	\N	\N	\N	\N	\N	\N
24676	Task	3142	3142	statusId	\N	\N	8	10	\N	\N	\N	\N	update	2019-06-19 09:16:29.503+00	266	\N	\N	\N	\N	\N	\N
24677	Task	3168	3168	statusId	\N	\N	1	3	\N	\N	\N	\N	update	2019-06-19 09:18:07.455+00	266	\N	\N	\N	\N	\N	\N
24678	Task	3204	3204	\N	\N	\N	\N	\N	\N	\N	\N	\N	create	2019-06-19 09:35:39.026+00	266	\N	\N	\N	\N	\N	\N
24679	Task	3204	3203	\N	\N	\N	\N	\N	\N	\N	\N	\N	create	2019-06-19 09:35:39.026+00	266	\N	\N	\N	\N	\N	\N
24680	Task	3205	3205	\N	\N	\N	\N	\N	\N	\N	\N	\N	create	2019-06-19 10:28:01.793+00	35	\N	\N	\N	\N	\N	\N
24681	Task	3206	3206	\N	\N	\N	\N	\N	\N	\N	\N	\N	create	2019-06-19 10:31:04.074+00	35	\N	\N	\N	\N	\N	\N
24682	Task	3205	3205	description	\N	\N	\N	\N	\N	\N	\N	\N	update	2019-06-19 10:52:36.359+00	102	<p>    &nbsp;</p>\n<p>    </p>\n<p><br></p>\n<p>http://joxi.ru/nAyZRnZTgWJwkr</p>\n<p>   -   </p>\n<p> -   "  "</p>\n<p>  </p>	<p>    &nbsp;</p>\n<p>    </p>	\N	\N	\N	\N
24683	Task	3205	3205	sprintId	\N	\N	\N	427	\N	\N	\N	\N	update	2019-06-19 10:52:39.559+00	102	\N	\N	\N	\N	\N	\N
24684	Task	3207	3207	\N	\N	\N	\N	\N	\N	\N	\N	\N	create	2019-06-19 11:15:11.211+00	35	\N	\N	\N	\N	\N	\N
24685	Task	3207	3207	performerId	\N	\N	357	102	\N	\N	\N	\N	update	2019-06-19 11:28:28.989+00	35	\N	\N	\N	\N	\N	\N
24686	Task	3207	3207	statusId	\N	\N	1	8	\N	\N	\N	\N	update	2019-06-19 11:30:04.567+00	102	\N	\N	\N	\N	\N	\N
24687	Task	3207	3207	performerId	\N	\N	102	357	\N	\N	\N	\N	update	2019-06-19 11:30:04.567+00	102	\N	\N	\N	\N	\N	\N
24688	Task	3207	3207	statusId	\N	\N	8	3	\N	\N	\N	\N	update	2019-06-19 11:31:12.687+00	35	\N	\N	\N	\N	\N	\N
24689	Task	3207	3207	performerId	\N	\N	357	1	\N	\N	\N	\N	update	2019-06-19 11:31:12.687+00	35	\N	\N	\N	\N	\N	\N
24690	Task	3207	3207	statusId	\N	\N	3	7	\N	\N	\N	\N	update	2019-06-19 11:33:56.91+00	1	\N	\N	\N	\N	\N	\N
24691	Task	3207	3207	statusId	\N	\N	7	8	\N	\N	\N	\N	update	2019-06-19 11:34:02.859+00	1	\N	\N	\N	\N	\N	\N
24692	Task	3207	3207	statusId	\N	\N	8	10	\N	\N	\N	\N	update	2019-06-19 11:34:30.974+00	35	\N	\N	\N	\N	\N	\N
24693	Task	3207	3207	statusId	\N	\N	10	1	\N	\N	\N	\N	update	2019-06-19 11:34:35.907+00	35	\N	\N	\N	\N	\N	\N
24694	Task	3207	3207	performerId	\N	\N	1	344	\N	\N	\N	\N	update	2019-06-19 11:52:59.78+00	357	\N	\N	\N	\N	\N	\N
24695	Task	3203	3203	statusId	\N	\N	3	5	\N	\N	\N	\N	update	2019-06-19 12:24:56.008+00	266	\N	\N	\N	\N	\N	\N
24696	Task	3203	3203	performerId	\N	\N	212	266	\N	\N	\N	\N	update	2019-06-19 12:24:56.008+00	266	\N	\N	\N	\N	\N	\N
24697	Task	3203	3203	performerId	\N	\N	266	212	\N	\N	\N	\N	update	2019-06-19 12:25:20.991+00	266	\N	\N	\N	\N	\N	\N
24698	Task	3203	3203	statusId	\N	\N	5	3	\N	\N	\N	\N	update	2019-06-19 12:25:30.923+00	266	\N	\N	\N	\N	\N	\N
24699	Task	3204	3204	statusId	\N	\N	1	3	\N	\N	\N	\N	update	2019-06-19 12:25:41.797+00	266	\N	\N	\N	\N	\N	\N
24700	Task	3204	3204	statusId	\N	\N	3	5	\N	\N	\N	\N	update	2019-06-19 12:27:32.923+00	266	\N	\N	\N	\N	\N	\N
24701	Task	3179	3179	statusId	\N	\N	3	1	\N	\N	\N	\N	update	2019-06-19 12:27:45.189+00	266	\N	\N	\N	\N	\N	\N
24702	Task	3194	3194	statusId	\N	\N	7	5	\N	\N	\N	\N	update	2019-06-19 12:27:52.63+00	266	\N	\N	\N	\N	\N	\N
24703	Task	3199	3199	statusId	\N	\N	7	8	\N	\N	\N	\N	update	2019-06-19 13:40:04.57+00	212	\N	\N	\N	\N	\N	\N
24704	Task	3176	3176	statusId	\N	\N	7	8	\N	\N	\N	\N	update	2019-06-19 13:40:07.595+00	212	\N	\N	\N	\N	\N	\N
24705	Task	3208	3208	\N	\N	\N	\N	\N	\N	\N	\N	\N	create	2019-06-19 14:03:26.833+00	336	\N	\N	\N	\N	\N	\N
24706	Task	3208	3208	plannedExecutionTime	\N	\N	\N	\N	\N	\N	\N	\N	update	2019-06-19 14:03:42.896+00	336	\N	\N	\N	\N	\N	\N
24707	TaskAttachment	1742	3168	\N	\N	\N	\N	\N	\N	\N	\N	\N	create	2019-06-19 14:08:28.861+00	266	\N	\N	\N	\N	\N	\N
24708	Task	3168	3168	statusId	\N	\N	3	7	\N	\N	\N	\N	update	2019-06-19 14:14:51.934+00	266	\N	\N	\N	\N	\N	\N
24709	Task	3168	3168	performerId	\N	\N	266	212	\N	\N	\N	\N	update	2019-06-19 14:14:51.934+00	266	\N	\N	\N	\N	\N	\N
24710	Task	3209	3209	\N	\N	\N	\N	\N	\N	\N	\N	\N	create	2019-06-19 14:24:14.714+00	266	\N	\N	\N	\N	\N	\N
24711	Task	3209	3209	plannedExecutionTime	\N	\N	\N	\N	\N	\N	\N	\N	update	2019-06-19 14:24:37.153+00	266	\N	\N	\N	\N	\N	\N
24712	Task	3179	3179	plannedExecutionTime	\N	\N	\N	\N	\N	\N	\N	\N	update	2019-06-19 14:24:49.927+00	266	\N	\N	\N	\N	\N	\N
24713	Task	3210	3210	\N	\N	\N	\N	\N	\N	\N	\N	\N	create	2019-06-19 14:40:50.389+00	266	\N	\N	\N	\N	\N	\N
24714	Task	3210	3210	plannedExecutionTime	\N	\N	\N	\N	\N	\N	\N	\N	update	2019-06-19 14:41:12.113+00	266	\N	\N	\N	\N	\N	\N
24715	Task	3210	3210	statusId	\N	\N	1	3	\N	\N	\N	\N	update	2019-06-19 14:41:17.929+00	266	\N	\N	\N	\N	\N	\N
24716	Task	3204	3204	statusId	\N	\N	5	7	\N	\N	\N	\N	update	2019-06-28 13:24:03.739+00	266	\N	\N	\N	\N	\N	\N
24717	Task	3194	3194	statusId	\N	\N	5	7	\N	\N	\N	\N	update	2019-06-28 13:24:07.401+00	266	\N	\N	\N	\N	\N	\N
24718	Task	3210	3210	statusId	\N	\N	3	7	\N	\N	\N	\N	update	2019-06-28 13:24:12.059+00	266	\N	\N	\N	\N	\N	\N
24719	Task	3106	3106	statusId	\N	\N	1	7	\N	\N	\N	\N	update	2019-06-28 13:24:14.826+00	266	\N	\N	\N	\N	\N	\N
24720	Task	3209	3209	statusId	\N	\N	1	3	\N	\N	\N	\N	update	2019-06-28 13:24:18.75+00	266	\N	\N	\N	\N	\N	\N
24721	Task	3179	3179	statusId	\N	\N	1	3	\N	\N	\N	\N	update	2019-06-28 13:24:20.675+00	266	\N	\N	\N	\N	\N	\N
24722	Task	3209	3209	statusId	\N	\N	3	7	\N	\N	\N	\N	update	2019-06-28 13:24:25.209+00	266	\N	\N	\N	\N	\N	\N
24723	Task	3179	3179	statusId	\N	\N	3	5	\N	\N	\N	\N	update	2019-06-28 13:24:28.683+00	266	\N	\N	\N	\N	\N	\N
24724	Task	3179	3179	statusId	\N	\N	5	7	\N	\N	\N	\N	update	2019-06-28 13:24:33+00	266	\N	\N	\N	\N	\N	\N
24725	Task	3204	3204	statusId	\N	\N	7	8	\N	\N	\N	\N	update	2019-06-28 13:24:36.649+00	266	\N	\N	\N	\N	\N	\N
24726	Task	3204	3204	statusId	\N	\N	8	10	\N	\N	\N	\N	update	2019-06-28 13:24:38.899+00	266	\N	\N	\N	\N	\N	\N
24727	Task	3203	3203	statusId	\N	\N	3	5	\N	\N	\N	\N	update	2019-06-28 13:25:37.162+00	266	\N	\N	\N	\N	\N	\N
24728	Task	3203	3203	performerId	\N	\N	212	266	\N	\N	\N	\N	update	2019-06-28 13:25:37.162+00	266	\N	\N	\N	\N	\N	\N
24729	Task	3203	3203	statusId	\N	\N	5	7	\N	\N	\N	\N	update	2019-06-28 13:25:41.17+00	266	\N	\N	\N	\N	\N	\N
24730	Task	3198	3198	statusId	\N	\N	3	5	\N	\N	\N	\N	update	2019-06-28 13:25:47.57+00	266	\N	\N	\N	\N	\N	\N
24731	Task	3198	3198	performerId	\N	\N	183	266	\N	\N	\N	\N	update	2019-06-28 13:25:47.57+00	266	\N	\N	\N	\N	\N	\N
24732	Task	3198	3198	statusId	\N	\N	5	7	\N	\N	\N	\N	update	2019-06-28 13:25:51.136+00	266	\N	\N	\N	\N	\N	\N
24733	Task	3198	3198	statusId	\N	\N	7	6	\N	\N	\N	\N	update	2019-06-28 13:25:55.585+00	266	\N	\N	\N	\N	\N	\N
24734	Task	3198	3198	statusId	\N	\N	6	7	\N	\N	\N	\N	update	2019-06-28 13:25:58.111+00	266	\N	\N	\N	\N	\N	\N
24735	Task	3203	3203	statusId	\N	\N	7	5	\N	\N	\N	\N	update	2019-06-28 13:28:50.887+00	266	\N	\N	\N	\N	\N	\N
24736	Task	3203	3203	performerId	\N	\N	266	205	\N	\N	\N	\N	update	2019-06-28 13:28:50.887+00	266	\N	\N	\N	\N	\N	\N
24737	Task	3198	3198	statusId	\N	\N	7	6	\N	\N	\N	\N	update	2019-06-28 13:56:25.417+00	266	\N	\N	\N	\N	\N	\N
24738	Task	3198	3198	statusId	\N	\N	6	7	\N	\N	\N	\N	update	2019-06-28 13:56:26.142+00	266	\N	\N	\N	\N	\N	\N
24739	Task	3198	3198	statusId	\N	\N	7	6	\N	\N	\N	\N	update	2019-07-02 07:22:45.173+00	266	\N	\N	\N	\N	\N	\N
24746	Task	3197	3197	statusId	\N	\N	3	1	\N	\N	\N	\N	update	2019-07-02 07:28:41.849+00	266	\N	\N	\N	\N	\N	\N
24747	Task	3197	3197	statusId	\N	\N	1	3	\N	\N	\N	\N	update	2019-07-02 07:28:46.274+00	266	\N	\N	\N	\N	\N	\N
24748	Task	3211	3211	statusId	\N	\N	5	1	\N	\N	\N	\N	update	2019-07-02 07:29:13.505+00	266	\N	\N	\N	\N	\N	\N
24749	Task	3200	3200	statusId	\N	\N	3	5	\N	\N	\N	\N	update	2019-07-02 07:29:21.047+00	266	\N	\N	\N	\N	\N	\N
24750	Task	3211	3211	statusId	\N	\N	1	3	\N	\N	\N	\N	update	2019-07-02 07:31:04.049+00	266	\N	\N	\N	\N	\N	\N
24751	Task	3211	3211	performerId	\N	\N	266	\N	\N	\N	\N	\N	update	2019-07-02 07:31:04.049+00	266	\N	\N	\N	\N	\N	\N
24752	Task	3211	3211	statusId	\N	\N	3	1	\N	\N	\N	\N	update	2019-07-02 07:31:05.262+00	266	\N	\N	\N	\N	\N	\N
24753	Task	3211	3211	statusId	\N	\N	1	3	\N	\N	\N	\N	update	2019-07-02 07:31:07.098+00	266	\N	\N	\N	\N	\N	\N
24754	Task	3211	3211	statusId	\N	\N	3	1	\N	\N	\N	\N	update	2019-07-02 07:31:09.431+00	266	\N	\N	\N	\N	\N	\N
24755	Task	3197	3197	statusId	\N	\N	3	1	\N	\N	\N	\N	update	2019-07-02 07:32:08.935+00	266	\N	\N	\N	\N	\N	\N
24756	Task	3197	3197	statusId	\N	\N	1	3	\N	\N	\N	\N	update	2019-07-02 07:32:11.443+00	266	\N	\N	\N	\N	\N	\N
24757	Task	3197	3197	statusId	\N	\N	3	1	\N	\N	\N	\N	update	2019-07-02 07:32:19.323+00	266	\N	\N	\N	\N	\N	\N
24758	Task	3205	3205	statusId	\N	\N	5	1	\N	\N	\N	\N	update	2019-07-02 07:32:51.783+00	266	\N	\N	\N	\N	\N	\N
24759	Task	3212	3212	\N	\N	\N	\N	\N	\N	\N	\N	\N	create	2019-07-02 07:33:53.329+00	266	\N	\N	\N	\N	\N	\N
24760	Task	3205	3205	statusId	\N	\N	1	3	\N	\N	\N	\N	update	2019-07-02 07:34:14.127+00	266	\N	\N	\N	\N	\N	\N
24761	Task	3212	3212	statusId	\N	\N	1	3	\N	\N	\N	\N	update	2019-07-02 07:34:17.977+00	266	\N	\N	\N	\N	\N	\N
24762	Task	3211	3211	performerId	\N	\N	\N	266	\N	\N	\N	\N	update	2019-07-02 07:35:49.754+00	266	\N	\N	\N	\N	\N	\N
24763	Task	3211	3211	statusId	\N	\N	1	3	\N	\N	\N	\N	update	2019-07-02 07:35:52.321+00	266	\N	\N	\N	\N	\N	\N
24764	Task	3211	3211	statusId	\N	\N	3	5	\N	\N	\N	\N	update	2019-07-02 07:35:55.62+00	266	\N	\N	\N	\N	\N	\N
24765	Task	3211	3211	statusId	\N	\N	5	7	\N	\N	\N	\N	update	2019-07-02 07:35:58.403+00	266	\N	\N	\N	\N	\N	\N
24766	Task	3211	3211	statusId	\N	\N	7	8	\N	\N	\N	\N	update	2019-07-02 07:36:00.958+00	266	\N	\N	\N	\N	\N	\N
24767	Task	3106	3106	statusId	\N	\N	7	1	\N	\N	\N	\N	update	2019-07-02 07:36:39.884+00	266	\N	\N	\N	\N	\N	\N
24768	Task	3198	3198	statusId	\N	\N	7	1	\N	\N	\N	\N	update	2019-07-02 07:36:42.451+00	266	\N	\N	\N	\N	\N	\N
24769	Task	3194	3194	statusId	\N	\N	7	1	\N	\N	\N	\N	update	2019-07-02 07:36:46.351+00	266	\N	\N	\N	\N	\N	\N
24770	Task	3209	3209	statusId	\N	\N	7	1	\N	\N	\N	\N	update	2019-07-02 07:36:47.942+00	266	\N	\N	\N	\N	\N	\N
24771	Task	3106	3106	statusId	\N	\N	1	3	\N	\N	\N	\N	update	2019-07-02 11:35:50.654+00	266	\N	\N	\N	\N	\N	\N
24772	Task	3212	3212	statusId	\N	\N	3	5	\N	\N	\N	\N	update	2019-07-02 11:35:53.945+00	266	\N	\N	\N	\N	\N	\N
24773	Task	3212	3212	statusId	\N	\N	5	7	\N	\N	\N	\N	update	2019-07-02 11:35:56.595+00	266	\N	\N	\N	\N	\N	\N
24774	Task	3179	3179	statusId	\N	\N	7	8	\N	\N	\N	\N	update	2019-07-02 11:35:58.745+00	266	\N	\N	\N	\N	\N	\N
24775	Task	3179	3179	statusId	\N	\N	8	1	\N	\N	\N	\N	update	2019-07-02 11:36:08.794+00	266	\N	\N	\N	\N	\N	\N
24776	Task	3179	3179	statusId	\N	\N	1	3	\N	\N	\N	\N	update	2019-07-02 11:36:13.86+00	266	\N	\N	\N	\N	\N	\N
24777	Task	3179	3179	performerId	\N	\N	266	183	\N	\N	\N	\N	update	2019-07-02 11:36:13.86+00	266	\N	\N	\N	\N	\N	\N
24778	Task	3106	3106	statusId	\N	\N	3	5	\N	\N	\N	\N	update	2019-07-02 11:36:17.002+00	266	\N	\N	\N	\N	\N	\N
24779	Task	3106	3106	statusId	\N	\N	5	7	\N	\N	\N	\N	update	2019-07-02 11:36:19.177+00	266	\N	\N	\N	\N	\N	\N
24780	Task	3210	3210	statusId	\N	\N	7	8	\N	\N	\N	\N	update	2019-07-02 11:36:20.827+00	266	\N	\N	\N	\N	\N	\N
24781	Task	3211	3211	statusId	\N	\N	8	5	\N	\N	\N	\N	update	2019-07-02 11:36:22.844+00	266	\N	\N	\N	\N	\N	\N
24782	Task	3211	3211	statusId	\N	\N	5	3	\N	\N	\N	\N	update	2019-07-02 11:36:24.719+00	266	\N	\N	\N	\N	\N	\N
24783	Task	3198	3198	statusId	\N	\N	1	3	\N	\N	\N	\N	update	2019-07-10 07:54:01.089+00	266	\N	\N	\N	\N	\N	\N
24784	Task	3211	3211	statusId	\N	\N	3	5	\N	\N	\N	\N	update	2019-07-10 07:54:06.763+00	266	\N	\N	\N	\N	\N	\N
24785	Task	3198	3198	statusId	\N	\N	3	5	\N	\N	\N	\N	update	2019-07-10 07:56:24.854+00	266	\N	\N	\N	\N	\N	\N
24786	Task	3211	3211	statusId	\N	\N	5	3	\N	\N	\N	\N	update	2019-07-10 07:56:52.494+00	266	\N	\N	\N	\N	\N	\N
24787	Task	3198	3198	statusId	\N	\N	5	7	\N	\N	\N	\N	update	2019-07-10 08:06:12.632+00	266	\N	\N	\N	\N	\N	\N
24788	Task	3198	3198	statusId	\N	\N	7	10	\N	\N	\N	\N	update	2019-07-10 08:07:57.275+00	266	\N	\N	\N	\N	\N	\N
24789	Task	3211	3211	statusId	\N	\N	3	7	\N	\N	\N	\N	update	2019-07-10 08:09:46.176+00	266	\N	\N	\N	\N	\N	\N
24790	Task	3211	3211	performerId	\N	\N	266	212	\N	\N	\N	\N	update	2019-07-10 08:09:46.176+00	266	\N	\N	\N	\N	\N	\N
24791	Task	3211	3211	statusId	\N	\N	7	8	\N	\N	\N	\N	update	2019-07-10 08:11:47.178+00	212	\N	\N	\N	\N	\N	\N
24792	Task	3213	3213	\N	\N	\N	\N	\N	\N	\N	\N	\N	create	2019-09-25 08:41:24.194+00	2698	\N	\N	\N	\N	\N	\N
24793	Task	3214	3214	\N	\N	\N	\N	\N	\N	\N	\N	\N	create	2019-09-25 08:44:36.685+00	2698	\N	\N	\N	\N	\N	\N
24794	Task	3215	3215	\N	\N	\N	\N	\N	\N	\N	\N	\N	create	2019-09-25 08:48:57.29+00	2698	\N	\N	\N	\N	\N	\N
24795	Task	3214	3214	isTaskByClient	\N	\N	\N	\N	\N	\N	\N	\N	update	2019-09-25 08:49:47.865+00	2698	\N	\N	t	f	\N	\N
24796	Task	3216	3216	\N	\N	\N	\N	\N	\N	\N	\N	\N	create	2019-10-02 05:33:16.638+00	2698	\N	\N	\N	\N	\N	\N
24797	Task	3217	3217	\N	\N	\N	\N	\N	\N	\N	\N	\N	create	2019-10-02 05:42:56.475+00	2698	\N	\N	\N	\N	\N	\N
24798	Task	3218	3218	\N	\N	\N	\N	\N	\N	\N	\N	\N	create	2019-10-02 05:44:02.572+00	2717	\N	\N	\N	\N	\N	\N
24799	Task	3218	3218	statusId	\N	\N	1	10	\N	\N	\N	\N	update	2019-10-02 05:44:39.36+00	2717	\N	\N	\N	\N	\N	\N
24800	Task	3218	3218	statusId	\N	\N	10	1	\N	\N	\N	\N	update	2019-10-02 05:45:26.123+00	2717	\N	\N	\N	\N	\N	\N
24801	Task	3218	3218	isDevOps	\N	\N	\N	\N	\N	\N	\N	\N	update	2019-10-02 05:54:54.519+00	2717	\N	\N	f	t	\N	\N
24802	Task	3219	3219	\N	\N	\N	\N	\N	\N	\N	\N	\N	create	2019-10-02 09:10:12.617+00	2728	\N	\N	\N	\N	\N	\N
24803	Task	3219	3219	statusId	\N	\N	1	3	\N	\N	\N	\N	update	2019-10-02 09:10:47.264+00	2728	\N	\N	\N	\N	\N	\N
24804	Task	3219	3219	statusId	\N	\N	3	10	\N	\N	\N	\N	update	2019-10-02 09:10:49.389+00	2728	\N	\N	\N	\N	\N	\N
24805	Task	3219	3219	statusId	\N	\N	10	1	\N	\N	\N	\N	update	2019-10-02 09:11:01.005+00	2728	\N	\N	\N	\N	\N	\N
24806	Task	3219	3219	statusId	\N	\N	1	3	\N	\N	\N	\N	update	2019-10-02 09:12:27.324+00	2728	\N	\N	\N	\N	\N	\N
24807	Task	3219	3219	performerId	\N	\N	\N	2728	\N	\N	\N	\N	update	2019-10-02 09:12:27.324+00	2728	\N	\N	\N	\N	\N	\N
24808	Task	3220	3220	\N	\N	\N	\N	\N	\N	\N	\N	\N	create	2019-10-02 11:15:08.799+00	212	\N	\N	\N	\N	\N	\N
24809	Task	3221	3221	\N	\N	\N	\N	\N	\N	\N	\N	\N	create	2019-10-02 11:19:37.291+00	2697	\N	\N	\N	\N	\N	\N
24810	Task	3221	3221	performerId	\N	\N	\N	2697	\N	\N	\N	\N	update	2019-10-02 11:21:07.684+00	2697	\N	\N	\N	\N	\N	\N
24811	Task	3222	3222	\N	\N	\N	\N	\N	\N	\N	\N	\N	create	2019-10-03 09:00:54.255+00	2717	\N	\N	\N	\N	\N	\N
24812	Task	3222	3222	statusId	\N	\N	1	3	\N	\N	\N	\N	update	2019-10-03 09:04:56.915+00	2717	\N	\N	\N	\N	\N	\N
24813	Task	3222	3222	statusId	\N	\N	3	2	\N	\N	\N	\N	update	2019-10-03 09:46:59.217+00	2717	\N	\N	\N	\N	\N	\N
24814	Task	3223	3223	\N	\N	\N	\N	\N	\N	\N	\N	\N	create	2019-10-03 09:48:57.459+00	2717	\N	\N	\N	\N	\N	\N
24815	Task	3224	3224	\N	\N	\N	\N	\N	\N	\N	\N	\N	create	2019-10-03 10:17:02.89+00	2717	\N	\N	\N	\N	\N	\N
24816	Task	3224	3224	statusId	\N	\N	1	3	\N	\N	\N	\N	update	2019-10-03 10:17:14.321+00	2717	\N	\N	\N	\N	\N	\N
24817	Task	3222	3222	statusId	\N	\N	2	1	\N	\N	\N	\N	update	2019-10-03 10:39:01.222+00	2717	\N	\N	\N	\N	\N	\N
24818	Task	3222	3222	typeId	\N	\N	1	2	\N	\N	\N	\N	update	2019-10-03 10:39:14.713+00	2717	\N	\N	\N	\N	\N	\N
24819	Task	3222	3222	statusId	\N	\N	1	3	\N	\N	\N	\N	update	2019-10-03 10:39:45.369+00	2717	\N	\N	\N	\N	\N	\N
24820	Task	3225	3225	\N	\N	\N	\N	\N	\N	\N	\N	\N	create	2019-10-03 11:05:25.309+00	2717	\N	\N	\N	\N	\N	\N
24821	Task	3225	3225	statusId	\N	\N	1	3	\N	\N	\N	\N	update	2019-10-03 11:05:39.475+00	2717	\N	\N	\N	\N	\N	\N
24822	Task	3225	3225	statusId	\N	\N	3	10	\N	\N	\N	\N	update	2019-10-03 11:05:41.467+00	2717	\N	\N	\N	\N	\N	\N
24823	Task	3222	3222	statusId	\N	\N	3	10	\N	\N	\N	\N	update	2019-10-03 11:10:39.339+00	2717	\N	\N	\N	\N	\N	\N
24824	Task	3222	3222	statusId	\N	\N	10	1	\N	\N	\N	\N	update	2019-10-03 11:10:44.696+00	2717	\N	\N	\N	\N	\N	\N
24825	Task	3222	3222	statusId	\N	\N	1	3	\N	\N	\N	\N	update	2019-10-03 11:10:49.08+00	2717	\N	\N	\N	\N	\N	\N
24826	Task	3222	3222	statusId	\N	\N	3	10	\N	\N	\N	\N	update	2019-10-03 11:10:50.563+00	2717	\N	\N	\N	\N	\N	\N
24827	Task	3226	3226	\N	\N	\N	\N	\N	\N	\N	\N	\N	create	2019-10-03 11:19:44.528+00	2717	\N	\N	\N	\N	\N	\N
24828	Task	3226	3226	statusId	\N	\N	1	10	\N	\N	\N	\N	update	2019-10-03 11:19:48.894+00	2717	\N	\N	\N	\N	\N	\N
24829	Task	3226	3226	statusId	\N	\N	10	1	\N	\N	\N	\N	update	2019-10-03 11:19:51.469+00	2717	\N	\N	\N	\N	\N	\N
24830	Task	3226	3226	statusId	\N	\N	1	3	\N	\N	\N	\N	update	2019-10-03 11:19:54.585+00	2717	\N	\N	\N	\N	\N	\N
24831	Task	3226	3226	statusId	\N	\N	3	10	\N	\N	\N	\N	update	2019-10-03 11:19:56.01+00	2717	\N	\N	\N	\N	\N	\N
24832	Task	3227	3227	\N	\N	\N	\N	\N	\N	\N	\N	\N	create	2019-10-03 11:30:40.169+00	2717	\N	\N	\N	\N	\N	\N
24833	Task	3227	3227	statusId	\N	\N	1	3	\N	\N	\N	\N	update	2019-10-03 11:30:45.634+00	2717	\N	\N	\N	\N	\N	\N
24834	Task	3227	3227	statusId	\N	\N	3	10	\N	\N	\N	\N	update	2019-10-03 11:30:46.65+00	2717	\N	\N	\N	\N	\N	\N
24835	Task	3228	3228	\N	\N	\N	\N	\N	\N	\N	\N	\N	create	2019-10-08 06:13:04.929+00	2717	\N	\N	\N	\N	\N	\N
24836	Task	3229	3229	\N	\N	\N	\N	\N	\N	\N	\N	\N	create	2019-10-08 06:13:40.743+00	2717	\N	\N	\N	\N	\N	\N
24837	Task	3230	3230	\N	\N	\N	\N	\N	\N	\N	\N	\N	create	2019-10-08 06:36:17.735+00	2717	\N	\N	\N	\N	\N	\N
24838	Task	3230	3230	statusId	\N	\N	1	3	\N	\N	\N	\N	update	2019-10-08 06:37:31.313+00	2717	\N	\N	\N	\N	\N	\N
24839	Task	3230	3230	statusId	\N	\N	3	10	\N	\N	\N	\N	update	2019-10-08 06:37:33.738+00	2717	\N	\N	\N	\N	\N	\N
24840	Task	3224	3224	statusId	\N	\N	3	2	\N	\N	\N	\N	update	2019-10-08 08:51:37.477+00	2717	\N	\N	\N	\N	\N	\N
24841	Task	3231	3231	\N	\N	\N	\N	\N	\N	\N	\N	\N	create	2019-10-08 09:42:48.593+00	2717	\N	\N	\N	\N	\N	\N
24842	Task	3231	3231	statusId	\N	\N	1	3	\N	\N	\N	\N	update	2019-10-08 09:42:55.425+00	2717	\N	\N	\N	\N	\N	\N
24843	Task	3231	3231	statusId	\N	\N	3	2	\N	\N	\N	\N	update	2019-10-08 09:42:57.089+00	2717	\N	\N	\N	\N	\N	\N
24844	Task	3231	3231	statusId	\N	\N	2	1	\N	\N	\N	\N	update	2019-10-08 09:43:31.587+00	2717	\N	\N	\N	\N	\N	\N
24845	Task	3231	3231	statusId	\N	\N	1	3	\N	\N	\N	\N	update	2019-10-08 09:43:36.377+00	2717	\N	\N	\N	\N	\N	\N
24846	Task	3231	3231	statusId	\N	\N	3	10	\N	\N	\N	\N	update	2019-10-08 09:43:37.595+00	2717	\N	\N	\N	\N	\N	\N
24847	Task	3224	3224	statusId	\N	\N	2	10	\N	\N	\N	\N	update	2019-10-08 12:51:11.68+00	2717	\N	\N	\N	\N	\N	\N
24848	Task	3224	3224	statusId	\N	\N	10	1	\N	\N	\N	\N	update	2019-10-08 12:51:13.638+00	2717	\N	\N	\N	\N	\N	\N
24849	Task	3224	3224	statusId	\N	\N	1	3	\N	\N	\N	\N	update	2019-10-08 12:51:16.138+00	2717	\N	\N	\N	\N	\N	\N
24850	Task	3224	3224	statusId	\N	\N	3	10	\N	\N	\N	\N	update	2019-10-08 12:51:17.936+00	2717	\N	\N	\N	\N	\N	\N
24851	Task	3224	3224	statusId	\N	\N	10	1	\N	\N	\N	\N	update	2019-10-08 12:52:57.131+00	2717	\N	\N	\N	\N	\N	\N
24852	Task	3224	3224	statusId	\N	\N	1	3	\N	\N	\N	\N	update	2019-10-08 12:53:02.197+00	2717	\N	\N	\N	\N	\N	\N
24853	Task	3224	3224	statusId	\N	\N	3	10	\N	\N	\N	\N	update	2019-10-08 12:53:05.572+00	2717	\N	\N	\N	\N	\N	\N
24854	Task	3224	3224	statusId	\N	\N	10	1	\N	\N	\N	\N	update	2019-10-08 12:53:13.211+00	2717	\N	\N	\N	\N	\N	\N
24855	Task	3224	3224	statusId	\N	\N	1	3	\N	\N	\N	\N	update	2019-10-08 12:53:25.554+00	2717	\N	\N	\N	\N	\N	\N
24856	Task	3224	3224	statusId	\N	\N	3	2	\N	\N	\N	\N	update	2019-10-08 12:53:28.753+00	2717	\N	\N	\N	\N	\N	\N
24857	Task	3232	3232	\N	\N	\N	\N	\N	\N	\N	\N	\N	create	2019-10-08 14:37:20.662+00	2717	\N	\N	\N	\N	\N	\N
24858	Task	3232	3232	statusId	\N	\N	1	3	\N	\N	\N	\N	update	2019-10-08 14:37:31.787+00	2717	\N	\N	\N	\N	\N	\N
24859	Task	3232	3232	statusId	\N	\N	3	10	\N	\N	\N	\N	update	2019-10-08 14:37:33.428+00	2717	\N	\N	\N	\N	\N	\N
24860	Task	3205	3205	performerId	\N	\N	266	\N	\N	\N	\N	\N	update	2019-10-09 11:04:17.79+00	2717	\N	\N	\N	\N	\N	\N
24893	Task	3205	3205	performerId	\N	\N	\N	183	\N	\N	\N	\N	update	2019-10-09 11:29:56.235+00	2717	\N	\N	\N	\N	\N	\N
24894	Task	3205	3205	performerId	\N	\N	183	\N	\N	\N	\N	\N	update	2019-10-09 11:30:13.408+00	2717	\N	\N	\N	\N	\N	\N
24895	Task	3212	3212	statusId	\N	\N	7	3	\N	\N	\N	\N	update	2019-10-09 11:35:35.662+00	2717	\N	\N	\N	\N	\N	\N
24896	Task	3212	3212	performerId	\N	\N	266	\N	\N	\N	\N	\N	update	2019-10-09 11:35:35.662+00	2717	\N	\N	\N	\N	\N	\N
24897	Task	3211	3211	statusId	\N	\N	8	3	\N	\N	\N	\N	update	2019-10-09 11:35:46.335+00	2717	\N	\N	\N	\N	\N	\N
24898	Task	3211	3211	performerId	\N	\N	212	\N	\N	\N	\N	\N	update	2019-10-09 11:35:46.335+00	2717	\N	\N	\N	\N	\N	\N
24928	Task	3233	3233	\N	\N	\N	\N	\N	\N	\N	\N	\N	create	2019-10-09 11:41:06.207+00	2717	\N	\N	\N	\N	\N	\N
24929	Task	3233	3233	performerId	\N	\N	\N	2759	\N	\N	\N	\N	update	2019-10-09 12:16:36.689+00	2717	\N	\N	\N	\N	\N	\N
24930	Task	3212	3212	performerId	\N	\N	\N	2759	\N	\N	\N	\N	update	2019-10-09 13:11:46.34+00	2759	\N	\N	\N	\N	\N	\N
24931	Task	3234	3234	\N	\N	\N	\N	\N	\N	\N	\N	\N	create	2019-10-10 11:00:53.793+00	2759	\N	\N	\N	\N	\N	\N
24932	Task	3235	3235	\N	\N	\N	\N	\N	\N	\N	\N	\N	create	2019-10-11 06:34:44.241+00	2717	\N	\N	\N	\N	\N	\N
24933	Task	3235	3235	sprintId	\N	\N	426	\N	\N	\N	\N	\N	update	2019-10-11 06:35:36.388+00	2717	\N	\N	\N	\N	\N	\N
24934	Task	3235	3235	sprintId	\N	\N	426	\N	\N	\N	\N	\N	update	2019-10-11 06:38:55.073+00	2717	\N	\N	\N	\N	\N	\N
24935	Task	3236	3236	\N	\N	\N	\N	\N	\N	\N	\N	\N	create	2019-10-11 06:39:42.446+00	2717	\N	\N	\N	\N	\N	\N
24936	Task	3237	3237	\N	\N	\N	\N	\N	\N	\N	\N	\N	create	2019-10-11 06:40:26.526+00	2717	\N	\N	\N	\N	\N	\N
24937	Task	3237	3237	sprintId	\N	\N	\N	426	\N	\N	\N	\N	update	2019-10-11 06:40:45.125+00	2717	\N	\N	\N	\N	\N	\N
24938	Task	3235	3235	sprintId	\N	\N	\N	426	\N	\N	\N	\N	update	2019-10-11 06:42:50.925+00	2717	\N	\N	\N	\N	\N	\N
24939	Task	3235	3235	sprintId	\N	\N	426	\N	\N	\N	\N	\N	update	2019-10-11 06:43:39.805+00	2717	\N	\N	\N	\N	\N	\N
24940	Task	3235	3235	sprintId	\N	\N	\N	426	\N	\N	\N	\N	update	2019-10-11 06:43:56.562+00	2717	\N	\N	\N	\N	\N	\N
24941	Task	3235	3235	sprintId	\N	\N	426	\N	\N	\N	\N	\N	update	2019-10-11 06:44:50.1+00	2717	\N	\N	\N	\N	\N	\N
24942	Task	3235	3235	sprintId	\N	\N	\N	426	\N	\N	\N	\N	update	2019-10-11 06:44:53.025+00	2717	\N	\N	\N	\N	\N	\N
24943	Task	3235	3235	sprintId	\N	\N	426	429	\N	\N	\N	\N	update	2019-10-11 06:46:02.879+00	2717	\N	\N	\N	\N	\N	\N
24944	Task	3237	3237	sprintId	\N	\N	426	429	\N	\N	\N	\N	update	2019-10-11 06:47:18.091+00	2717	\N	\N	\N	\N	\N	\N
24945	Task	3235	3235	sprintId	\N	\N	429	426	\N	\N	\N	\N	update	2019-10-11 06:48:28.687+00	2717	\N	\N	\N	\N	\N	\N
24946	Task	3235	3235	sprintId	\N	\N	426	429	\N	\N	\N	\N	update	2019-10-11 06:48:44.027+00	2717	\N	\N	\N	\N	\N	\N
24947	Task	3235	3235	sprintId	\N	\N	429	426	\N	\N	\N	\N	update	2019-10-11 07:01:48.225+00	2717	\N	\N	\N	\N	\N	\N
24948	Task	3197	3197	sprintId	\N	\N	426	429	\N	\N	\N	\N	update	2019-10-11 07:01:57.784+00	2717	\N	\N	\N	\N	\N	\N
24949	Task	3237	3237	sprintId	\N	\N	426	429	\N	\N	\N	\N	update	2019-10-11 07:02:04.11+00	2717	\N	\N	\N	\N	\N	\N
24950	Task	3117	3117	sprintId	\N	\N	426	429	\N	\N	\N	\N	update	2019-10-11 07:02:09.876+00	2717	\N	\N	\N	\N	\N	\N
24951	Task	3197	3197	sprintId	\N	\N	429	\N	\N	\N	\N	\N	update	2019-10-11 07:02:19.8+00	2717	\N	\N	\N	\N	\N	\N
24952	Task	3237	3237	sprintId	\N	\N	429	\N	\N	\N	\N	\N	update	2019-10-11 07:02:22.491+00	2717	\N	\N	\N	\N	\N	\N
24953	Task	3237	3237	sprintId	\N	\N	\N	426	\N	\N	\N	\N	update	2019-10-11 07:02:26.9+00	2717	\N	\N	\N	\N	\N	\N
24954	Task	3238	3238	\N	\N	\N	\N	\N	\N	\N	\N	\N	create	2019-10-11 07:36:53.258+00	2728	\N	\N	\N	\N	\N	\N
24955	Task	3238	3238	sprintId	\N	\N	\N	430	\N	\N	\N	\N	update	2019-10-11 07:38:15.103+00	2728	\N	\N	\N	\N	\N	\N
24956	Task	3238	3238	sprintId	\N	\N	430	\N	\N	\N	\N	\N	update	2019-10-11 07:38:26.886+00	2728	\N	\N	\N	\N	\N	\N
24957	Task	3238	3238	sprintId	\N	\N	\N	430	\N	\N	\N	\N	update	2019-10-11 07:38:32.252+00	2728	\N	\N	\N	\N	\N	\N
24958	Task	3238	3238	sprintId	\N	\N	430	431	\N	\N	\N	\N	update	2019-10-11 07:40:30.036+00	2728	\N	\N	\N	\N	\N	\N
24959	Task	3238	3238	sprintId	\N	\N	431	430	\N	\N	\N	\N	update	2019-10-11 07:40:57.434+00	2728	\N	\N	\N	\N	\N	\N
24960	Task	3238	3238	sprintId	\N	\N	430	431	\N	\N	\N	\N	update	2019-10-11 07:42:38.277+00	2728	\N	\N	\N	\N	\N	\N
24961	Task	3238	3238	sprintId	\N	\N	431	430	\N	\N	\N	\N	update	2019-10-11 07:42:43.361+00	2728	\N	\N	\N	\N	\N	\N
24962	Task	3238	3238	sprintId	\N	\N	431	430	\N	\N	\N	\N	update	2019-10-11 07:45:56.498+00	2728	\N	\N	\N	\N	\N	\N
24963	Task	3238	3238	sprintId	\N	\N	430	\N	\N	\N	\N	\N	update	2019-10-11 07:46:52.419+00	2728	\N	\N	\N	\N	\N	\N
24964	Task	3238	3238	sprintId	\N	\N	\N	430	\N	\N	\N	\N	update	2019-10-11 07:46:59.035+00	2728	\N	\N	\N	\N	\N	\N
24965	Task	3238	3238	sprintId	\N	\N	430	\N	\N	\N	\N	\N	update	2019-10-11 07:47:00.677+00	2728	\N	\N	\N	\N	\N	\N
24966	Task	3238	3238	sprintId	\N	\N	\N	431	\N	\N	\N	\N	update	2019-10-11 07:47:05.185+00	2728	\N	\N	\N	\N	\N	\N
24967	Task	3238	3238	sprintId	\N	\N	431	\N	\N	\N	\N	\N	update	2019-10-11 07:47:13.693+00	2728	\N	\N	\N	\N	\N	\N
24968	Task	3238	3238	sprintId	\N	\N	\N	430	\N	\N	\N	\N	update	2019-10-11 07:47:19.826+00	2728	\N	\N	\N	\N	\N	\N
24969	Task	3238	3238	sprintId	\N	\N	430	431	\N	\N	\N	\N	update	2019-10-11 07:47:29.109+00	2728	\N	\N	\N	\N	\N	\N
24970	Task	3238	3238	sprintId	\N	\N	431	430	\N	\N	\N	\N	update	2019-10-11 07:47:48.44+00	2728	\N	\N	\N	\N	\N	\N
24971	Task	3238	3238	sprintId	\N	\N	430	\N	\N	\N	\N	\N	update	2019-10-11 07:48:11.939+00	2728	\N	\N	\N	\N	\N	\N
24972	Task	3238	3238	sprintId	\N	\N	\N	430	\N	\N	\N	\N	update	2019-10-11 07:48:31.588+00	2728	\N	\N	\N	\N	\N	\N
24973	Task	3238	3238	sprintId	\N	\N	430	431	\N	\N	\N	\N	update	2019-10-11 07:48:43.204+00	2728	\N	\N	\N	\N	\N	\N
24974	Task	3238	3238	sprintId	\N	\N	431	430	\N	\N	\N	\N	update	2019-10-11 07:48:49.536+00	2728	\N	\N	\N	\N	\N	\N
24975	Task	3238	3238	sprintId	\N	\N	430	\N	\N	\N	\N	\N	update	2019-10-11 07:49:47.284+00	2728	\N	\N	\N	\N	\N	\N
24976	Task	3238	3238	sprintId	\N	\N	\N	432	\N	\N	\N	\N	update	2019-10-11 07:52:01.492+00	2728	\N	\N	\N	\N	\N	\N
24980	Task	3215	3215	sprintId	\N	\N	\N	434	\N	\N	\N	\N	update	2019-10-11 07:53:48.785+00	2717	\N	\N	\N	\N	\N	\N
24982	Task	3215	3215	sprintId	\N	\N	\N	434	\N	\N	\N	\N	update	2019-10-11 07:54:48.607+00	2717	\N	\N	\N	\N	\N	\N
24986	Task	3215	3215	sprintId	\N	\N	435	\N	\N	\N	\N	\N	update	2019-10-11 07:55:23.763+00	2717	\N	\N	\N	\N	\N	\N
24987	Task	3238	3238	sprintId	\N	\N	433	432	\N	\N	\N	\N	update	2019-10-11 07:56:03.535+00	2728	\N	\N	\N	\N	\N	\N
24996	Task	3214	3214	sprintId	\N	\N	\N	435	\N	\N	\N	\N	update	2019-10-11 08:02:29.535+00	2717	\N	\N	\N	\N	\N	\N
24977	Task	3238	3238	sprintId	\N	\N	432	\N	\N	\N	\N	\N	update	2019-10-11 07:52:04.417+00	2728	\N	\N	\N	\N	\N	\N
24988	Task	3238	3238	sprintId	\N	\N	432	433	\N	\N	\N	\N	update	2019-10-11 07:56:05.485+00	2728	\N	\N	\N	\N	\N	\N
24998	Task	3215	3215	sprintId	\N	\N	\N	434	\N	\N	\N	\N	update	2019-10-11 08:03:00.348+00	2717	\N	\N	\N	\N	\N	\N
24978	Task	3238	3238	sprintId	\N	\N	\N	432	\N	\N	\N	\N	update	2019-10-11 07:52:07.125+00	2728	\N	\N	\N	\N	\N	\N
24979	Task	3238	3238	sprintId	\N	\N	432	433	\N	\N	\N	\N	update	2019-10-11 07:52:10.658+00	2728	\N	\N	\N	\N	\N	\N
24989	Task	3238	3238	sprintId	\N	\N	433	\N	\N	\N	\N	\N	update	2019-10-11 07:57:12.589+00	2728	\N	\N	\N	\N	\N	\N
24999	Task	3215	3215	sprintId	\N	\N	434	\N	\N	\N	\N	\N	update	2019-10-11 08:04:05.213+00	2717	\N	\N	\N	\N	\N	\N
24981	Task	3215	3215	sprintId	\N	\N	434	\N	\N	\N	\N	\N	update	2019-10-11 07:53:53.243+00	2717	\N	\N	\N	\N	\N	\N
24983	Task	3215	3215	sprintId	\N	\N	434	435	\N	\N	\N	\N	update	2019-10-11 07:54:52.315+00	2717	\N	\N	\N	\N	\N	\N
24991	Task	3238	3238	sprintId	\N	\N	\N	432	\N	\N	\N	\N	update	2019-10-11 07:57:28.422+00	2728	\N	\N	\N	\N	\N	\N
24992	Task	3238	3238	sprintId	\N	\N	432	\N	\N	\N	\N	\N	update	2019-10-11 07:57:29.921+00	2728	\N	\N	\N	\N	\N	\N
25001	Task	3215	3215	sprintId	\N	\N	\N	434	\N	\N	\N	\N	update	2019-10-11 08:04:19.379+00	2717	\N	\N	\N	\N	\N	\N
24984	Task	3214	3214	sprintId	\N	\N	\N	434	\N	\N	\N	\N	update	2019-10-11 07:55:15.763+00	2717	\N	\N	\N	\N	\N	\N
24985	Task	3214	3214	sprintId	\N	\N	434	\N	\N	\N	\N	\N	update	2019-10-11 07:55:19.305+00	2717	\N	\N	\N	\N	\N	\N
24990	Task	3238	3238	sprintId	\N	\N	\N	432	\N	\N	\N	\N	update	2019-10-11 07:57:16.664+00	2728	\N	\N	\N	\N	\N	\N
25006	Task	3214	3214	sprintId	\N	\N	434	\N	\N	\N	\N	\N	update	2019-10-11 08:06:56.435+00	2717	\N	\N	\N	\N	\N	\N
25007	Task	3215	3215	sprintId	\N	\N	\N	435	\N	\N	\N	\N	update	2019-10-11 08:08:35.529+00	2717	\N	\N	\N	\N	\N	\N
24993	Task	3238	3238	sprintId	\N	\N	\N	433	\N	\N	\N	\N	update	2019-10-11 07:57:44.395+00	2728	\N	\N	\N	\N	\N	\N
24994	Task	3238	3238	sprintId	\N	\N	433	\N	\N	\N	\N	\N	update	2019-10-11 07:57:46.104+00	2728	\N	\N	\N	\N	\N	\N
24995	Task	3215	3215	sprintId	\N	\N	\N	435	\N	\N	\N	\N	update	2019-10-11 08:02:26.411+00	2717	\N	\N	\N	\N	\N	\N
24997	Task	3215	3215	sprintId	\N	\N	435	\N	\N	\N	\N	\N	update	2019-10-11 08:02:36.768+00	2717	\N	\N	\N	\N	\N	\N
25000	Task	3214	3214	sprintId	\N	\N	435	\N	\N	\N	\N	\N	update	2019-10-11 08:04:09.879+00	2717	\N	\N	\N	\N	\N	\N
25005	Task	3215	3215	sprintId	\N	\N	434	\N	\N	\N	\N	\N	update	2019-10-11 08:06:54.652+00	2717	\N	\N	\N	\N	\N	\N
25008	Task	3215	3215	sprintId	\N	\N	435	\N	\N	\N	\N	\N	update	2019-10-11 08:08:37.403+00	2717	\N	\N	\N	\N	\N	\N
25002	Task	3215	3215	sprintId	\N	\N	434	\N	\N	\N	\N	\N	update	2019-10-11 08:04:23.087+00	2717	\N	\N	\N	\N	\N	\N
25003	Task	3215	3215	sprintId	\N	\N	\N	434	\N	\N	\N	\N	update	2019-10-11 08:06:46.886+00	2717	\N	\N	\N	\N	\N	\N
25004	Task	3214	3214	sprintId	\N	\N	\N	434	\N	\N	\N	\N	update	2019-10-11 08:06:50.244+00	2717	\N	\N	\N	\N	\N	\N
25009	Task	3239	3239	\N	\N	\N	\N	\N	\N	\N	\N	\N	create	2019-10-11 08:14:22.256+00	2717	\N	\N	\N	\N	\N	\N
25010	Task	3239	3239	sprintId	\N	\N	435	434	\N	\N	\N	\N	update	2019-10-11 08:14:30.514+00	2717	\N	\N	\N	\N	\N	\N
25011	Task	3239	3239	sprintId	\N	\N	434	435	\N	\N	\N	\N	update	2019-10-11 08:14:45.538+00	2717	\N	\N	\N	\N	\N	\N
25012	Task	3239	3239	sprintId	\N	\N	435	434	\N	\N	\N	\N	update	2019-10-11 08:14:50.89+00	2717	\N	\N	\N	\N	\N	\N
25013	Task	3214	3214	sprintId	\N	\N	\N	434	\N	\N	\N	\N	update	2019-10-11 08:15:03.728+00	2717	\N	\N	\N	\N	\N	\N
25014	Task	3215	3215	sprintId	\N	\N	\N	435	\N	\N	\N	\N	update	2019-10-11 08:15:38.275+00	2717	\N	\N	\N	\N	\N	\N
25015	Task	3215	3215	sprintId	\N	\N	435	\N	\N	\N	\N	\N	update	2019-10-11 08:15:41.101+00	2717	\N	\N	\N	\N	\N	\N
25016	Task	3214	3214	sprintId	\N	\N	434	\N	\N	\N	\N	\N	update	2019-10-11 08:15:45.351+00	2717	\N	\N	\N	\N	\N	\N
25017	Task	3239	3239	sprintId	\N	\N	434	\N	\N	\N	\N	\N	update	2019-10-11 08:15:51.791+00	2717	\N	\N	\N	\N	\N	\N
25018	Task	3215	3215	sprintId	\N	\N	\N	434	\N	\N	\N	\N	update	2019-10-11 08:16:04.965+00	2717	\N	\N	\N	\N	\N	\N
25019	Task	3214	3214	sprintId	\N	\N	\N	435	\N	\N	\N	\N	update	2019-10-11 08:16:07.849+00	2717	\N	\N	\N	\N	\N	\N
25020	Task	3214	3214	sprintId	\N	\N	435	\N	\N	\N	\N	\N	update	2019-10-11 08:16:12.949+00	2717	\N	\N	\N	\N	\N	\N
25021	Task	3215	3215	sprintId	\N	\N	434	\N	\N	\N	\N	\N	update	2019-10-11 08:16:29.481+00	2717	\N	\N	\N	\N	\N	\N
25022	Task	3215	3215	sprintId	\N	\N	\N	434	\N	\N	\N	\N	update	2019-10-11 08:16:56.721+00	2717	\N	\N	\N	\N	\N	\N
25023	Task	3215	3215	sprintId	\N	\N	434	\N	\N	\N	\N	\N	update	2019-10-11 08:17:25.903+00	2717	\N	\N	\N	\N	\N	\N
25024	Task	3219	3219	sprintId	\N	\N	\N	436	\N	\N	\N	\N	update	2019-10-11 08:19:26.17+00	2717	\N	\N	\N	\N	\N	\N
25025	Task	3219	3219	sprintId	\N	\N	436	\N	\N	\N	\N	\N	update	2019-10-11 08:19:27.887+00	2717	\N	\N	\N	\N	\N	\N
25026	Task	3240	3240	\N	\N	\N	\N	\N	\N	\N	\N	\N	create	2019-10-11 08:20:01.152+00	2717	\N	\N	\N	\N	\N	\N
25027	Task	3240	3240	sprintId	\N	\N	\N	436	\N	\N	\N	\N	update	2019-10-11 08:20:04.934+00	2717	\N	\N	\N	\N	\N	\N
25028	Task	3240	3240	sprintId	\N	\N	436	\N	\N	\N	\N	\N	update	2019-10-11 08:20:07.126+00	2717	\N	\N	\N	\N	\N	\N
25029	Task	3240	3240	sprintId	\N	\N	\N	437	\N	\N	\N	\N	update	2019-10-11 08:20:49.098+00	2717	\N	\N	\N	\N	\N	\N
25030	Task	3240	3240	sprintId	\N	\N	437	\N	\N	\N	\N	\N	update	2019-10-11 08:20:52.897+00	2717	\N	\N	\N	\N	\N	\N
25031	Task	3240	3240	sprintId	\N	\N	\N	437	\N	\N	\N	\N	update	2019-10-11 08:21:05.206+00	2717	\N	\N	\N	\N	\N	\N
25032	Task	3219	3219	sprintId	\N	\N	\N	437	\N	\N	\N	\N	update	2019-10-11 08:21:07.188+00	2717	\N	\N	\N	\N	\N	\N
25033	Task	3240	3240	sprintId	\N	\N	437	436	\N	\N	\N	\N	update	2019-10-11 08:21:14.346+00	2717	\N	\N	\N	\N	\N	\N
25034	Task	3219	3219	sprintId	\N	\N	437	436	\N	\N	\N	\N	update	2019-10-11 08:21:25.079+00	2717	\N	\N	\N	\N	\N	\N
25035	Task	3240	3240	sprintId	\N	\N	436	\N	\N	\N	\N	\N	update	2019-10-11 08:21:28.445+00	2717	\N	\N	\N	\N	\N	\N
25036	Task	3219	3219	sprintId	\N	\N	436	\N	\N	\N	\N	\N	update	2019-10-11 08:21:34.528+00	2717	\N	\N	\N	\N	\N	\N
25037	Task	3240	3240	sprintId	\N	\N	\N	437	\N	\N	\N	\N	update	2019-10-11 08:21:38.545+00	2717	\N	\N	\N	\N	\N	\N
25038	Task	3240	3240	sprintId	\N	\N	437	\N	\N	\N	\N	\N	update	2019-10-11 08:21:44.411+00	2717	\N	\N	\N	\N	\N	\N
25039	Task	3240	3240	sprintId	\N	\N	\N	436	\N	\N	\N	\N	update	2019-10-11 08:21:48.169+00	2717	\N	\N	\N	\N	\N	\N
25040	Task	3219	3219	sprintId	\N	\N	\N	436	\N	\N	\N	\N	update	2019-10-11 08:21:51.161+00	2717	\N	\N	\N	\N	\N	\N
25041	Task	3240	3240	sprintId	\N	\N	436	437	\N	\N	\N	\N	update	2019-10-11 08:21:56.552+00	2717	\N	\N	\N	\N	\N	\N
25042	Task	3219	3219	sprintId	\N	\N	436	437	\N	\N	\N	\N	update	2019-10-11 08:22:03.651+00	2717	\N	\N	\N	\N	\N	\N
25043	Task	3240	3240	sprintId	\N	\N	437	436	\N	\N	\N	\N	update	2019-10-11 08:22:11.185+00	2717	\N	\N	\N	\N	\N	\N
25044	Task	3219	3219	sprintId	\N	\N	437	436	\N	\N	\N	\N	update	2019-10-11 08:22:22.6+00	2717	\N	\N	\N	\N	\N	\N
25045	Task	3240	3240	sprintId	\N	\N	436	\N	\N	\N	\N	\N	update	2019-10-11 08:22:29.125+00	2717	\N	\N	\N	\N	\N	\N
25046	Task	3240	3240	sprintId	\N	\N	\N	436	\N	\N	\N	\N	update	2019-10-11 08:22:35.866+00	2717	\N	\N	\N	\N	\N	\N
25047	Task	3240	3240	sprintId	\N	\N	436	\N	\N	\N	\N	\N	update	2019-10-11 08:22:38.316+00	2717	\N	\N	\N	\N	\N	\N
25048	Task	3219	3219	sprintId	\N	\N	436	\N	\N	\N	\N	\N	update	2019-10-11 08:22:40.233+00	2717	\N	\N	\N	\N	\N	\N
25049	Task	3240	3240	sprintId	\N	\N	\N	436	\N	\N	\N	\N	update	2019-10-11 08:23:50.445+00	2717	\N	\N	\N	\N	\N	\N
25050	Task	3219	3219	sprintId	\N	\N	\N	436	\N	\N	\N	\N	update	2019-10-11 08:24:02.102+00	2717	\N	\N	\N	\N	\N	\N
25051	Task	3240	3240	sprintId	\N	\N	436	437	\N	\N	\N	\N	update	2019-10-11 08:24:37.267+00	2717	\N	\N	\N	\N	\N	\N
25052	Task	3240	3240	sprintId	\N	\N	437	\N	\N	\N	\N	\N	update	2019-10-11 08:24:40.008+00	2717	\N	\N	\N	\N	\N	\N
25053	Task	3219	3219	sprintId	\N	\N	436	437	\N	\N	\N	\N	update	2019-10-11 08:26:10.469+00	2717	\N	\N	\N	\N	\N	\N
25054	Task	3240	3240	sprintId	\N	\N	\N	436	\N	\N	\N	\N	update	2019-10-11 08:26:16.936+00	2717	\N	\N	\N	\N	\N	\N
25055	Task	3240	3240	sprintId	\N	\N	436	437	\N	\N	\N	\N	update	2019-10-11 08:26:23.311+00	2717	\N	\N	\N	\N	\N	\N
25056	Task	3240	3240	sprintId	\N	\N	437	436	\N	\N	\N	\N	update	2019-10-11 08:26:58.508+00	2717	\N	\N	\N	\N	\N	\N
25057	Task	3240	3240	sprintId	\N	\N	436	\N	\N	\N	\N	\N	update	2019-10-11 08:27:01.725+00	2717	\N	\N	\N	\N	\N	\N
25058	Task	3240	3240	sprintId	\N	\N	\N	436	\N	\N	\N	\N	update	2019-10-11 08:27:08.324+00	2717	\N	\N	\N	\N	\N	\N
25059	Task	3240	3240	sprintId	\N	\N	436	\N	\N	\N	\N	\N	update	2019-10-11 08:27:10.074+00	2717	\N	\N	\N	\N	\N	\N
25060	Task	3219	3219	sprintId	\N	\N	437	436	\N	\N	\N	\N	update	2019-10-11 08:27:14.307+00	2717	\N	\N	\N	\N	\N	\N
25061	Task	3219	3219	sprintId	\N	\N	436	\N	\N	\N	\N	\N	update	2019-10-11 08:27:23.74+00	2717	\N	\N	\N	\N	\N	\N
25062	Task	3240	3240	sprintId	\N	\N	\N	437	\N	\N	\N	\N	update	2019-10-11 08:27:33.248+00	2717	\N	\N	\N	\N	\N	\N
25063	Task	3240	3240	sprintId	\N	\N	437	\N	\N	\N	\N	\N	update	2019-10-11 08:27:45.798+00	2717	\N	\N	\N	\N	\N	\N
25064	Task	3219	3219	sprintId	\N	\N	\N	437	\N	\N	\N	\N	update	2019-10-11 08:27:49.322+00	2717	\N	\N	\N	\N	\N	\N
25065	Task	3240	3240	sprintId	\N	\N	\N	437	\N	\N	\N	\N	update	2019-10-11 08:27:53.28+00	2717	\N	\N	\N	\N	\N	\N
25066	Task	3219	3219	sprintId	\N	\N	437	\N	\N	\N	\N	\N	update	2019-10-11 08:27:57.121+00	2717	\N	\N	\N	\N	\N	\N
25067	Task	3219	3219	sprintId	\N	\N	\N	437	\N	\N	\N	\N	update	2019-10-11 08:28:09.712+00	2717	\N	\N	\N	\N	\N	\N
25068	Task	3240	3240	sprintId	\N	\N	437	436	\N	\N	\N	\N	update	2019-10-11 08:28:37.99+00	2717	\N	\N	\N	\N	\N	\N
25069	Task	3240	3240	sprintId	\N	\N	436	437	\N	\N	\N	\N	update	2019-10-11 08:28:50.517+00	2717	\N	\N	\N	\N	\N	\N
25070	Task	3240	3240	sprintId	\N	\N	437	\N	\N	\N	\N	\N	update	2019-10-11 08:28:55.076+00	2717	\N	\N	\N	\N	\N	\N
25071	Task	3240	3240	sprintId	\N	\N	437	436	\N	\N	\N	\N	update	2019-10-11 08:28:55.1+00	2717	\N	\N	\N	\N	\N	\N
25072	Task	3240	3240	sprintId	\N	\N	436	437	\N	\N	\N	\N	update	2019-10-11 08:29:02.442+00	2717	\N	\N	\N	\N	\N	\N
25073	Task	3240	3240	sprintId	\N	\N	437	436	\N	\N	\N	\N	update	2019-10-11 08:29:41.089+00	2717	\N	\N	\N	\N	\N	\N
25074	Task	3240	3240	sprintId	\N	\N	436	437	\N	\N	\N	\N	update	2019-10-11 08:29:47.88+00	2717	\N	\N	\N	\N	\N	\N
25075	Task	3240	3240	sprintId	\N	\N	437	436	\N	\N	\N	\N	update	2019-10-11 08:29:56.788+00	2717	\N	\N	\N	\N	\N	\N
25076	Task	3219	3219	sprintId	\N	\N	437	436	\N	\N	\N	\N	update	2019-10-11 08:30:02.788+00	2717	\N	\N	\N	\N	\N	\N
25077	Task	3240	3240	sprintId	\N	\N	436	437	\N	\N	\N	\N	update	2019-10-11 08:30:08.479+00	2717	\N	\N	\N	\N	\N	\N
25078	Task	3240	3240	sprintId	\N	\N	437	436	\N	\N	\N	\N	update	2019-10-11 08:30:15.204+00	2717	\N	\N	\N	\N	\N	\N
25079	Task	3219	3219	sprintId	\N	\N	436	437	\N	\N	\N	\N	update	2019-10-11 08:30:30.644+00	2717	\N	\N	\N	\N	\N	\N
25080	Task	3219	3219	sprintId	\N	\N	437	\N	\N	\N	\N	\N	update	2019-10-11 08:30:33.894+00	2717	\N	\N	\N	\N	\N	\N
25081	Task	3240	3240	sprintId	\N	\N	436	437	\N	\N	\N	\N	update	2019-10-11 08:31:07.192+00	2717	\N	\N	\N	\N	\N	\N
25082	Task	3219	3219	sprintId	\N	\N	\N	437	\N	\N	\N	\N	update	2019-10-11 08:36:04.924+00	2717	\N	\N	\N	\N	\N	\N
25083	Task	3240	3240	sprintId	\N	\N	437	436	\N	\N	\N	\N	update	2019-10-11 08:36:14.356+00	2717	\N	\N	\N	\N	\N	\N
25084	Task	3219	3219	sprintId	\N	\N	437	436	\N	\N	\N	\N	update	2019-10-11 08:36:16.955+00	2717	\N	\N	\N	\N	\N	\N
25085	Task	3240	3240	sprintId	\N	\N	436	437	\N	\N	\N	\N	update	2019-10-11 08:36:28.905+00	2717	\N	\N	\N	\N	\N	\N
25086	Task	3240	3240	sprintId	\N	\N	437	436	\N	\N	\N	\N	update	2019-10-11 08:36:36.846+00	2717	\N	\N	\N	\N	\N	\N
25087	Task	3240	3240	sprintId	\N	\N	436	437	\N	\N	\N	\N	update	2019-10-11 08:36:46.92+00	2717	\N	\N	\N	\N	\N	\N
25088	Task	3219	3219	sprintId	\N	\N	436	437	\N	\N	\N	\N	update	2019-10-11 08:36:49.67+00	2717	\N	\N	\N	\N	\N	\N
25089	Task	3240	3240	sprintId	\N	\N	437	436	\N	\N	\N	\N	update	2019-10-11 08:37:06.735+00	2717	\N	\N	\N	\N	\N	\N
25090	Task	3219	3219	sprintId	\N	\N	437	436	\N	\N	\N	\N	update	2019-10-11 08:37:09.26+00	2717	\N	\N	\N	\N	\N	\N
25091	Task	3240	3240	sprintId	\N	\N	436	\N	\N	\N	\N	\N	update	2019-10-11 08:37:32.342+00	2717	\N	\N	\N	\N	\N	\N
25092	Task	3219	3219	sprintId	\N	\N	436	\N	\N	\N	\N	\N	update	2019-10-11 08:37:34.109+00	2717	\N	\N	\N	\N	\N	\N
25093	Task	3241	3241	\N	\N	\N	\N	\N	\N	\N	\N	\N	create	2019-10-11 08:38:32.657+00	2717	\N	\N	\N	\N	\N	\N
25096	Task	3219	3219	sprintId	\N	\N	\N	436	\N	\N	\N	\N	update	2019-10-11 08:38:54.371+00	2717	\N	\N	\N	\N	\N	\N
25097	Task	3241	3241	sprintId	\N	\N	436	437	\N	\N	\N	\N	update	2019-10-11 08:38:59.787+00	2717	\N	\N	\N	\N	\N	\N
25098	Task	3240	3240	sprintId	\N	\N	436	437	\N	\N	\N	\N	update	2019-10-11 08:39:25.918+00	2717	\N	\N	\N	\N	\N	\N
25105	Task	3242	3242	\N	\N	\N	\N	\N	\N	\N	\N	\N	create	2019-10-11 08:42:27.008+00	2717	\N	\N	\N	\N	\N	\N
25106	Task	3241	3241	sprintId	\N	\N	\N	436	\N	\N	\N	\N	update	2019-10-11 08:44:11.25+00	2717	\N	\N	\N	\N	\N	\N
25094	Task	3241	3241	sprintId	\N	\N	\N	436	\N	\N	\N	\N	update	2019-10-11 08:38:50.313+00	2717	\N	\N	\N	\N	\N	\N
25095	Task	3240	3240	sprintId	\N	\N	\N	436	\N	\N	\N	\N	update	2019-10-11 08:38:52.887+00	2717	\N	\N	\N	\N	\N	\N
25108	Task	3240	3240	sprintId	\N	\N	437	\N	\N	\N	\N	\N	update	2019-10-11 08:45:08.521+00	2717	\N	\N	\N	\N	\N	\N
25099	Task	3219	3219	sprintId	\N	\N	436	437	\N	\N	\N	\N	update	2019-10-11 08:39:32.76+00	2717	\N	\N	\N	\N	\N	\N
25100	Task	3240	3240	sprintId	\N	\N	437	\N	\N	\N	\N	\N	update	2019-10-11 08:39:36.658+00	2717	\N	\N	\N	\N	\N	\N
25101	Task	3219	3219	sprintId	\N	\N	437	436	\N	\N	\N	\N	update	2019-10-11 08:39:40.267+00	2717	\N	\N	\N	\N	\N	\N
25102	Task	3241	3241	sprintId	\N	\N	437	436	\N	\N	\N	\N	update	2019-10-11 08:39:53.233+00	2717	\N	\N	\N	\N	\N	\N
25103	Task	3241	3241	sprintId	\N	\N	436	\N	\N	\N	\N	\N	update	2019-10-11 08:41:27.577+00	2717	\N	\N	\N	\N	\N	\N
25104	Task	3219	3219	sprintId	\N	\N	436	\N	\N	\N	\N	\N	update	2019-10-11 08:41:31.694+00	2717	\N	\N	\N	\N	\N	\N
25107	Task	3240	3240	sprintId	\N	\N	\N	437	\N	\N	\N	\N	update	2019-10-11 08:44:42.064+00	2717	\N	\N	\N	\N	\N	\N
25109	Task	3241	3241	sprintId	\N	\N	436	\N	\N	\N	\N	\N	update	2019-10-11 08:45:15.795+00	2717	\N	\N	\N	\N	\N	\N
25110	Task	3243	3243	\N	\N	\N	\N	\N	\N	\N	\N	\N	create	2019-10-11 08:47:24.93+00	2717	\N	\N	\N	\N	\N	\N
25111	Task	3243	3243	sprintId	\N	\N	\N	436	\N	\N	\N	\N	update	2019-10-11 08:47:39.819+00	2717	\N	\N	\N	\N	\N	\N
25112	Task	3244	3244	\N	\N	\N	\N	\N	\N	\N	\N	\N	create	2019-10-11 11:39:43.559+00	2717	\N	\N	\N	\N	\N	\N
25113	Task	3244	3244	sprintId	\N	\N	\N	429	\N	\N	\N	\N	update	2019-10-11 11:40:08.799+00	2717	\N	\N	\N	\N	\N	\N
25114	Task	3245	3245	\N	\N	\N	\N	\N	\N	\N	\N	\N	create	2019-10-11 11:41:02.86+00	2717	\N	\N	\N	\N	\N	\N
25115	Task	3245	3245	sprintId	\N	\N	\N	426	\N	\N	\N	\N	update	2019-10-11 11:41:19.041+00	2717	\N	\N	\N	\N	\N	\N
25116	Task	3245	3245	sprintId	\N	\N	426	\N	\N	\N	\N	\N	update	2019-10-11 11:42:57.268+00	2717	\N	\N	\N	\N	\N	\N
25117	Task	3236	3236	sprintId	\N	\N	426	\N	\N	\N	\N	\N	update	2019-10-11 11:43:06.593+00	2717	\N	\N	\N	\N	\N	\N
25118	Task	3237	3237	sprintId	\N	\N	426	\N	\N	\N	\N	\N	update	2019-10-11 11:43:11.876+00	2717	\N	\N	\N	\N	\N	\N
25119	Task	3163	3163	sprintId	\N	\N	426	\N	\N	\N	\N	\N	update	2019-10-11 11:43:20.509+00	2717	\N	\N	\N	\N	\N	\N
25120	Task	3244	3244	sprintId	\N	\N	429	\N	\N	\N	\N	\N	update	2019-10-11 11:44:18.828+00	2717	\N	\N	\N	\N	\N	\N
25121	Task	3235	3235	sprintId	\N	\N	426	\N	\N	\N	\N	\N	update	2019-10-11 11:44:36.327+00	2717	\N	\N	\N	\N	\N	\N
25122	Task	3245	3245	sprintId	\N	\N	\N	426	\N	\N	\N	\N	update	2019-10-11 11:44:38.345+00	2717	\N	\N	\N	\N	\N	\N
25123	Task	3245	3245	sprintId	\N	\N	426	\N	\N	\N	\N	\N	update	2019-10-11 11:44:39.97+00	2717	\N	\N	\N	\N	\N	\N
25124	Task	3118	3118	sprintId	\N	\N	426	\N	\N	\N	\N	\N	update	2019-10-11 11:44:44.811+00	2717	\N	\N	\N	\N	\N	\N
25125	Task	3117	3117	sprintId	\N	\N	429	\N	\N	\N	\N	\N	update	2019-10-11 11:44:50.303+00	2717	\N	\N	\N	\N	\N	\N
25126	Task	3245	3245	sprintId	\N	\N	\N	429	\N	\N	\N	\N	update	2019-10-11 11:44:54.686+00	2717	\N	\N	\N	\N	\N	\N
25127	Task	3245	3245	sprintId	\N	\N	429	\N	\N	\N	\N	\N	update	2019-10-11 11:44:57.335+00	2717	\N	\N	\N	\N	\N	\N
25128	Task	3245	3245	sprintId	\N	\N	\N	429	\N	\N	\N	\N	update	2019-10-11 11:44:58.902+00	2717	\N	\N	\N	\N	\N	\N
25129	Task	3114	3114	sprintId	\N	\N	426	\N	\N	\N	\N	\N	update	2019-10-11 11:45:03.052+00	2717	\N	\N	\N	\N	\N	\N
25130	Task	3113	3113	sprintId	\N	\N	426	\N	\N	\N	\N	\N	update	2019-10-11 12:17:19.467+00	2717	\N	\N	\N	\N	\N	\N
25131	Task	3114	3114	sprintId	\N	\N	\N	426	\N	\N	\N	\N	update	2019-10-11 12:17:34.114+00	2717	\N	\N	\N	\N	\N	\N
25132	Task	3115	3115	sprintId	\N	\N	426	\N	\N	\N	\N	\N	update	2019-10-11 12:17:38.214+00	2717	\N	\N	\N	\N	\N	\N
25133	Task	3113	3113	sprintId	\N	\N	\N	426	\N	\N	\N	\N	update	2019-10-11 12:17:40.286+00	2717	\N	\N	\N	\N	\N	\N
25163	Task	3246	3246	\N	\N	\N	\N	\N	\N	\N	\N	\N	create	2019-10-11 12:19:21.472+00	2717	\N	\N	\N	\N	\N	\N
25164	Task	3244	3244	sprintId	\N	\N	\N	429	\N	\N	\N	\N	update	2019-10-11 12:20:38.821+00	2717	\N	\N	\N	\N	\N	\N
25165	Task	3197	3197	sprintId	\N	\N	\N	429	\N	\N	\N	\N	update	2019-10-11 12:20:56.444+00	2717	\N	\N	\N	\N	\N	\N
25196	Task	3235	3235	sprintId	\N	\N	\N	426	\N	\N	\N	\N	update	2019-10-11 12:54:02.896+00	2717	\N	\N	\N	\N	\N	\N
25197	Task	3237	3237	sprintId	\N	\N	\N	426	\N	\N	\N	\N	update	2019-10-11 12:54:13.702+00	2717	\N	\N	\N	\N	\N	\N
25198	Task	3246	3246	sprintId	\N	\N	\N	426	\N	\N	\N	\N	update	2019-10-11 12:55:09.468+00	2717	\N	\N	\N	\N	\N	\N
25199	Task	3236	3236	sprintId	\N	\N	\N	426	\N	\N	\N	\N	update	2019-10-11 12:55:30.855+00	2717	\N	\N	\N	\N	\N	\N
25200	Task	3279	3279	\N	\N	\N	\N	\N	\N	\N	\N	\N	create	2019-10-11 12:55:39.2+00	2717	\N	\N	\N	\N	\N	\N
25201	Task	3279	3279	sprintId	\N	\N	\N	426	\N	\N	\N	\N	update	2019-10-11 12:55:49.641+00	2717	\N	\N	\N	\N	\N	\N
25202	Task	3117	3117	sprintId	\N	\N	\N	426	\N	\N	\N	\N	update	2019-10-11 12:57:04.607+00	2717	\N	\N	\N	\N	\N	\N
25203	Task	3163	3163	sprintId	\N	\N	\N	426	\N	\N	\N	\N	update	2019-10-11 13:00:08.82+00	2717	\N	\N	\N	\N	\N	\N
25204	Task	3118	3118	sprintId	\N	\N	\N	426	\N	\N	\N	\N	update	2019-10-11 13:00:37.077+00	2717	\N	\N	\N	\N	\N	\N
25205	Task	3279	3279	sprintId	\N	\N	426	\N	\N	\N	\N	\N	update	2019-10-11 13:00:54.635+00	2717	\N	\N	\N	\N	\N	\N
25206	Task	3279	3279	sprintId	\N	\N	\N	426	\N	\N	\N	\N	update	2019-10-11 13:01:18.198+00	2717	\N	\N	\N	\N	\N	\N
25207	Task	3279	3279	sprintId	\N	\N	426	\N	\N	\N	\N	\N	update	2019-10-11 13:01:20.715+00	2717	\N	\N	\N	\N	\N	\N
25208	Task	3280	3280	\N	\N	\N	\N	\N	\N	\N	\N	\N	create	2019-10-11 13:01:33.015+00	2717	\N	\N	\N	\N	\N	\N
25209	Task	3280	3280	sprintId	\N	\N	\N	426	\N	\N	\N	\N	update	2019-10-11 13:01:56.222+00	2717	\N	\N	\N	\N	\N	\N
25210	Task	3281	3281	\N	\N	\N	\N	\N	\N	\N	\N	\N	create	2019-10-14 06:13:04.109+00	2717	\N	\N	\N	\N	\N	\N
25211	Task	3282	3282	\N	\N	\N	\N	\N	\N	\N	\N	\N	create	2019-10-14 06:13:32.273+00	2717	\N	\N	\N	\N	\N	\N
25212	Task	3282	3282	sprintId	\N	\N	\N	437	\N	\N	\N	\N	update	2019-10-14 06:13:59.198+00	2717	\N	\N	\N	\N	\N	\N
25213	Task	3241	3241	sprintId	\N	\N	\N	436	\N	\N	\N	\N	update	2019-10-14 06:14:30.078+00	2717	\N	\N	\N	\N	\N	\N
25214	Task	3240	3240	sprintId	\N	\N	\N	437	\N	\N	\N	\N	update	2019-10-14 06:28:10.008+00	2717	\N	\N	\N	\N	\N	\N
25215	Task	3283	3283	\N	\N	\N	\N	\N	\N	\N	\N	\N	create	2019-10-14 06:28:33.467+00	2717	\N	\N	\N	\N	\N	\N
25216	Task	3283	3283	sprintId	\N	\N	\N	436	\N	\N	\N	\N	update	2019-10-14 06:28:43.774+00	2717	\N	\N	\N	\N	\N	\N
25217	Task	3284	3284	\N	\N	\N	\N	\N	\N	\N	\N	\N	create	2019-10-14 06:30:30.467+00	2717	\N	\N	\N	\N	\N	\N
25218	Task	3284	3284	sprintId	\N	\N	\N	436	\N	\N	\N	\N	update	2019-10-14 06:30:40.217+00	2717	\N	\N	\N	\N	\N	\N
25219	Task	3285	3285	\N	\N	\N	\N	\N	\N	\N	\N	\N	create	2019-10-14 06:31:17.197+00	2717	\N	\N	\N	\N	\N	\N
25220	Task	3285	3285	sprintId	\N	\N	\N	436	\N	\N	\N	\N	update	2019-10-14 06:31:23.932+00	2717	\N	\N	\N	\N	\N	\N
25221	Task	3286	3286	\N	\N	\N	\N	\N	\N	\N	\N	\N	create	2019-10-14 06:37:46.415+00	2717	\N	\N	\N	\N	\N	\N
25222	Task	3286	3286	sprintId	\N	\N	\N	436	\N	\N	\N	\N	update	2019-10-14 06:37:56.006+00	2717	\N	\N	\N	\N	\N	\N
25223	Task	3242	3242	sprintId	\N	\N	\N	437	\N	\N	\N	\N	update	2019-10-14 06:39:15.218+00	2717	\N	\N	\N	\N	\N	\N
25224	Task	3282	3282	sprintId	\N	\N	437	\N	\N	\N	\N	\N	update	2019-10-14 06:42:03.162+00	2717	\N	\N	\N	\N	\N	\N
25225	Task	3282	3282	sprintId	\N	\N	\N	437	\N	\N	\N	\N	update	2019-10-14 06:42:20.171+00	2717	\N	\N	\N	\N	\N	\N
25226	Task	3287	3287	\N	\N	\N	\N	\N	\N	\N	\N	\N	create	2019-10-14 06:42:28.887+00	2717	\N	\N	\N	\N	\N	\N
25227	Task	3287	3287	sprintId	\N	\N	\N	436	\N	\N	\N	\N	update	2019-10-14 06:42:35.253+00	2717	\N	\N	\N	\N	\N	\N
25228	Task	3219	3219	sprintId	\N	\N	\N	436	\N	\N	\N	\N	update	2019-10-14 06:43:11.443+00	2717	\N	\N	\N	\N	\N	\N
25229	Task	3288	3288	\N	\N	\N	\N	\N	\N	\N	\N	\N	create	2019-10-14 06:44:28.095+00	2717	\N	\N	\N	\N	\N	\N
25230	Task	3288	3288	sprintId	\N	\N	\N	436	\N	\N	\N	\N	update	2019-10-14 06:44:38.001+00	2717	\N	\N	\N	\N	\N	\N
25231	Task	3287	3287	sprintId	\N	\N	436	\N	\N	\N	\N	\N	update	2019-10-14 06:45:11.734+00	2717	\N	\N	\N	\N	\N	\N
25232	Task	3281	3281	sprintId	\N	\N	436	\N	\N	\N	\N	\N	update	2019-10-14 06:45:34.349+00	2717	\N	\N	\N	\N	\N	\N
25233	Task	3289	3289	\N	\N	\N	\N	\N	\N	\N	\N	\N	create	2019-10-14 09:34:11.732+00	2717	\N	\N	\N	\N	\N	\N
25234	Task	3289	3289	sprintId	\N	\N	\N	437	\N	\N	\N	\N	update	2019-10-14 09:34:21.91+00	2717	\N	\N	\N	\N	\N	\N
25235	Task	3287	3287	sprintId	\N	\N	\N	437	\N	\N	\N	\N	update	2019-10-14 09:34:38.993+00	2717	\N	\N	\N	\N	\N	\N
25236	Task	3281	3281	sprintId	\N	\N	\N	437	\N	\N	\N	\N	update	2019-10-14 09:34:59.108+00	2717	\N	\N	\N	\N	\N	\N
25237	Task	3290	3290	\N	\N	\N	\N	\N	\N	\N	\N	\N	create	2019-10-14 09:40:02.241+00	2717	\N	\N	\N	\N	\N	\N
25238	Task	3290	3290	sprintId	\N	\N	\N	437	\N	\N	\N	\N	update	2019-10-14 09:48:20.317+00	2717	\N	\N	\N	\N	\N	\N
25239	Task	3289	3289	sprintId	\N	\N	437	\N	\N	\N	\N	\N	update	2019-10-14 09:48:29.797+00	2717	\N	\N	\N	\N	\N	\N
25240	Task	3289	3289	sprintId	\N	\N	\N	436	\N	\N	\N	\N	update	2019-10-14 09:48:39.647+00	2717	\N	\N	\N	\N	\N	\N
25241	Task	3289	3289	sprintId	\N	\N	436	\N	\N	\N	\N	\N	update	2019-10-14 09:48:46.271+00	2717	\N	\N	\N	\N	\N	\N
25242	Task	3291	3291	\N	\N	\N	\N	\N	\N	\N	\N	\N	create	2019-10-14 09:49:00.124+00	2717	\N	\N	\N	\N	\N	\N
25243	Task	3291	3291	sprintId	\N	\N	\N	436	\N	\N	\N	\N	update	2019-10-14 09:49:17.912+00	2717	\N	\N	\N	\N	\N	\N
25244	Task	3289	3289	sprintId	\N	\N	\N	437	\N	\N	\N	\N	update	2019-10-14 09:50:06.949+00	2717	\N	\N	\N	\N	\N	\N
25245	Task	3292	3292	\N	\N	\N	\N	\N	\N	\N	\N	\N	create	2019-10-14 09:57:17.981+00	2717	\N	\N	\N	\N	\N	\N
25246	Task	3292	3292	sprintId	\N	\N	\N	436	\N	\N	\N	\N	update	2019-10-14 09:57:26.265+00	2717	\N	\N	\N	\N	\N	\N
25247	Task	3289	3289	sprintId	\N	\N	437	\N	\N	\N	\N	\N	update	2019-10-14 09:58:52.882+00	2717	\N	\N	\N	\N	\N	\N
25248	Task	3287	3287	sprintId	\N	\N	437	\N	\N	\N	\N	\N	update	2019-10-14 09:59:04.348+00	2717	\N	\N	\N	\N	\N	\N
25249	Task	3289	3289	sprintId	\N	\N	\N	437	\N	\N	\N	\N	update	2019-10-14 09:59:06.991+00	2717	\N	\N	\N	\N	\N	\N
25250	Task	3293	3293	\N	\N	\N	\N	\N	\N	\N	\N	\N	create	2019-10-14 10:02:22.087+00	2717	\N	\N	\N	\N	\N	\N
25251	Task	3294	3294	\N	\N	\N	\N	\N	\N	\N	\N	\N	create	2019-10-14 10:03:38.668+00	2717	\N	\N	\N	\N	\N	\N
25252	Task	3294	3294	sprintId	\N	\N	\N	436	\N	\N	\N	\N	update	2019-10-14 10:03:46.572+00	2717	\N	\N	\N	\N	\N	\N
25253	Task	3287	3287	sprintId	\N	\N	\N	437	\N	\N	\N	\N	update	2019-10-14 10:07:04.533+00	2717	\N	\N	\N	\N	\N	\N
25254	Task	3289	3289	sprintId	\N	\N	437	\N	\N	\N	\N	\N	update	2019-10-14 10:07:06.509+00	2717	\N	\N	\N	\N	\N	\N
25255	Task	3295	3295	\N	\N	\N	\N	\N	\N	\N	\N	\N	create	2019-10-14 10:07:15.692+00	2717	\N	\N	\N	\N	\N	\N
25256	Task	3295	3295	sprintId	\N	\N	\N	437	\N	\N	\N	\N	update	2019-10-14 10:07:22.465+00	2717	\N	\N	\N	\N	\N	\N
25257	Task	3296	3296	\N	\N	\N	\N	\N	\N	\N	\N	\N	create	2019-10-14 10:08:46.91+00	2717	\N	\N	\N	\N	\N	\N
25258	Task	3289	3289	sprintId	\N	\N	\N	436	\N	\N	\N	\N	update	2019-10-14 10:12:29.52+00	2717	\N	\N	\N	\N	\N	\N
25259	Task	3296	3296	sprintId	\N	\N	\N	437	\N	\N	\N	\N	update	2019-10-14 10:15:58.267+00	2717	\N	\N	\N	\N	\N	\N
25260	Task	3297	3297	\N	\N	\N	\N	\N	\N	\N	\N	\N	create	2019-10-14 10:16:05.15+00	2717	\N	\N	\N	\N	\N	\N
25261	Task	3297	3297	sprintId	\N	\N	\N	437	\N	\N	\N	\N	update	2019-10-14 10:16:24.056+00	2717	\N	\N	\N	\N	\N	\N
25262	Task	3298	3298	\N	\N	\N	\N	\N	\N	\N	\N	\N	create	2019-10-14 10:28:12.621+00	2717	\N	\N	\N	\N	\N	\N
25263	Task	3299	3299	\N	\N	\N	\N	\N	\N	\N	\N	\N	create	2019-10-14 10:29:52.962+00	2717	\N	\N	\N	\N	\N	\N
25264	Task	3299	3299	sprintId	\N	\N	\N	436	\N	\N	\N	\N	update	2019-10-14 10:30:14.901+00	2717	\N	\N	\N	\N	\N	\N
25265	Task	3298	3298	sprintId	\N	\N	\N	437	\N	\N	\N	\N	update	2019-10-14 10:30:53.257+00	2717	\N	\N	\N	\N	\N	\N
25266	Task	3300	3300	\N	\N	\N	\N	\N	\N	\N	\N	\N	create	2019-10-14 10:31:37.13+00	2717	\N	\N	\N	\N	\N	\N
25267	Task	3287	3287	sprintId	\N	\N	437	\N	\N	\N	\N	\N	update	2019-10-14 10:37:07.816+00	2717	\N	\N	\N	\N	\N	\N
25268	Task	3301	3301	\N	\N	\N	\N	\N	\N	\N	\N	\N	create	2019-10-14 10:49:17.826+00	2717	\N	\N	\N	\N	\N	\N
25269	Task	3302	3302	\N	\N	\N	\N	\N	\N	\N	\N	\N	create	2019-10-14 10:50:08.049+00	2717	\N	\N	\N	\N	\N	\N
25270	Task	3303	3303	\N	\N	\N	\N	\N	\N	\N	\N	\N	create	2019-10-14 10:51:40.25+00	2717	\N	\N	\N	\N	\N	\N
25271	Task	3304	3304	\N	\N	\N	\N	\N	\N	\N	\N	\N	create	2019-10-14 10:51:59.382+00	2717	\N	\N	\N	\N	\N	\N
25272	Task	3297	3297	sprintId	\N	\N	437	\N	\N	\N	\N	\N	update	2019-10-14 10:57:03.285+00	2717	\N	\N	\N	\N	\N	\N
25273	Task	3287	3287	sprintId	\N	\N	\N	437	\N	\N	\N	\N	update	2019-10-14 10:57:07.155+00	2717	\N	\N	\N	\N	\N	\N
25274	Task	3305	3305	\N	\N	\N	\N	\N	\N	\N	\N	\N	create	2019-10-14 10:57:17.111+00	2717	\N	\N	\N	\N	\N	\N
25275	Task	3305	3305	sprintId	\N	\N	\N	436	\N	\N	\N	\N	update	2019-10-14 10:57:24.529+00	2717	\N	\N	\N	\N	\N	\N
25276	Task	3287	3287	sprintId	\N	\N	437	\N	\N	\N	\N	\N	update	2019-10-14 10:57:39.085+00	2717	\N	\N	\N	\N	\N	\N
25277	Task	3306	3306	\N	\N	\N	\N	\N	\N	\N	\N	\N	create	2019-10-14 10:58:25.609+00	2717	\N	\N	\N	\N	\N	\N
25278	Task	3306	3306	sprintId	\N	\N	\N	436	\N	\N	\N	\N	update	2019-10-14 10:58:46.197+00	2717	\N	\N	\N	\N	\N	\N
25279	Task	3307	3307	\N	\N	\N	\N	\N	\N	\N	\N	\N	create	2019-10-14 11:00:15.388+00	2717	\N	\N	\N	\N	\N	\N
25280	Task	3307	3307	sprintId	\N	\N	\N	436	\N	\N	\N	\N	update	2019-10-14 11:00:22.759+00	2717	\N	\N	\N	\N	\N	\N
25281	Task	3308	3308	\N	\N	\N	\N	\N	\N	\N	\N	\N	create	2019-10-14 11:03:43.479+00	2717	\N	\N	\N	\N	\N	\N
25282	Task	3308	3308	sprintId	\N	\N	\N	437	\N	\N	\N	\N	update	2019-10-14 11:03:55.539+00	2717	\N	\N	\N	\N	\N	\N
25283	Task	3309	3309	\N	\N	\N	\N	\N	\N	\N	\N	\N	create	2019-10-14 11:12:28.118+00	2717	\N	\N	\N	\N	\N	\N
25284	Task	3309	3309	sprintId	\N	\N	\N	437	\N	\N	\N	\N	update	2019-10-14 11:12:38.028+00	2717	\N	\N	\N	\N	\N	\N
25285	Task	3287	3287	sprintId	\N	\N	\N	438	\N	\N	\N	\N	update	2019-10-14 11:13:16.765+00	2717	\N	\N	\N	\N	\N	\N
25286	Task	3310	3310	\N	\N	\N	\N	\N	\N	\N	\N	\N	create	2019-10-14 11:18:40.292+00	2717	\N	\N	\N	\N	\N	\N
25287	Task	3311	3311	\N	\N	\N	\N	\N	\N	\N	\N	\N	create	2019-10-14 11:18:53.667+00	2717	\N	\N	\N	\N	\N	\N
25288	Task	3312	3312	\N	\N	\N	\N	\N	\N	\N	\N	\N	create	2019-10-14 11:19:22.123+00	2717	\N	\N	\N	\N	\N	\N
25289	Task	3313	3313	\N	\N	\N	\N	\N	\N	\N	\N	\N	create	2019-10-14 11:31:11.519+00	2717	\N	\N	\N	\N	\N	\N
25290	Task	3297	3297	sprintId	\N	\N	\N	438	\N	\N	\N	\N	update	2019-10-14 11:31:46.513+00	2717	\N	\N	\N	\N	\N	\N
25291	Task	3287	3287	sprintId	\N	\N	438	\N	\N	\N	\N	\N	update	2019-10-14 11:31:48.495+00	2717	\N	\N	\N	\N	\N	\N
25292	Task	3314	3314	\N	\N	\N	\N	\N	\N	\N	\N	\N	create	2019-10-14 11:33:18.37+00	2717	\N	\N	\N	\N	\N	\N
25293	Task	3315	3315	\N	\N	\N	\N	\N	\N	\N	\N	\N	create	2019-10-14 11:33:58.712+00	2717	\N	\N	\N	\N	\N	\N
25294	Task	3315	3315	sprintId	\N	\N	\N	438	\N	\N	\N	\N	update	2019-10-14 11:34:18.168+00	2717	\N	\N	\N	\N	\N	\N
25295	Task	3297	3297	sprintId	\N	\N	438	\N	\N	\N	\N	\N	update	2019-10-14 11:36:33.801+00	2717	\N	\N	\N	\N	\N	\N
25296	Task	3316	3316	\N	\N	\N	\N	\N	\N	\N	\N	\N	create	2019-10-14 11:38:51.664+00	2717	\N	\N	\N	\N	\N	\N
25297	Task	3317	3317	\N	\N	\N	\N	\N	\N	\N	\N	\N	create	2019-10-14 11:43:21.962+00	2717	\N	\N	\N	\N	\N	\N
25298	Task	3287	3287	sprintId	\N	\N	\N	438	\N	\N	\N	\N	update	2019-10-14 11:43:31.811+00	2717	\N	\N	\N	\N	\N	\N
25299	Task	3287	3287	sprintId	\N	\N	438	\N	\N	\N	\N	\N	update	2019-10-14 11:44:54.614+00	2717	\N	\N	\N	\N	\N	\N
25300	Task	3287	3287	sprintId	\N	\N	\N	438	\N	\N	\N	\N	update	2019-10-14 11:46:09.267+00	2717	\N	\N	\N	\N	\N	\N
25301	Task	3318	3318	\N	\N	\N	\N	\N	\N	\N	\N	\N	create	2019-10-14 11:46:30.458+00	2717	\N	\N	\N	\N	\N	\N
25302	Task	3318	3318	sprintId	\N	\N	\N	438	\N	\N	\N	\N	update	2019-10-14 11:46:44.024+00	2717	\N	\N	\N	\N	\N	\N
25303	Task	3319	3319	\N	\N	\N	\N	\N	\N	\N	\N	\N	create	2019-10-14 11:49:51.491+00	2717	\N	\N	\N	\N	\N	\N
25304	Task	3314	3314	sprintId	\N	\N	\N	438	\N	\N	\N	\N	update	2019-10-14 11:50:01.272+00	2717	\N	\N	\N	\N	\N	\N
25305	Task	3320	3320	\N	\N	\N	\N	\N	\N	\N	\N	\N	create	2019-10-14 11:50:15.144+00	2717	\N	\N	\N	\N	\N	\N
25306	Task	3321	3321	\N	\N	\N	\N	\N	\N	\N	\N	\N	create	2019-10-14 11:50:26.055+00	2717	\N	\N	\N	\N	\N	\N
25307	Task	3297	3297	sprintId	\N	\N	\N	437	\N	\N	\N	\N	update	2019-10-14 11:50:35.795+00	2717	\N	\N	\N	\N	\N	\N
25308	Task	3300	3300	sprintId	\N	\N	\N	437	\N	\N	\N	\N	update	2019-10-14 11:51:49.073+00	2717	\N	\N	\N	\N	\N	\N
25309	Task	3317	3317	sprintId	\N	\N	\N	438	\N	\N	\N	\N	update	2019-10-14 11:53:38.366+00	2717	\N	\N	\N	\N	\N	\N
25310	Task	3313	3313	sprintId	\N	\N	\N	437	\N	\N	\N	\N	update	2019-10-14 11:53:49.882+00	2717	\N	\N	\N	\N	\N	\N
25311	Task	3322	3322	\N	\N	\N	\N	\N	\N	\N	\N	\N	create	2019-10-14 11:53:58.371+00	2717	\N	\N	\N	\N	\N	\N
25312	Task	3323	3323	\N	\N	\N	\N	\N	\N	\N	\N	\N	create	2019-10-14 11:54:30.48+00	2717	\N	\N	\N	\N	\N	\N
25313	Task	3324	3324	\N	\N	\N	\N	\N	\N	\N	\N	\N	create	2019-10-14 11:55:30.337+00	2717	\N	\N	\N	\N	\N	\N
25314	Task	3325	3325	\N	\N	\N	\N	\N	\N	\N	\N	\N	create	2019-10-14 11:56:14.697+00	2717	\N	\N	\N	\N	\N	\N
25315	Task	3325	3325	sprintId	\N	\N	\N	438	\N	\N	\N	\N	update	2019-10-14 12:03:45.005+00	2717	\N	\N	\N	\N	\N	\N
25316	Task	3326	3326	\N	\N	\N	\N	\N	\N	\N	\N	\N	create	2019-10-14 12:04:39.479+00	2717	\N	\N	\N	\N	\N	\N
25317	Task	3327	3327	\N	\N	\N	\N	\N	\N	\N	\N	\N	create	2019-10-14 12:12:41.596+00	2717	\N	\N	\N	\N	\N	\N
25318	Task	3328	3328	\N	\N	\N	\N	\N	\N	\N	\N	\N	create	2019-10-14 12:15:08.832+00	2717	\N	\N	\N	\N	\N	\N
25319	Task	3329	3329	\N	\N	\N	\N	\N	\N	\N	\N	\N	create	2019-10-14 12:18:06.795+00	2717	\N	\N	\N	\N	\N	\N
25320	Task	3330	3330	\N	\N	\N	\N	\N	\N	\N	\N	\N	create	2019-10-14 12:18:14.661+00	2717	\N	\N	\N	\N	\N	\N
25321	Task	3330	3330	sprintId	\N	\N	\N	438	\N	\N	\N	\N	update	2019-10-14 12:18:21.784+00	2717	\N	\N	\N	\N	\N	\N
25322	Task	3287	3287	sprintId	\N	\N	438	\N	\N	\N	\N	\N	update	2019-10-14 12:21:07.124+00	2717	\N	\N	\N	\N	\N	\N
25323	Task	3317	3317	sprintId	\N	\N	438	\N	\N	\N	\N	\N	update	2019-10-14 12:26:20.055+00	2717	\N	\N	\N	\N	\N	\N
25324	Task	3331	3331	\N	\N	\N	\N	\N	\N	\N	\N	\N	create	2019-10-14 12:26:44.157+00	2717	\N	\N	\N	\N	\N	\N
25325	Task	3328	3328	sprintId	\N	\N	438	\N	\N	\N	\N	\N	update	2019-10-14 12:26:49.034+00	2717	\N	\N	\N	\N	\N	\N
25356	Task	3364	3364	\N	\N	\N	\N	\N	\N	\N	\N	\N	create	2019-10-14 12:51:07.876+00	2717	\N	\N	\N	\N	\N	\N
25357	Task	3297	3297	sprintId	\N	\N	437	438	\N	\N	\N	\N	update	2019-10-14 12:51:17.194+00	2717	\N	\N	\N	\N	\N	\N
25358	Task	3297	3297	sprintId	\N	\N	438	437	\N	\N	\N	\N	update	2019-10-14 12:51:29.376+00	2717	\N	\N	\N	\N	\N	\N
25359	Task	3297	3297	statusId	\N	\N	1	9	\N	\N	\N	\N	update	2019-10-14 12:52:17.296+00	2717	\N	\N	\N	\N	\N	\N
25360	Task	3330	3330	sprintId	\N	\N	438	437	\N	\N	\N	\N	update	2019-10-14 12:52:45.952+00	2717	\N	\N	\N	\N	\N	\N
25361	Task	3287	3287	sprintId	\N	\N	\N	438	\N	\N	\N	\N	update	2019-10-14 12:52:54.364+00	2717	\N	\N	\N	\N	\N	\N
25362	Task	3365	3365	\N	\N	\N	\N	\N	\N	\N	\N	\N	create	2019-10-14 12:53:08.497+00	2717	\N	\N	\N	\N	\N	\N
25363	Task	3366	3366	\N	\N	\N	\N	\N	\N	\N	\N	\N	create	2019-10-14 13:01:02.886+00	2717	\N	\N	\N	\N	\N	\N
25364	Task	3367	3367	\N	\N	\N	\N	\N	\N	\N	\N	\N	create	2019-10-14 13:01:51.474+00	2717	\N	\N	\N	\N	\N	\N
25365	Task	3287	3287	sprintId	\N	\N	438	\N	\N	\N	\N	\N	update	2019-10-14 13:14:01.335+00	2717	\N	\N	\N	\N	\N	\N
25366	Task	3325	3325	sprintId	\N	\N	438	\N	\N	\N	\N	\N	update	2019-10-14 13:15:06.262+00	2717	\N	\N	\N	\N	\N	\N
25367	Task	3311	3311	sprintId	\N	\N	438	\N	\N	\N	\N	\N	update	2019-10-14 13:21:51.107+00	2717	\N	\N	\N	\N	\N	\N
25368	Task	3368	3368	\N	\N	\N	\N	\N	\N	\N	\N	\N	create	2019-10-14 13:22:40.156+00	2717	\N	\N	\N	\N	\N	\N
25369	Task	3369	3369	\N	\N	\N	\N	\N	\N	\N	\N	\N	create	2019-10-14 13:24:32.98+00	2717	\N	\N	\N	\N	\N	\N
25370	Task	3370	3370	\N	\N	\N	\N	\N	\N	\N	\N	\N	create	2019-10-14 13:28:02.502+00	2717	\N	\N	\N	\N	\N	\N
25371	Task	3371	3371	\N	\N	\N	\N	\N	\N	\N	\N	\N	create	2019-10-14 13:32:03.31+00	2717	\N	\N	\N	\N	\N	\N
25372	Task	3372	3372	\N	\N	\N	\N	\N	\N	\N	\N	\N	create	2019-10-14 13:37:21.803+00	2717	\N	\N	\N	\N	\N	\N
25373	Task	3373	3373	\N	\N	\N	\N	\N	\N	\N	\N	\N	create	2019-10-14 13:45:52.951+00	2717	\N	\N	\N	\N	\N	\N
25374	Task	3374	3374	\N	\N	\N	\N	\N	\N	\N	\N	\N	create	2019-10-14 13:46:01.321+00	2717	\N	\N	\N	\N	\N	\N
25375	Task	3375	3375	\N	\N	\N	\N	\N	\N	\N	\N	\N	create	2019-10-14 13:46:23.862+00	2717	\N	\N	\N	\N	\N	\N
25376	Task	3373	3373	statusId	\N	\N	1	9	\N	\N	\N	\N	update	2019-10-14 13:48:21.854+00	2717	\N	\N	\N	\N	\N	\N
25377	Task	3296	3296	statusId	\N	\N	1	9	\N	\N	\N	\N	update	2019-10-14 13:48:52.144+00	2717	\N	\N	\N	\N	\N	\N
25378	Task	3310	3310	statusId	\N	\N	1	9	\N	\N	\N	\N	update	2019-10-14 13:48:59.55+00	2717	\N	\N	\N	\N	\N	\N
25379	Task	3372	3372	statusId	\N	\N	1	9	\N	\N	\N	\N	update	2019-10-14 13:49:06.683+00	2717	\N	\N	\N	\N	\N	\N
25380	Task	3312	3312	statusId	\N	\N	1	9	\N	\N	\N	\N	update	2019-10-14 13:49:14.72+00	2717	\N	\N	\N	\N	\N	\N
25381	Task	3331	3331	statusId	\N	\N	1	9	\N	\N	\N	\N	update	2019-10-14 13:49:20.243+00	2717	\N	\N	\N	\N	\N	\N
25382	Task	3318	3318	statusId	\N	\N	1	9	\N	\N	\N	\N	update	2019-10-14 13:49:25.548+00	2717	\N	\N	\N	\N	\N	\N
25383	Task	3321	3321	statusId	\N	\N	1	9	\N	\N	\N	\N	update	2019-10-14 13:49:31.719+00	2717	\N	\N	\N	\N	\N	\N
25384	Task	3365	3365	statusId	\N	\N	1	9	\N	\N	\N	\N	update	2019-10-14 13:49:36.706+00	2717	\N	\N	\N	\N	\N	\N
25385	Task	3376	3376	\N	\N	\N	\N	\N	\N	\N	\N	\N	create	2019-10-14 13:49:57.634+00	2717	\N	\N	\N	\N	\N	\N
25386	Task	3377	3377	\N	\N	\N	\N	\N	\N	\N	\N	\N	create	2019-10-14 13:51:57.661+00	2717	\N	\N	\N	\N	\N	\N
25387	Task	3378	3378	\N	\N	\N	\N	\N	\N	\N	\N	\N	create	2019-10-14 13:53:06.865+00	2717	\N	\N	\N	\N	\N	\N
25388	Task	3376	3376	sprintId	\N	\N	438	\N	\N	\N	\N	\N	update	2019-10-14 13:56:07.919+00	2717	\N	\N	\N	\N	\N	\N
25389	Task	3379	3379	\N	\N	\N	\N	\N	\N	\N	\N	\N	create	2019-10-14 13:56:17.18+00	2717	\N	\N	\N	\N	\N	\N
25390	Task	3367	3367	sprintId	\N	\N	439	\N	\N	\N	\N	\N	update	2019-10-14 13:56:22.552+00	2717	\N	\N	\N	\N	\N	\N
25391	Task	3315	3315	sprintId	\N	\N	438	\N	\N	\N	\N	\N	update	2019-10-14 14:10:00.634+00	2717	\N	\N	\N	\N	\N	\N
25392	Task	3322	3322	sprintId	\N	\N	438	\N	\N	\N	\N	\N	update	2019-10-14 14:13:31.988+00	2717	\N	\N	\N	\N	\N	\N
25393	Task	3367	3367	sprintId	\N	\N	\N	438	\N	\N	\N	\N	update	2019-10-14 14:13:34.963+00	2717	\N	\N	\N	\N	\N	\N
25394	Task	3380	3380	\N	\N	\N	\N	\N	\N	\N	\N	\N	create	2019-10-14 14:13:47.759+00	2717	\N	\N	\N	\N	\N	\N
25395	Task	3287	3287	sprintId	\N	\N	\N	438	\N	\N	\N	\N	update	2019-10-14 14:13:52.813+00	2717	\N	\N	\N	\N	\N	\N
25396	Task	3317	3317	sprintId	\N	\N	\N	438	\N	\N	\N	\N	update	2019-10-14 14:13:59.07+00	2717	\N	\N	\N	\N	\N	\N
25397	Task	3328	3328	sprintId	\N	\N	\N	436	\N	\N	\N	\N	update	2019-10-14 14:16:18.335+00	2717	\N	\N	\N	\N	\N	\N
25398	Task	3381	3381	\N	\N	\N	\N	\N	\N	\N	\N	\N	create	2019-10-14 14:16:26.045+00	2717	\N	\N	\N	\N	\N	\N
25399	Task	3325	3325	sprintId	\N	\N	\N	439	\N	\N	\N	\N	update	2019-10-14 14:16:32.484+00	2717	\N	\N	\N	\N	\N	\N
25400	Task	3311	3311	sprintId	\N	\N	\N	438	\N	\N	\N	\N	update	2019-10-14 14:16:35.409+00	2717	\N	\N	\N	\N	\N	\N
25401	Task	3382	3382	\N	\N	\N	\N	\N	\N	\N	\N	\N	create	2019-10-14 14:16:51.522+00	2717	\N	\N	\N	\N	\N	\N
25402	Task	3376	3376	sprintId	\N	\N	\N	436	\N	\N	\N	\N	update	2019-10-14 14:16:54.217+00	2717	\N	\N	\N	\N	\N	\N
25403	Task	3323	3323	sprintId	\N	\N	\N	438	\N	\N	\N	\N	update	2019-10-14 14:16:57.749+00	2717	\N	\N	\N	\N	\N	\N
25404	Task	3383	3383	\N	\N	\N	\N	\N	\N	\N	\N	\N	create	2019-10-14 14:18:06.788+00	2717	\N	\N	\N	\N	\N	\N
25405	Task	3315	3315	sprintId	\N	\N	\N	438	\N	\N	\N	\N	update	2019-10-14 14:18:18.917+00	2717	\N	\N	\N	\N	\N	\N
25406	Task	3384	3384	\N	\N	\N	\N	\N	\N	\N	\N	\N	create	2019-10-14 14:20:38.812+00	2717	\N	\N	\N	\N	\N	\N
25407	Task	3367	3367	sprintId	\N	\N	438	\N	\N	\N	\N	\N	update	2019-10-14 14:28:04.248+00	2717	\N	\N	\N	\N	\N	\N
25408	Task	3287	3287	sprintId	\N	\N	438	\N	\N	\N	\N	\N	update	2019-10-14 14:39:43.043+00	2717	\N	\N	\N	\N	\N	\N
25409	Task	3385	3385	\N	\N	\N	\N	\N	\N	\N	\N	\N	create	2019-10-14 14:40:01.486+00	2717	\N	\N	\N	\N	\N	\N
25410	Task	3367	3367	sprintId	\N	\N	\N	438	\N	\N	\N	\N	update	2019-10-14 14:40:16.615+00	2717	\N	\N	\N	\N	\N	\N
25411	Task	3287	3287	sprintId	\N	\N	\N	438	\N	\N	\N	\N	update	2019-10-14 14:40:50.829+00	2717	\N	\N	\N	\N	\N	\N
25412	Task	3322	3322	sprintId	\N	\N	\N	438	\N	\N	\N	\N	update	2019-10-14 14:41:37.626+00	2717	\N	\N	\N	\N	\N	\N
25413	Task	3386	3386	\N	\N	\N	\N	\N	\N	\N	\N	\N	create	2019-10-14 14:41:44.184+00	2717	\N	\N	\N	\N	\N	\N
25414	Task	3319	3319	sprintId	\N	\N	\N	438	\N	\N	\N	\N	update	2019-10-14 14:41:46.427+00	2717	\N	\N	\N	\N	\N	\N
25415	Task	3387	3387	\N	\N	\N	\N	\N	\N	\N	\N	\N	create	2019-10-14 14:41:52.742+00	2717	\N	\N	\N	\N	\N	\N
25416	Task	3301	3301	sprintId	\N	\N	\N	438	\N	\N	\N	\N	update	2019-10-14 14:41:56.6+00	2717	\N	\N	\N	\N	\N	\N
25417	Task	3388	3388	\N	\N	\N	\N	\N	\N	\N	\N	\N	create	2019-10-14 14:42:09.54+00	2717	\N	\N	\N	\N	\N	\N
25418	Task	3290	3290	sprintId	\N	\N	437	\N	\N	\N	\N	\N	update	2019-10-14 14:42:13.165+00	2717	\N	\N	\N	\N	\N	\N
25419	Task	3309	3309	sprintId	\N	\N	437	\N	\N	\N	\N	\N	update	2019-10-14 14:42:15.159+00	2717	\N	\N	\N	\N	\N	\N
25420	Task	3309	3309	sprintId	\N	\N	\N	437	\N	\N	\N	\N	update	2019-10-14 14:42:16.732+00	2717	\N	\N	\N	\N	\N	\N
25421	Task	3330	3330	sprintId	\N	\N	437	\N	\N	\N	\N	\N	update	2019-10-14 14:45:55.252+00	2717	\N	\N	\N	\N	\N	\N
25422	Task	3309	3309	sprintId	\N	\N	437	\N	\N	\N	\N	\N	update	2019-10-14 14:46:24.898+00	2717	\N	\N	\N	\N	\N	\N
25423	Task	3330	3330	sprintId	\N	\N	\N	438	\N	\N	\N	\N	update	2019-10-14 14:46:29.223+00	2717	\N	\N	\N	\N	\N	\N
25424	Task	3389	3389	\N	\N	\N	\N	\N	\N	\N	\N	\N	create	2019-10-14 14:46:35.489+00	2717	\N	\N	\N	\N	\N	\N
25425	Task	3309	3309	sprintId	\N	\N	\N	437	\N	\N	\N	\N	update	2019-10-14 14:46:39.414+00	2717	\N	\N	\N	\N	\N	\N
25426	Task	3290	3290	sprintId	\N	\N	\N	438	\N	\N	\N	\N	update	2019-10-15 08:23:55.306+00	2717	\N	\N	\N	\N	\N	\N
25427	Task	3390	3390	\N	\N	\N	\N	\N	\N	\N	\N	\N	create	2019-10-15 08:24:09.183+00	2717	\N	\N	\N	\N	\N	\N
25428	Task	3367	3367	sprintId	\N	\N	438	\N	\N	\N	\N	\N	update	2019-10-15 08:25:37.531+00	2717	\N	\N	\N	\N	\N	\N
25429	Task	3391	3391	\N	\N	\N	\N	\N	\N	\N	\N	\N	create	2019-10-15 08:25:47.775+00	2717	\N	\N	\N	\N	\N	\N
25430	Task	3392	3392	\N	\N	\N	\N	\N	\N	\N	\N	\N	create	2019-10-15 08:25:48.132+00	2717	\N	\N	\N	\N	\N	\N
25431	Task	3393	3393	\N	\N	\N	\N	\N	\N	\N	\N	\N	create	2019-10-15 08:25:58.115+00	2717	\N	\N	\N	\N	\N	\N
25432	Task	3309	3309	sprintId	\N	\N	437	\N	\N	\N	\N	\N	update	2019-10-15 08:26:01.148+00	2717	\N	\N	\N	\N	\N	\N
25433	Task	3367	3367	sprintId	\N	\N	\N	438	\N	\N	\N	\N	update	2019-10-15 08:26:05.431+00	2717	\N	\N	\N	\N	\N	\N
25434	Task	3309	3309	sprintId	\N	\N	\N	439	\N	\N	\N	\N	update	2019-10-15 08:26:24.671+00	2717	\N	\N	\N	\N	\N	\N
25435	Task	3389	3389	sprintId	\N	\N	439	\N	\N	\N	\N	\N	update	2019-10-15 08:26:26.487+00	2717	\N	\N	\N	\N	\N	\N
25436	Task	3394	3394	\N	\N	\N	\N	\N	\N	\N	\N	\N	create	2019-10-15 08:26:33.687+00	2717	\N	\N	\N	\N	\N	\N
25437	Task	3325	3325	sprintId	\N	\N	439	\N	\N	\N	\N	\N	update	2019-10-15 08:26:39.886+00	2717	\N	\N	\N	\N	\N	\N
25438	Task	3395	3395	\N	\N	\N	\N	\N	\N	\N	\N	\N	create	2019-10-15 08:26:46.719+00	2717	\N	\N	\N	\N	\N	\N
25439	Task	3389	3389	sprintId	\N	\N	\N	438	\N	\N	\N	\N	update	2019-10-15 08:26:50.613+00	2717	\N	\N	\N	\N	\N	\N
25440	Task	3396	3396	\N	\N	\N	\N	\N	\N	\N	\N	\N	create	2019-10-15 08:31:00.7+00	2717	\N	\N	\N	\N	\N	\N
25441	Task	3325	3325	sprintId	\N	\N	\N	438	\N	\N	\N	\N	update	2019-10-15 08:31:17.13+00	2717	\N	\N	\N	\N	\N	\N
25442	Task	3367	3367	sprintId	\N	\N	438	\N	\N	\N	\N	\N	update	2019-10-15 08:31:19.614+00	2717	\N	\N	\N	\N	\N	\N
25443	Task	3397	3397	\N	\N	\N	\N	\N	\N	\N	\N	\N	create	2019-10-15 08:31:25.656+00	2717	\N	\N	\N	\N	\N	\N
25444	Task	3389	3389	sprintId	\N	\N	438	439	\N	\N	\N	\N	update	2019-10-15 08:32:31.162+00	2717	\N	\N	\N	\N	\N	\N
25445	Task	3398	3398	\N	\N	\N	\N	\N	\N	\N	\N	\N	create	2019-10-15 08:32:38.578+00	2717	\N	\N	\N	\N	\N	\N
25446	Task	3367	3367	sprintId	\N	\N	\N	438	\N	\N	\N	\N	update	2019-10-16 10:54:55.414+00	2717	\N	\N	\N	\N	\N	\N
25447	Task	3399	3399	\N	\N	\N	\N	\N	\N	\N	\N	\N	create	2019-10-16 10:55:28.127+00	2717	\N	\N	\N	\N	\N	\N
25448	Task	3398	3398	sprintId	\N	\N	\N	438	\N	\N	\N	\N	update	2019-10-16 10:55:36.601+00	2717	\N	\N	\N	\N	\N	\N
25449	Task	3400	3400	\N	\N	\N	\N	\N	\N	\N	\N	\N	create	2019-10-16 10:56:26.257+00	2717	\N	\N	\N	\N	\N	\N
25450	Task	3401	3401	\N	\N	\N	\N	\N	\N	\N	\N	\N	create	2019-10-16 10:57:03.863+00	2717	\N	\N	\N	\N	\N	\N
25451	Task	3399	3399	sprintId	\N	\N	\N	436	\N	\N	\N	\N	update	2019-10-16 10:57:22.036+00	2717	\N	\N	\N	\N	\N	\N
25452	Task	3402	3402	\N	\N	\N	\N	\N	\N	\N	\N	\N	create	2019-10-16 11:03:56.454+00	2717	\N	\N	\N	\N	\N	\N
25453	Task	3402	3402	statusId	\N	\N	1	10	\N	\N	\N	\N	update	2019-10-16 11:04:29.711+00	2717	\N	\N	\N	\N	\N	\N
25454	Task	3402	3402	statusId	\N	\N	10	1	\N	\N	\N	\N	update	2019-10-16 11:04:32.943+00	2717	\N	\N	\N	\N	\N	\N
25455	Task	3402	3402	statusId	\N	\N	1	3	\N	\N	\N	\N	update	2019-10-16 11:06:00.097+00	2717	\N	\N	\N	\N	\N	\N
25456	Task	3402	3402	statusId	\N	\N	3	2	\N	\N	\N	\N	update	2019-10-16 11:06:38.086+00	2717	\N	\N	\N	\N	\N	\N
25457	Task	3403	3403	\N	\N	\N	\N	\N	\N	\N	\N	\N	create	2019-10-17 16:00:14.534+00	2717	\N	\N	\N	\N	\N	\N
25458	TaskAttachment	1743	3403	\N	\N	\N	\N	\N	\N	\N	\N	\N	create	2019-10-17 16:10:40.479+00	2717	\N	\N	\N	\N	\N	\N
25459	TaskAttachment	1744	3403	\N	\N	\N	\N	\N	\N	\N	\N	\N	create	2019-10-21 13:58:15.406+00	2717	\N	\N	\N	\N	\N	\N
25460	TaskAttachment	1743	3403	deleted_at	\N	\N	\N	\N	\N	2019-10-21 13:58:20.346+00	\N	\N	update	2019-10-21 13:58:20.405+00	2717	\N	\N	\N	\N	\N	\N
25461	TaskAttachment	1745	3403	\N	\N	\N	\N	\N	\N	\N	\N	\N	create	2019-10-21 13:58:43.744+00	2717	\N	\N	\N	\N	\N	\N
25462	TaskAttachment	1745	3403	deleted_at	\N	\N	\N	\N	\N	2019-10-21 13:58:48.536+00	\N	\N	update	2019-10-21 13:58:48.601+00	2717	\N	\N	\N	\N	\N	\N
25463	Task	3404	3404	\N	\N	\N	\N	\N	\N	\N	\N	\N	create	2019-10-21 14:27:54.313+00	2718	\N	\N	\N	\N	\N	\N
25464	Task	3405	3405	\N	\N	\N	\N	\N	\N	\N	\N	\N	create	2019-10-21 14:31:09.909+00	2718	\N	\N	\N	\N	\N	\N
25465	Task	3406	3406	\N	\N	\N	\N	\N	\N	\N	\N	\N	create	2019-10-21 14:31:18.683+00	2718	\N	\N	\N	\N	\N	\N
25466	Task	3404	3404	statusId	\N	\N	1	3	\N	\N	\N	\N	update	2019-10-21 14:31:25.15+00	2718	\N	\N	\N	\N	\N	\N
25467	Task	3404	3404	performerId	\N	\N	\N	2718	\N	\N	\N	\N	update	2019-10-21 14:31:25.15+00	2718	\N	\N	\N	\N	\N	\N
25468	Task	3405	3405	statusId	\N	\N	1	5	\N	\N	\N	\N	update	2019-10-21 14:31:32.389+00	2718	\N	\N	\N	\N	\N	\N
25469	Task	3405	3405	performerId	\N	\N	\N	2718	\N	\N	\N	\N	update	2019-10-21 14:31:32.389+00	2718	\N	\N	\N	\N	\N	\N
25470	Task	3219	3219	statusId	\N	\N	3	2	\N	\N	\N	\N	update	2019-10-22 08:32:42.373+00	2728	\N	\N	\N	\N	\N	\N
25471	Task	3219	3219	statusId	\N	\N	2	3	\N	\N	\N	\N	update	2019-10-22 08:32:46.716+00	2728	\N	\N	\N	\N	\N	\N
25472	Task	3219	3219	statusId	\N	\N	3	2	\N	\N	\N	\N	update	2019-10-22 08:33:12.524+00	2728	\N	\N	\N	\N	\N	\N
25473	Task	3219	3219	statusId	\N	\N	2	3	\N	\N	\N	\N	update	2019-10-22 08:33:29.33+00	2728	\N	\N	\N	\N	\N	\N
25474	Task	3219	3219	statusId	\N	\N	3	2	\N	\N	\N	\N	update	2019-10-22 08:33:37.721+00	2728	\N	\N	\N	\N	\N	\N
25475	Task	3219	3219	statusId	\N	\N	2	3	\N	\N	\N	\N	update	2019-10-22 08:33:43.245+00	2728	\N	\N	\N	\N	\N	\N
25476	TaskAttachment	1746	3179	\N	\N	\N	\N	\N	\N	\N	\N	\N	create	2019-10-25 08:07:41.245+00	183	\N	\N	\N	\N	\N	\N
25477	Task	3407	3407	\N	\N	\N	\N	\N	\N	\N	\N	\N	create	2019-10-28 12:57:18.417+00	2759	\N	\N	\N	\N	\N	\N
25478	Task	3408	3408	\N	\N	\N	\N	\N	\N	\N	\N	\N	create	2019-10-28 13:08:11.816+00	2728	\N	\N	\N	\N	\N	\N
25479	Task	3408	3408	statusId	\N	\N	1	3	\N	\N	\N	\N	update	2019-10-28 13:10:44.873+00	2728	\N	\N	\N	\N	\N	\N
25480	Task	3408	3408	statusId	\N	\N	3	7	\N	\N	\N	\N	update	2019-10-28 13:10:51.672+00	2728	\N	\N	\N	\N	\N	\N
25481	Task	3408	3408	statusId	\N	\N	7	1	\N	\N	\N	\N	update	2019-10-28 13:11:11.054+00	2728	\N	\N	\N	\N	\N	\N
25482	Task	3408	3408	performerId	\N	\N	\N	2728	\N	\N	\N	\N	update	2019-10-28 13:12:04.234+00	2728	\N	\N	\N	\N	\N	\N
25483	Task	3408	3408	statusId	\N	\N	1	3	\N	\N	\N	\N	update	2019-10-28 13:12:07.025+00	2728	\N	\N	\N	\N	\N	\N
25484	Task	3408	3408	statusId	\N	\N	3	5	\N	\N	\N	\N	update	2019-10-28 13:12:19.083+00	2728	\N	\N	\N	\N	\N	\N
25485	Task	3408	3408	statusId	\N	\N	5	7	\N	\N	\N	\N	update	2019-10-28 13:13:03.122+00	2728	\N	\N	\N	\N	\N	\N
25486	Task	3408	3408	performerId	\N	\N	2728	\N	\N	\N	\N	\N	update	2019-10-28 13:13:03.122+00	2728	\N	\N	\N	\N	\N	\N
25487	Task	3408	3408	statusId	\N	\N	7	8	\N	\N	\N	\N	update	2019-10-28 13:13:11.264+00	2728	\N	\N	\N	\N	\N	\N
25488	Task	3408	3408	performerId	\N	\N	\N	2728	\N	\N	\N	\N	update	2019-10-28 13:13:11.264+00	2728	\N	\N	\N	\N	\N	\N
25489	Task	3409	3409	\N	\N	\N	\N	\N	\N	\N	\N	\N	create	2019-10-28 13:39:51.707+00	2717	\N	\N	\N	\N	\N	\N
25490	Task	3409	3409	statusId	\N	\N	1	3	\N	\N	\N	\N	update	2019-10-28 13:40:21.22+00	2717	\N	\N	\N	\N	\N	\N
25491	Task	3205	3205	statusId	\N	\N	3	2	\N	\N	\N	\N	update	2019-10-28 13:41:32.892+00	2717	\N	\N	\N	\N	\N	\N
25492	Task	3205	3205	statusId	\N	\N	2	3	\N	\N	\N	\N	update	2019-10-28 13:41:38.888+00	2717	\N	\N	\N	\N	\N	\N
25493	Task	3410	3410	\N	\N	\N	\N	\N	\N	\N	\N	\N	create	2019-10-29 06:49:55.624+00	2717	\N	\N	\N	\N	\N	\N
25494	Task	3411	3411	\N	\N	\N	\N	\N	\N	\N	\N	\N	create	2019-10-29 06:51:01.578+00	2717	\N	\N	\N	\N	\N	\N
25495	Task	3410	3410	statusId	\N	\N	1	3	\N	\N	\N	\N	update	2019-10-29 06:51:10.871+00	2717	\N	\N	\N	\N	\N	\N
25496	Task	3411	3411	statusId	\N	\N	1	3	\N	\N	\N	\N	update	2019-10-29 06:54:35.332+00	2717	\N	\N	\N	\N	\N	\N
25497	Task	3411	3411	performerId	\N	\N	\N	2717	\N	\N	\N	\N	update	2019-10-29 06:54:35.332+00	2717	\N	\N	\N	\N	\N	\N
25498	Task	3410	3410	performerId	\N	\N	\N	2717	\N	\N	\N	\N	update	2019-10-29 06:54:52.408+00	2717	\N	\N	\N	\N	\N	\N
25499	Task	3410	3410	statusId	\N	\N	3	2	\N	\N	\N	\N	update	2019-10-29 06:54:55.734+00	2717	\N	\N	\N	\N	\N	\N
25500	Task	3412	3412	\N	\N	\N	\N	\N	\N	\N	\N	\N	create	2019-10-29 07:00:58.148+00	2717	\N	\N	\N	\N	\N	\N
25501	Task	3410	3410	statusId	\N	\N	2	3	\N	\N	\N	\N	update	2019-10-29 07:07:43.472+00	2717	\N	\N	\N	\N	\N	\N
25502	Task	3083	3083	statusId	\N	\N	1	9	\N	\N	\N	\N	update	2019-10-29 08:07:44.434+00	2717	\N	\N	\N	\N	\N	\N
25503	Task	3083	3083	statusId	\N	\N	9	10	\N	\N	\N	\N	update	2019-10-29 08:08:07.991+00	2717	\N	\N	\N	\N	\N	\N
25504	Task	3083	3083	statusId	\N	\N	10	1	\N	\N	\N	\N	update	2019-10-29 08:08:39.521+00	2717	\N	\N	\N	\N	\N	\N
25505	Task	3083	3083	statusId	\N	\N	1	3	\N	\N	\N	\N	update	2019-10-29 08:08:56.738+00	2717	\N	\N	\N	\N	\N	\N
25506	Task	3083	3083	performerId	\N	\N	183	102	\N	\N	\N	\N	update	2019-10-29 08:08:56.738+00	2717	\N	\N	\N	\N	\N	\N
25507	Task	3413	3413	\N	\N	\N	\N	\N	\N	\N	\N	\N	create	2019-11-07 07:17:57.132+00	2728	\N	\N	\N	\N	\N	\N
25508	Task	3414	3414	\N	\N	\N	\N	\N	\N	\N	\N	\N	create	2019-11-07 10:39:51.693+00	2941	\N	\N	\N	\N	\N	\N
25509	Task	3414	3414	statusId	\N	\N	1	3	\N	\N	\N	\N	update	2019-11-07 10:40:00.997+00	2941	\N	\N	\N	\N	\N	\N
25510	Task	3414	3414	performerId	\N	\N	\N	2941	\N	\N	\N	\N	update	2019-11-07 10:40:00.997+00	2941	\N	\N	\N	\N	\N	\N
25511	Task	3221	3221	isDevOps	\N	\N	\N	\N	\N	\N	\N	\N	update	2019-11-22 09:16:32.275+00	2717	\N	\N	t	f	\N	\N
25512	Task	3221	3221	isDevOps	\N	\N	\N	\N	\N	\N	\N	\N	update	2019-11-22 09:16:33.174+00	2717	\N	\N	f	t	\N	\N
\.


--
-- Data for Name: task_statuses; Type: TABLE DATA; Schema: public; Owner: track
--

COPY public.task_statuses (id, name, name_en) FROM stdin;
1	New	New
3	Develop stop	Develop stop
5	Code Review stop	Code Review stop
4	Code Review play	Code Review play
2	Develop play	Develop play
6	QA play	QA play
7	QA stop	QA stop
8	Done	Done
9	Canceled	Canceled
10	Closed	Closed
\.


--
-- Data for Name: task_statuses_association; Type: TABLE DATA; Schema: public; Owner: track
--

COPY public.task_statuses_association (id, project_id, external_status_id, internal_status_id, created_at, updated_at, deleted_at) FROM stdin;
\.


--
-- Data for Name: task_tasks; Type: TABLE DATA; Schema: public; Owner: track
--

COPY public.task_tasks (id, linked_task_id, task_id, deleted_at) FROM stdin;
352	3106	3083	\N
353	3083	3106	\N
\.


--
-- Data for Name: task_types; Type: TABLE DATA; Schema: public; Owner: track
--

COPY public.task_types (id, name, name_en) FROM stdin;
1		Feature
2		Bug
3	. 	Add. Feature
4	. 	Regres. Bug
\.


--
-- Data for Name: task_types_association; Type: TABLE DATA; Schema: public; Owner: track
--

COPY public.task_types_association (id, project_id, external_task_type_id, internal_task_type_id, created_at, updated_at, deleted_at) FROM stdin;
\.


--
-- Data for Name: tasks; Type: TABLE DATA; Schema: public; Owner: track
--

COPY public.tasks (id, name, type_id, status_id, description, planned_execution_time, fact_execution_time, attaches, priorities_id, author_id, created_at, updated_at, deleted_at, sprint_id, project_id, parent_id, performer_id, is_task_by_client, gitlab_branch_ids, external_id, is_dev_ops) FROM stdin;
3177	Xwiki   	1	10	<p><br></p>	0.00	0.00	\N	3	266	2019-06-18 06:59:44.644+00	2019-06-19 09:16:19.068+00	\N	425	471	\N	266	f	\N	\N	f
3142	    "  " 	1	10	<p>    joxi.ru/Vm6MV6Mt4X3Z1r</p>	0.00	0.00	\N	3	212	2019-06-16 08:24:31.794+00	2019-06-19 09:16:29.488+00	\N	425	471	\N	266	f	\N	\N	f
3094	  2	1	8	<p>1.    .</p>\n<p>2.     .</p>\n<p>3.    +79278009999</p>\n<p>4.  email  </p>\n<p> </p>\n<p>krasnov.aleksandr@nordclan.com</p>\n<p> </p>\n<p>noskov.aleksandr@nordclan.com</p>	0.00	0.00	\N	3	102	2019-06-13 08:30:18.928+00	2019-06-13 13:43:11.013+00	\N	425	471	\N	212	f	\N	\N	f
3092	    	1	1	<p>1.      </p>\n<p>2.           </p>	0.00	0.00	\N	3	1	2019-06-12 19:32:00.321+00	2019-06-17 17:59:14.249+00	\N	424	470	\N	186	f	\N	\N	f
3087	EM.   	1	1	<p><br></p>	0.00	0.00	\N	3	102	2019-06-11 17:57:09.459+00	2019-06-18 08:24:22.573+00	\N	428	470	\N	239	f	\N	\N	f
3085	ST.   	1	1	<p><br></p>	0.00	0.00	\N	3	102	2019-06-11 17:56:40.314+00	2019-06-18 08:13:26.513+00	\N	428	470	\N	102	f	\N	\N	f
3091	  	1	1	<p><br></p>	0.00	0.00	\N	3	102	2019-06-11 18:30:06.431+00	2019-06-11 18:30:06.431+00	\N	\N	470	\N	\N	f	\N	\N	f
3111	  	1	8	<p><br></p>	0.00	0.00	\N	3	102	2019-06-13 14:41:26.95+00	2019-06-14 08:02:24.121+00	\N	425	471	\N	212	f	\N	\N	f
3086	EM.   	1	1	<p><br></p>	0.00	0.00	\N	3	102	2019-06-11 17:56:53.466+00	2019-06-18 08:24:28.225+00	\N	428	470	\N	239	f	\N	\N	f
3126	  	1	9	<p>13,4557    5   +   </p>	0.00	0.00	\N	3	102	2019-06-14 12:59:36.855+00	2019-06-17 09:19:08.836+00	\N	\N	471	\N	239	f	\N	\N	f
3132	    	1	8	<p><br></p>	0.00	0.00	\N	3	102	2019-06-14 13:09:34.034+00	2019-06-16 07:33:25.999+00	\N	425	471	\N	212	f	\N	\N	f
3080	test	1	9	<p>test</p>	0.00	0.00	\N	3	183	2019-06-11 07:56:30.688+00	2019-06-18 08:23:35.72+00	\N	\N	470	\N	102	f	\N	\N	f
3081	test2	1	9	<p>test2</p>	0.00	0.00	\N	3	183	2019-06-11 07:57:47.983+00	2019-06-18 08:23:45.137+00	\N	\N	470	\N	1	f	\N	\N	f
3119	  URL  	2	8	<p> URL    http://docker.nordclan:8000/2019/06/10/foodtech/<br>\n    http://docker.nordclan:8000/category/projects/foodtech/</p>	0.00	0.00	\N	3	212	2019-06-14 08:13:32.366+00	2019-06-14 11:28:19.591+00	\N	425	471	\N	212	f	\N	\N	f
3100	  	1	8	<p> </p>\n<p><br></p>\n<p>krasnov.aleksandr@nordclan.com</p>\n<p><br></p>\n<p>noskov.aleksandr@nordclan.com</p>\n<p><br></p>\n<p>mailto</p>\n<p><br></p>\n<p><br></p>\n<p>   &nbsp;</p>\n<p><br></p>\n<p>customer@nordclan.com</p>	0.00	0.00	\N	3	102	2019-06-13 09:47:43.392+00	2019-06-14 11:51:27.626+00	\N	425	471	3095	212	f	\N	\N	f
3082	  SimTrack	1	1	<p><br></p>	0.00	0.00	\N	3	183	2019-06-11 08:27:41.879+00	2019-06-18 08:24:00.159+00	\N	428	470	\N	102	f	\N	\N	f
3095	          	1	8	<p> &nbsp;</p>\n<p>krasnov.aleksandr@nordclan.com</p>\n<p>noskov.aleksandr@nordclan.com</p>\n<p>  &nbsp;</p>\n<p>aleksandr.krasnov@nordclan.com</p>\n<p>aleksandr.noskov@nordclan.com</p>\n<p><br></p>\n<p>+ customer@nordclan.com</p>	0.00	0.00	\N	3	102	2019-06-13 08:34:45.441+00	2019-06-13 09:21:20.405+00	\N	425	471	\N	1	f	\N	\N	f
3124	.     	1	8	<p>http://docker.nordclan:8000/services/</p>\n<p>   </p>	0.00	0.00	\N	1	102	2019-06-14 10:40:26.149+00	2019-06-16 07:55:19.183+00	\N	425	471	\N	212	f	\N	\N	f
3088	EM.  	1	1	<p>http://joxi.ru/VrwLZVLi75wyVm</p>	0.00	0.00	\N	3	102	2019-06-11 17:57:23.65+00	2019-06-18 08:24:25.201+00	\N	428	470	\N	239	f	\N	\N	f
3093	 	1	8	<p><br></p>	0.00	0.00	\N	3	102	2019-06-13 08:25:02.225+00	2019-06-16 08:53:23.297+00	\N	425	471	\N	212	f	\N	\N	f
3098	  http://docker.nordclan:8000/	1	7	<p><br></p>	0.00	0.00	\N	3	102	2019-06-13 08:57:28.36+00	2019-06-18 08:28:50.89+00	\N	427	471	\N	212	f	\N	\N	f
3180	RatesNet. 	1	1	<p><br></p>	0.00	0.00	\N	3	205	2019-06-18 09:00:51.793+00	2019-06-18 09:00:51.793+00	\N	428	470	\N	205	f	\N	\N	f
3099	 url 	1	8	<p>http://bucksman.docker.nordclan/ -&gt; http://bucksman.nordclan/</p>\n<p><br></p>\n<p>http://track.docker.nordclan/ -&gt; http://track.nordclan/</p>	0.00	0.00	\N	3	1	2019-06-13 09:33:38.378+00	2019-06-18 11:14:26.196+00	\N	424	470	\N	183	f	\N	\N	f
3089	EM.   	1	8	<p><br></p>	0.00	0.00	\N	3	102	2019-06-11 17:57:41.658+00	2019-06-19 06:09:12.063+00	\N	428	470	\N	102	f	\N	\N	f
3101	   	1	8	<p>   </p>	0.00	0.00	\N	1	102	2019-06-13 09:49:28.836+00	2019-06-13 10:27:32.452+00	\N	425	471	\N	212	f	\N	\N	f
3096	   	1	8	<p><br></p>	0.00	0.00	\N	3	102	2019-06-13 08:35:57.756+00	2019-06-13 12:31:38.554+00	\N	425	471	\N	212	f	\N	\N	f
3097	:    	1	8	<p>-  "   "  "   :"</p>\n<p><br></p>\n<p>-  3 ,    </p>\n<p><br></p>\n<p>1.     ,  .</p>\n<p>2.   .</p>\n<p><br></p>\n<p>3.( )</p>\n<p>  100%       .</p>\n<p><br></p>\n<p><br></p>\n<p>   4&nbsp;</p>	0.00	0.00	\N	3	102	2019-06-13 08:56:31.671+00	2019-06-13 13:30:25.404+00	\N	425	471	\N	212	f	\N	\N	f
3182	XWiki.   " "	1	1	<p><br></p>	0.00	0.00	\N	3	205	2019-06-18 09:02:29.232+00	2019-06-18 09:02:29.232+00	\N	428	470	\N	205	f	\N	\N	f
3239	  	1	1	<p><br></p>	0.00	0.00	\N	3	2717	2019-10-11 08:14:22.241+00	2019-10-11 08:15:51.776+00	\N	\N	475	\N	\N	f	\N	\N	t
3244	testtest	1	1	<p><br></p>	0.00	0.00	\N	3	2717	2019-10-11 11:39:43.395+00	2019-10-11 12:20:38.793+00	\N	429	472	\N	\N	f	\N	\N	f
3246	 	1	1	<p><br></p>	0.00	0.00	\N	3	2717	2019-10-11 12:19:21.408+00	2019-10-11 12:55:09.427+00	\N	426	472	\N	\N	f	\N	\N	f
3288	testing	1	1	<p><br></p>	0.00	0.00	\N	3	2717	2019-10-14 06:44:28.08+00	2019-10-14 06:44:37.974+00	\N	436	480	\N	\N	f	\N	\N	f
3281	testAgain	1	1	<p><br></p>	0.00	0.00	\N	3	2717	2019-10-14 06:13:03.829+00	2019-10-14 09:34:59.092+00	\N	437	480	\N	\N	f	\N	\N	f
3302	tytytyt	1	1	<p><br></p>	0.00	0.00	\N	3	2717	2019-10-14 10:50:08.021+00	2019-10-14 10:50:08.021+00	\N	437	480	\N	\N	f	\N	\N	f
3084	  1	1	8	<p>1.         http://joxi.ru/KAgyjZytE7L5Jm</p>\n<p>2.  http://joxi.ru/nAyZRnZTgbP9Wr    http://joxi.ru/E2p0Qz0t7xPvD2</p>\n<p>3.                  http://joxi.ru/J2bnj6nC05Kqn2</p>\n<p>4.  /  </p>\n<p>5.    :&nbsp;</p>\n<p>10  2019(    ?)</p>\n<p>6.     </p>\n<p><br></p>\n<p>7. http://joxi.ru/Q2Kyv5ytLqxg3r&nbsp;</p>\n<p> </p>\n<p>     </p>\n<p>        </p>\n<p><br></p>\n<p>8. http://joxi.ru/8AnMjxMtzWPKk2</p>\n<p>  ,      </p>\n<p><br></p>\n<p>9. http://joxi.ru/L218V98tRabDBm  read more</p>\n<p><br></p>\n<p>10.        -   + </p>\n<p><br></p>\n<p><br></p>\n<p><br></p>\n<p><br></p>\n<p><br></p>\n<p><br></p>	0.00	0.00	\N	3	102	2019-06-11 17:32:43.563+00	2019-06-13 13:40:55.906+00	\N	425	471	\N	212	f	\N	\N	f
3105	 ldap 	1	8	<p><br></p>	0.00	0.00	\N	3	186	2019-06-13 11:56:58.435+00	2019-06-17 17:58:14.033+00	\N	424	470	\N	186	f	\N	\N	f
3104	          	2	8	<p>          ,      .</p>	0.00	0.00	\N	2	212	2019-06-13 10:48:31.052+00	2019-06-13 14:23:28.446+00	\N	425	471	\N	212	f	\N	\N	f
3206	  	1	1	<p>  .</p>	0.00	0.00	\N	2	35	2019-06-19 10:31:04.06+00	2019-06-19 10:31:04.06+00	\N	427	471	\N	\N	t	\N	\N	f
3181	XWiki.   ""	1	1	<p>, ux </p>	0.00	0.00	\N	3	205	2019-06-18 09:02:02.062+00	2019-06-18 09:02:02.062+00	\N	428	470	\N	205	f	\N	\N	f
3116	413    	1	8	<p>   nginx</p>	0.00	0.00	\N	3	183	2019-06-13 21:56:21.657+00	2019-06-13 21:59:16.848+00	\N	424	470	\N	183	f	\N	\N	f
3108	  docker.nordlcan	1	9	<p><br></p>	0.00	0.00	\N	3	186	2019-06-13 11:59:02.958+00	2019-06-13 11:59:42.258+00	\N	424	470	\N	186	f	\N	\N	f
3109	   	1	8	<p><br></p>	0.00	0.00	\N	2	266	2019-06-13 12:22:22.535+00	2019-06-14 07:26:48.833+00	\N	425	471	\N	212	f	\N	\N	f
3120	        	2	8	<p><br></p>	0.00	0.00	\N	4	212	2019-06-14 08:50:12.303+00	2019-06-16 07:37:31.961+00	\N	425	471	\N	212	f	\N	\N	f
3134	FoodTechStartap	1	8	<p>     </p>\n<p>http://joxi.ru/E2p0Qz0t78vRX2</p>\n<p> </p>	0.00	0.00	\N	2	102	2019-06-14 13:11:55.398+00	2019-06-16 08:26:16.162+00	\N	425	471	\N	212	f	\N	\N	f
3158	14)    -    .	1	8	<p><br></p>	0.00	0.00	\N	2	266	2019-06-16 18:21:22.846+00	2019-06-17 06:38:09.764+00	\N	425	471	\N	212	f	\N	\N	f
3103	     	2	8	<p>           .         .&nbsp;</p>	0.00	0.00	\N	3	212	2019-06-13 10:32:00.725+00	2019-06-13 12:26:13.803+00	\N	425	471	\N	212	f	\N	\N	f
3137	   	1	8	<p> http://docker.nordclan:8000/contacts/</p>\n<p>-     </p>	0.00	0.00	\N	4	102	2019-06-14 13:23:20.016+00	2019-06-17 06:44:23.793+00	\N	425	471	\N	212	f	\N	\N	f
3102	       	2	8	<p>               ,  ,   .</p>	0.00	0.00	\N	1	212	2019-06-13 10:23:37.534+00	2019-06-13 12:30:13.834+00	\N	425	471	\N	212	f	\N	\N	f
3138	. 404	1	8	<p>  -    .</p>\n<p>   .</p>	0.00	0.00	\N	2	102	2019-06-14 13:25:20.271+00	2019-06-17 08:39:59.145+00	\N	425	471	\N	212	f	\N	\N	f
3143	    ""    	1	8	<p><br></p>	0.00	0.00	\N	3	212	2019-06-16 08:45:45.446+00	2019-06-16 10:04:59.894+00	\N	425	471	\N	212	f	\N	\N	f
3112	  3	1	8	<p>1.   http://joxi.ru/EA4qVQqhoKPLvr</p>\n<p><br></p>\n<p>2.       </p>	0.00	0.00	\N	3	102	2019-06-13 14:55:34.545+00	2019-06-14 08:08:25.54+00	\N	425	471	\N	212	f	\N	\N	f
3110	      4 	1	8	<p><br></p>	0.00	0.00	\N	2	266	2019-06-13 12:27:43.236+00	2019-06-14 08:16:35.237+00	\N	425	471	\N	212	f	\N	\N	f
3166	  Telegram	1	1	<p><br></p>	0.00	0.00	\N	4	102	2019-06-17 07:32:53.712+00	2019-06-17 09:18:14.116+00	\N	427	471	\N	\N	f	\N	\N	f
3157	15)       ,     .	1	1	<p><br></p>	0.00	0.00	\N	5	266	2019-06-16 18:20:54.021+00	2019-06-17 09:18:21.061+00	\N	427	471	\N	336	f	\N	\N	f
3122	   	1	8	<p>    ?</p>\n<p>    ,       :</p>\n<p><br></p>\n<p>" " </p>\n<p><br></p>\n<p>   - http://joxi.ru/Y2L7v67C78Mw9m</p>	0.00	0.00	\N	3	102	2019-06-14 10:25:58.093+00	2019-06-14 11:41:36.763+00	\N	425	471	\N	212	f	\N	\N	f
3123	 	1	8	<p>1.   http://docker.nordclan:8000/mvp/    </p>\n<p>2.     "    MVP"</p>\n<p> http://docker.nordclan:8000/development/</p>\n<p> </p>	0.00	0.00	\N	3	102	2019-06-14 10:32:45.124+00	2019-06-14 11:05:03.329+00	\N	425	471	\N	212	f	\N	\N	f
3171	 IE  ,    	2	1	<p>  - 11.765.17134.0</p>	0.00	0.00	\N	3	212	2019-06-17 09:39:00.272+00	2019-06-18 08:27:40.652+00	\N	427	471	\N	239	f	\N	\N	f
3114	.  	1	5	<p>,  !    .   .</p>\n<p><br></p>\n<p>    (   )  ?&nbsp;</p>\n<p><br></p>\n<p>    :</p>\n<p><br></p>\n<p>    .</p>\n<p><br></p>\n<p>       b2c            .           :       - ,   .        push   ,    ;  ,    .</p>\n<p>       -  ,       .  ,     ,           ,      .</p>\n<p><br></p>\n<p> /,       .</p>\n<p> :</p>\n<p>      </p>\n<p>        </p>\n<p>         ,     </p>\n<p>    BPMN  </p>\n<p>            diff     </p>\n<p>         production </p>\n<p>        </p>\n<p> :</p>\n<p>             .</p>\n<p>:&nbsp;</p>\n<p>  - HTTP requests, kafka messages;&nbsp;</p>\n<p> : email, sms, push iOS, push android, push desktop, HTTP requests (json), kafka messages;&nbsp;</p>\n<p>infrastructure connectors: prometheus (monitoring), active directory (access management), ELK stack (logs), ETL compatible storage (for BI/DataLake)</p>\n<p>      : HTTP requests (json)</p>\n<p> : 100M    (   1K rps)</p>\n<p>   : Web based UI</p>\n<p>:&nbsp;</p>\n<p>RPO&lt;=1h, RTO&lt;=2h.</p>\n<p>       </p>	0.00	0.00	\N	3	102	2019-06-13 15:07:03.257+00	2019-10-11 12:17:34.05+00	\N	426	472	\N	102	f	\N	\N	f
3203	   	1	5	<p><br></p>	0.00	0.00	\N	1	212	2019-06-19 09:10:40.309+00	2019-06-28 13:28:50.871+00	\N	428	470	\N	205	f	\N	\N	f
3291	testing	1	1	<p><br></p>	0.00	0.00	\N	3	2717	2019-10-14 09:49:00.08+00	2019-10-14 09:49:17.887+00	\N	436	480	\N	\N	f	\N	\N	f
3129	 :	1	8	<p>  .&nbsp;</p>\n<p><br></p>\n<p><br></p>\n<p>   ? - ,  </p>\n<p><br></p>\n<p><br></p>\n<p>     bold - </p>\n<p>-   ,    &nbsp;win-win,        .</p>\n<p>-   ,    ,  ,    .</p>\n<p>-                 , ,    .</p>	0.00	0.00	\N	3	102	2019-06-14 13:02:29.48+00	2019-06-14 13:41:53.492+00	\N	425	471	\N	212	f	\N	\N	f
3183	   Bucksman	1	1	<p><br></p>	0.00	0.00	\N	3	205	2019-06-18 09:03:21.344+00	2019-06-18 09:03:21.344+00	\N	428	470	\N	205	f	\N	\N	f
3184	  	1	1	<p><br>\n  </p>	0.00	0.00	\N	3	205	2019-06-18 09:04:32.142+00	2019-06-18 09:04:32.142+00	\N	428	470	\N	205	f	\N	\N	f
3188	   nas ( 1)	1	1	<p><br></p>	0.00	0.00	\N	3	186	2019-06-18 09:58:26.598+00	2019-06-18 09:58:26.598+00	\N	428	470	\N	186	f	\N	\N	f
3125		1	8	<p>1.  </p>\n<p> . http://joxi.ru/5mdxedxt3KqoJm</p>\n<p> " ,  "     </p>\n<p><br></p>\n<p>2. http://joxi.ru/bmoGjxGS3jOg7m</p>\n<p>   </p>\n<p><br></p>\n<p>3.&nbsp;  :</p>\n<p>-     </p>\n<p>-    ,   </p>\n<p>-       ()</p>\n<p><br></p>\n<p><br></p>	0.00	0.00	\N	3	102	2019-06-14 12:51:50.729+00	2019-06-16 08:47:17.313+00	\N	425	471	\N	212	f	\N	\N	f
3159	13)   "   "    	1	8	<p><br></p>	0.00	0.00	\N	3	266	2019-06-16 18:22:14.719+00	2019-06-17 06:24:24.081+00	\N	425	471	\N	212	f	\N	\N	f
3121	  4	1	8	<p>1.     </p>\n<p>2.      ,      </p>\n<p>3.     -  :</p>\n<p><br></p>\n<p>  100%       </p>\n<p><br></p>\n<p>    ,  </p>\n<p><br></p>\n<p>  </p>\n<p><br></p>\n<p>4.        </p>\n<p><br></p>\n<p>5. http://joxi.ru/VrwLZVLi7544Pm     ,     </p>\n<p><br></p>\n<p>6.    email      </p>\n<p><br></p>	0.00	0.00	\N	1	102	2019-06-14 08:57:47.54+00	2019-06-16 09:20:46.087+00	\N	425	471	\N	212	f	\N	\N	f
3127	.     	1	8	<p><br></p>	0.00	0.00	\N	3	102	2019-06-14 12:59:51.541+00	2019-06-17 06:38:33.882+00	\N	425	471	\N	212	f	\N	\N	f
3128	   	1	8	<p>    </p>\n<p>  email  </p>\n<p>  -      </p>	0.00	0.00	\N	2	102	2019-06-14 13:01:06.021+00	2019-06-16 10:03:46.113+00	\N	425	471	\N	212	f	\N	\N	f
3147	  ( )      ,         3      .	2	8	<p><br></p>	0.00	0.00	\N	1	239	2019-06-16 17:32:38.064+00	2019-06-17 06:41:10.135+00	\N	425	471	\N	212	t	\N	\N	f
3146	 -     ( )	2	8	<p><br></p>	0.00	0.00	\N	1	239	2019-06-16 17:31:34.031+00	2019-06-17 08:39:00.907+00	\N	425	471	\N	212	t	\N	\N	f
3167	   	1	1	<p><br></p>	0.00	0.00	\N	4	102	2019-06-17 08:42:26.858+00	2019-06-17 09:18:08.906+00	\N	427	471	\N	212	f	\N	\N	f
3175	     xwiki	1	1	<p>   xwiki  :</p>\n<p>-     </p>\n<p>-   -     (     )</p>\n<p>-     &nbsp;</p>\n<p>-    /</p>\n<p>-   ,   ..   </p>	0.00	0.00	\N	2	1	2019-06-17 18:07:27.672+00	2019-06-17 18:07:27.672+00	\N	424	470	\N	186	f	\N	\N	f
3136	. 	1	8	<p>http://joxi.ru/zANNvdNTvV1pXA</p>\n<p>  -    .   5</p>\n<p><br></p>\n<p>http://joxi.ru/eAOJvLJU97vyb2</p>\n<p>  - .&nbsp;</p>\n<p>   - </p>	0.00	0.00	\N	3	102	2019-06-14 13:16:42.876+00	2019-06-16 08:03:42.963+00	\N	425	471	\N	212	f	\N	\N	f
3139	404. 	1	8	<p>   ?&nbsp;</p>\n<p>, ! </p>	0.00	0.00	\N	3	102	2019-06-14 13:25:49.207+00	2019-06-16 08:55:27.899+00	\N	425	471	\N	212	f	\N	\N	f
3107	 3   FreeNAS	1	5	<p><br></p>	0.00	0.00	\N	3	186	2019-06-13 11:58:28.406+00	2019-06-18 09:54:24.462+00	\N	424	470	\N	186	f	\N	\N	f
3280		1	1	<p><br></p>	0.00	0.00	\N	3	2717	2019-10-11 13:01:32.994+00	2019-10-11 13:01:56.195+00	\N	426	472	\N	\N	f	\N	\N	f
3313	ooooo	1	1	<p><br></p>	0.00	0.00	\N	3	2717	2019-10-14 11:31:11.383+00	2019-10-14 11:53:49.86+00	\N	437	480	\N	\N	f	\N	\N	f
3282	testAgain2	1	1	<p><br></p>	0.00	0.00	\N	3	2717	2019-10-14 06:13:32.249+00	2019-10-14 06:42:20.145+00	\N	437	480	\N	\N	f	\N	\N	f
3292	dfdddf	1	1	<p><br></p>	0.00	0.00	\N	3	2717	2019-10-14 09:57:17.953+00	2019-10-14 09:57:26.246+00	\N	436	480	\N	\N	f	\N	\N	f
3318	jjjjjj	1	9	<p><br></p>	0.00	0.00	\N	3	2717	2019-10-14 11:46:30.441+00	2019-10-14 13:49:25.529+00	\N	438	480	\N	\N	f	\N	\N	f
3303	sdsdsd	1	1	<p><br></p>	0.00	0.00	\N	3	2717	2019-10-14 10:51:40.224+00	2019-10-14 10:51:40.224+00	\N	437	480	\N	\N	f	\N	\N	f
3304	qwertyuiop	1	1	<p><br></p>	0.00	0.00	\N	3	2717	2019-10-14 10:51:59.365+00	2019-10-14 10:51:59.365+00	\N	437	480	\N	\N	f	\N	\N	f
3322	llkjj	1	1	<p><br></p>	0.00	0.00	\N	3	2717	2019-10-14 11:53:58.342+00	2019-10-14 14:41:37.603+00	\N	438	480	\N	\N	f	\N	\N	f
3308		1	1	<p><br></p>	0.00	0.00	\N	3	2717	2019-10-14 11:03:43.453+00	2019-10-14 11:03:55.5+00	\N	437	480	\N	\N	f	\N	\N	f
3141	    - , 	1	10	<p>     </p>\n<p>  &nbsp;&nbsp;</p>\n<p> </p>\n<p><br></p>\n<p>  NDVI (   ).</p>\n<p>    .</p>\n<p>     .</p>\n<p>     Canvas        .</p>\n<p>           .</p>\n<p>  OpenStreetMap, Java, Spring, React, Postgres.</p>	0.00	0.00	\N	2	102	2019-06-14 13:35:53.929+00	2019-06-19 09:16:14.296+00	\N	425	471	\N	266	f	\N	\N	f
3178	[]    nordclan.com/development/	1	1	<p>https://metrika.yandex.ru/dashboard?group=dekaminute&amp;period=today&amp;id=54093205<br>\n </p>\n<p>   DOM</p>\n<p>nordclan.com/development/\t05.076</p>\n<p>  </p>\n<p>nordclan.com/development/\t04.502</p>	0.00	0.00	\N	4	266	2019-06-18 07:34:30.728+00	2019-06-18 08:27:11.56+00	\N	427	471	\N	239	f	\N	\N	f
3185	      	1	1	<p><br></p>	0.00	0.00	\N	3	205	2019-06-18 09:05:48.833+00	2019-06-18 09:05:48.833+00	\N	428	470	\N	205	f	\N	\N	f
3090	EM.   	1	8	<p><br></p>	0.00	0.00	\N	3	102	2019-06-11 17:57:57.899+00	2019-06-18 10:00:20.205+00	\N	428	470	\N	1	f	\N	\N	f
3140	. 	1	8	<p>     . http://joxi.ru/EA4qVQqhoK0wjr</p>	0.00	0.00	\N	2	102	2019-06-14 13:28:04.717+00	2019-06-16 09:52:22.199+00	\N	425	471	\N	212	f	\N	\N	f
3190	ST:        	1	1	<p><br></p>	0.00	0.00	\N	2	102	2019-06-18 10:14:04.876+00	2019-06-18 10:14:04.876+00	\N	428	470	\N	\N	f	\N	\N	f
3131	.   	1	8	<p>http://docker.nordclan:8000/our-work/</p>\n<p>&nbsp;</p>\n<p>"  ,      :"   ( 6 )</p>\n<p> ,  .</p>\n<p>      http://joxi.ru/Vm6MV6Mt4X3Z1r</p>\n<p><br></p>\n<p>   </p>	0.00	0.00	\N	3	102	2019-06-14 13:08:01.425+00	2019-06-16 10:05:55.83+00	\N	425	471	\N	212	f	\N	\N	f
3192	ST:    LDAP   	1	1	<p><br></p>	0.00	0.00	\N	3	183	2019-06-18 11:08:22.782+00	2019-06-18 11:08:22.782+00	\N	428	470	\N	\N	f	\N	\N	f
3207	  	1	1	<p> :&nbsp;</p>\n<p>1)  - , , .</p>\n<p>2) </p>\n<p>3)  ( )  </p>\n<p>3) </p>	0.00	0.00	\N	1	35	2019-06-19 11:15:11.159+00	2019-06-19 11:52:59.667+00	\N	428	470	\N	344	t	\N	\N	f
3161	Bug: 	1	8	<p>http://joxi.ru/nAyZRnZTgW4zWr</p>	0.00	0.00	\N	1	102	2019-06-17 06:14:44.823+00	2019-06-17 06:20:15.359+00	\N	425	471	\N	212	f	\N	\N	f
3149	    ?  .	2	8	<p><br></p>	0.00	0.00	\N	2	239	2019-06-16 17:35:35.644+00	2019-06-17 06:40:28.11+00	\N	425	471	\N	212	t	\N	\N	f
3144	   , + .	2	8	<p><br></p>	0.00	0.00	\N	1	239	2019-06-16 17:30:00.821+00	2019-06-17 07:54:47.503+00	\N	425	471	\N	212	t	\N	\N	f
3130	. 	1	8	<p>http://docker.nordclan:8000/contacts/</p>\n<p>  </p>\n<p>"   , 95%      ,         -    !</p>\n<p>        .</p>\n<p>  ,    ."</p>\n<p><br></p>\n<p><br></p>\n<p><br></p>\n<p><br></p>\n<p><br></p>	0.00	0.00	\N	3	102	2019-06-14 13:05:33.901+00	2019-06-17 08:45:54.248+00	\N	425	471	\N	212	f	\N	\N	f
3148	 ,               .	2	9	<p><br></p>	0.00	0.00	\N	3	239	2019-06-16 17:34:47.23+00	2019-06-17 09:16:40.887+00	\N	425	471	\N	\N	t	\N	\N	f
3156	16)   .     .	1	1	<p><br></p>	0.00	0.00	\N	3	266	2019-06-16 18:20:13.548+00	2019-06-17 09:18:31.422+00	\N	427	471	\N	239	f	\N	\N	f
3164	UI: 	1	8	<p>-    </p>\n<p>-    </p>	0.00	0.00	\N	2	102	2019-06-17 07:31:22.784+00	2019-06-17 11:44:54.286+00	\N	425	471	\N	212	f	\N	\N	f
3174	 FF            	2	8	<p>  - 67.0.2</p>	0.00	0.00	\N	3	212	2019-06-17 10:26:51.896+00	2019-06-17 11:48:22.068+00	\N	425	471	\N	212	f	\N	\N	f
3173	 IE        	2	1	<p> IE            ,   .    ,   .</p>\n<p>  - 11.765.17134.0</p>	0.00	0.00	\N	3	212	2019-06-17 10:06:52.472+00	2019-06-18 08:27:45.908+00	\N	427	471	\N	239	f	\N	\N	f
3165	  	1	7	<p><br></p>	0.00	0.00	\N	2	102	2019-06-17 07:32:03.22+00	2019-06-18 08:27:56.525+00	\N	427	471	\N	212	f	\N	\N	f
3133	   	1	8	<p>http://joxi.ru/4AkJjyJUo5jOP2</p>	0.00	0.00	\N	3	102	2019-06-14 13:10:49.262+00	2019-06-16 07:44:37.462+00	\N	425	471	\N	212	f	\N	\N	f
3283		1	1	<p><br></p>	0.00	0.00	\N	3	2717	2019-10-14 06:28:33.441+00	2019-10-14 06:28:43.749+00	\N	436	480	\N	\N	f	\N	\N	f
3293	edeee	1	1	<p><br></p>	0.00	0.00	\N	3	2717	2019-10-14 10:02:22.063+00	2019-10-14 10:02:22.063+00	\N	437	480	\N	\N	f	\N	\N	f
3298	qwerty	1	1	<p><br></p>	0.00	0.00	\N	3	2717	2019-10-14 10:28:12.598+00	2019-10-14 10:30:53.235+00	\N	437	480	\N	\N	f	\N	\N	f
3179	SEO   	1	3	<p><br></p>	8.00	0.00	\N	3	266	2019-06-18 07:37:17.356+00	2019-07-02 11:36:13.85+00	\N	427	471	\N	183	f	\N	\N	f
3210	SEO   	1	8	<p><br></p>	4.00	0.00	\N	3	266	2019-06-19 14:40:50.258+00	2019-07-02 11:36:20.812+00	\N	427	471	\N	266	f	\N	\N	f
3189	    ()	1	1	<p>      ,     (  ..)    </p>	0.00	0.00	\N	1	1	2019-06-18 10:02:01.827+00	2019-06-18 10:02:01.827+00	\N	428	470	\N	186	f	\N	\N	f
3150	     "  "	2	8	<p><br></p>	0.00	0.00	\N	2	239	2019-06-16 17:36:57.311+00	2019-06-17 06:20:47.497+00	\N	425	471	\N	212	t	\N	\N	f
3151	  -,    .   .  #   	2	8	<p><br></p>	0.00	0.00	\N	2	239	2019-06-16 17:37:47.559+00	2019-06-17 06:21:07.016+00	\N	425	471	\N	212	t	\N	\N	f
3152	  	2	8	<p><br></p>	0.00	0.00	\N	2	239	2019-06-16 17:38:18.708+00	2019-06-17 06:22:19.119+00	\N	425	471	\N	212	t	\N	\N	f
3191	   	1	1	<p>-      (     )</p>\n<p>-   </p>\n<p>-      (       )</p>\n<p>-      </p>	0.00	0.00	\N	2	102	2019-06-18 10:15:58.049+00	2019-06-18 10:18:45.408+00	\N	428	470	\N	\N	f	\N	\N	f
3145	         3  .	2	8	<p><br></p>	0.00	0.00	\N	1	239	2019-06-16 17:30:37.21+00	2019-06-17 06:43:29.783+00	\N	425	471	\N	212	t	\N	\N	f
3193	BM:    LDAP   	1	1	<p><br></p>	0.00	0.00	\N	3	183	2019-06-18 11:08:33.209+00	2019-06-18 11:08:33.209+00	\N	428	470	\N	\N	f	\N	\N	f
3186	  	1	3	<p>https://redmine.fabit.ru/issues/22168</p>	0.00	0.00	\N	3	183	2019-06-18 09:46:06.089+00	2019-06-18 11:14:50.83+00	\N	\N	473	\N	183	f	\N	\N	f
3187	   	1	3	<p>https://redmine.fabit.ru/issues/24544</p>	0.00	0.00	\N	3	183	2019-06-18 09:46:51.622+00	2019-06-18 11:14:57.149+00	\N	\N	473	\N	183	f	\N	\N	f
3162	Bug. : 	1	8	<p>http://joxi.ru/eAOJvLJU97d562</p>	0.00	0.00	\N	1	102	2019-06-17 06:17:52.349+00	2019-06-17 07:23:07.951+00	\N	425	471	\N	212	f	\N	\N	f
3155	    (-  )       .	2	8	<p><br></p>	0.00	0.00	\N	2	239	2019-06-16 17:40:32.705+00	2019-06-17 07:55:30.547+00	\N	425	471	\N	212	t	\N	\N	f
3169	   	1	1	<p><br></p>	0.00	0.00	\N	3	102	2019-06-17 08:59:45.873+00	2019-06-17 09:18:02.707+00	\N	427	471	\N	\N	f	\N	\N	f
3201	     	1	1	<p><br></p>	0.00	0.00	\N	2	212	2019-06-19 07:44:10.851+00	2019-06-19 07:45:57.618+00	\N	424	470	\N	212	f	\N	\N	f
3160	      	1	8	<p>http://joxi.ru/eAOJvLJU97dX62</p>\n<p>        </p>	0.00	0.00	\N	1	102	2019-06-17 06:13:53.402+00	2019-06-17 09:28:21.916+00	\N	425	471	\N	212	f	\N	\N	f
3153	   ,      (?)	2	8	<p><br></p>	0.00	0.00	\N	3	239	2019-06-16 17:39:06.954+00	2019-06-17 09:41:57.98+00	\N	425	471	\N	212	t	\N	\N	f
3154	        	2	8	<p><br></p>	0.00	0.00	\N	1	239	2019-06-16 17:39:44.043+00	2019-06-17 09:42:01.188+00	\N	425	471	\N	212	t	\N	\N	f
3170	.      	1	8	<p>         "     "    https://nordclan.com/our-work/</p>	0.00	0.00	\N	1	102	2019-06-17 09:16:30.511+00	2019-06-17 11:58:29.747+00	\N	425	471	\N	212	f	\N	\N	f
3135	     	1	10	<p>     </p>\n<p>  &nbsp;&nbsp;</p>\n<p> </p>\n<p><br></p>\n<p>  NDVI (   ).</p>\n<p>    .</p>\n<p>     .</p>\n<p>     Canvas        .</p>\n<p>           .</p>\n<p>  OpenStreetMap, Java, Spring, React, Postgres.</p>	0.00	0.00	\N	3	102	2019-06-14 13:15:13.891+00	2019-06-19 09:16:23.055+00	\N	425	471	\N	266	f	\N	\N	f
3176	  	1	8	<p>https://nordclan.com/development/:</p>\n<ul>\n  <li> "       ."  "       ."</li>\n  <li> "  "  &nbsp;"   "</li>\n  <li> "       -    ."  "       2-3    ."</li>\n</ul>\n<p>https://nordclan.com/engineering/:</p>\n<ul>\n  <li> "   IT- :"  "   - :"</li>\n  <li> "   ."  ",   ."</li>\n</ul>\n<p>https://nordclan.com/contacts/:</p>\n<ul>\n  <li>   </li>\n  <li>&nbsp;  - "  , "&nbsp;</li>\n  <li>  - " . "&nbsp;</li>\n</ul>\n<p>https://nordclan.com/projects/hospitality/, https://nordclan.com/projects/medical/,&nbsp; https://nordclan.com/projects/foodtech/ (   " ")</p>\n<ul>\n  <li>   ";"  "."</li>\n</ul>\n<p>    ""    - ,  </p>\n<p><br>\n</p>	0.00	0.00	\N	3	205	2019-06-18 06:20:04.342+00	2019-06-19 13:40:07.567+00	\N	427	471	\N	212	f	\N	\N	f
3195	ST:      sendMail	1	1	<p>      .&nbsp;</p>\n<p>300      </p>	0.00	0.00	\N	1	183	2019-06-18 12:17:32.392+00	2019-06-18 12:26:22.277+00	\N	428	470	\N	\N	f	\N	\N	f
3199	  WP	1	8	<p><br></p>	0.00	0.00	\N	1	102	2019-06-19 06:00:03.274+00	2019-06-19 13:40:04.425+00	\N	427	471	\N	212	f	\N	\N	f
3245	TEST	1	1	<p><br></p>	0.00	0.00	\N	3	2717	2019-10-11 11:41:02.842+00	2019-10-11 11:44:58.889+00	\N	429	472	\N	\N	f	\N	\N	f
3198	ST:    	1	10	<p>  docker </p>\n<p>   postgresql, redis</p>\n<p> ansible deploy</p>	0.00	0.00	\N	3	183	2019-06-19 05:59:15.152+00	2019-07-10 08:07:57.258+00	\N	428	470	\N	266	f	\N	\N	f
3172	.    	1	8	<p>     ,       </p>\n<p><br></p>\n<p>       png  800</p>\n<p>    </p>\n<p><br></p>\n<p>    +   jpg  png        </p>	0.00	0.00	\N	3	183	2019-06-17 09:44:47.184+00	2019-06-19 06:46:51.53+00	\N	427	471	\N	212	f	\N	\N	f
3314	poiuyt	1	1	<p><br></p>	0.00	0.00	\N	3	2717	2019-10-14 11:33:18.03+00	2019-10-14 11:50:01.245+00	\N	438	480	\N	\N	f	\N	\N	f
3208	ST:  UI   	1	1	<p><br></p>	3.00	0.00	\N	3	336	2019-06-19 14:03:26.746+00	2019-06-19 14:03:42.883+00	\N	428	470	\N	336	f	\N	\N	f
3196	  Facebook	1	3	<p>   SS</p>\n<p>     .</p>	4.00	0.00	\N	2	102	2019-06-18 13:31:52.565+00	2019-06-19 07:47:25.506+00	\N	428	470	\N	205	f	\N	\N	f
3202	   	1	1	<p>    ,    .</p>\n<p></p>\n<p> </p>\n<p> &nbsp;</p>\n<p></p>	0.00	0.00	\N	2	212	2019-06-19 07:47:09.644+00	2019-06-19 08:24:04.883+00	\N	424	470	\N	212	f	\N	\N	f
3168	    	1	7	<p>: Site NordClan</p>\n<p> : &nbsp;  </p>\n<p>: &nbsp;</p>\n<p>: &nbsp;</p>\n<p>: +7 948 537 63 62&nbsp;</p>\n<p>Email: ilya.kashtankin@nordclan.com&nbsp;</p>\n<p>: dfdvfdfs</p>	0.00	0.00	\N	2	102	2019-06-17 08:42:52.74+00	2019-06-19 14:14:51.89+00	\N	427	471	\N	212	f	\N	\N	f
3326	qwertyuu	1	1	<p><br></p>	0.00	0.00	\N	3	2717	2019-10-14 12:04:39.369+00	2019-10-14 12:04:39.369+00	\N	438	480	\N	\N	f	\N	\N	f
3329	skrapapa	1	1	<p><br></p>	0.00	0.00	\N	3	2717	2019-10-14 12:18:06.77+00	2019-10-14 12:18:06.77+00	\N	437	480	\N	\N	f	\N	\N	f
3364	zzzzzz	1	1	<p><br></p>	0.00	0.00	\N	3	2717	2019-10-14 12:51:06.638+00	2019-10-14 12:51:06.638+00	\N	437	480	\N	\N	f	\N	\N	f
3366	qawqa	1	1	<p><br></p>	0.00	0.00	\N	3	2717	2019-10-14 13:01:02.86+00	2019-10-14 13:01:02.86+00	\N	439	480	\N	\N	f	\N	\N	f
3368		1	1	<p><br></p>	0.00	0.00	\N	3	2717	2019-10-14 13:22:40.135+00	2019-10-14 13:22:40.135+00	\N	439	480	\N	\N	f	\N	\N	f
3369		1	1	<p><br></p>	0.00	0.00	\N	3	2717	2019-10-14 13:24:32.932+00	2019-10-14 13:24:32.932+00	\N	438	480	\N	\N	f	\N	\N	f
3371	sssssssssss	1	1	<p><br></p>	0.00	0.00	\N	3	2717	2019-10-14 13:32:03.264+00	2019-10-14 13:32:03.264+00	\N	\N	480	\N	\N	f	\N	\N	f
3204	     	1	10	<p><br></p>	4.00	0.00	\N	1	266	2019-06-19 09:35:38.981+00	2019-06-28 13:24:38.885+00	\N	428	470	3203	266	t	\N	\N	f
3375	qwqwwq	1	1	<p><br></p>	0.00	0.00	\N	3	2717	2019-10-14 13:46:23.845+00	2019-10-14 13:46:23.845+00	\N	437	480	\N	\N	f	\N	\N	f
3373	again	1	9	<p><br></p>	0.00	0.00	\N	3	2717	2019-10-14 13:45:52.915+00	2019-10-14 13:48:21.762+00	\N	438	480	\N	\N	f	\N	\N	f
3331	gggggggggggggggggg	1	9	<p><br></p>	0.00	0.00	\N	3	2717	2019-10-14 12:26:44.05+00	2019-10-14 13:49:20.168+00	\N	438	480	\N	\N	f	\N	\N	f
3378		1	1	<p><br></p>	0.00	0.00	\N	3	2717	2019-10-14 13:53:06.838+00	2019-10-14 13:53:06.838+00	\N	439	480	\N	\N	f	\N	\N	f
3113	. Rates.net	1	5	<p>:  </p>\n<p>: </p>\n<p>, 16    </p>\n<p><br></p>\n<p>:  ,   . -  / ,    2000$</p>\n<p><br></p>\n<p>  , &nbsp;   2 .</p>\n<p><br></p>\n<p>     :&nbsp;</p>\n<p>https://docs.google.com/document/d/1oREA7r4ylyQb2UUQu1ZILN78hLuYeMWcAE66n5wPvqQ/edit</p>\n<p><br></p>\n<p>UCP( ): https://docs.google.com/document/d/17--2hcp7nKtp1oi90jkIXc-IsvuNgUU6UD1MNfIk1cM/edit</p>\n<p>&nbsp;</p>	0.00	0.00	\N	3	102	2019-06-13 14:59:21.005+00	2019-10-11 12:17:40.258+00	\N	426	472	\N	102	f	\N	\N	f
3163	. React native	1	3	<p>      RN     sales force</p>	0.00	0.00	\N	3	102	2019-06-17 06:22:09.09+00	2019-10-11 13:00:08.795+00	\N	426	472	\N	102	f	\N	\N	f
3200	    Java	1	5	<p><br></p>	0.00	0.00	\N	1	212	2019-06-19 07:43:44.631+00	2019-07-02 07:29:21.004+00	\N	424	470	\N	212	f	\N	\N	f
3241	    &	1	1	<p><br></p>	0.00	0.00	\N	3	2717	2019-10-11 08:38:32.637+00	2019-10-14 06:14:30.062+00	\N	436	480	\N	\N	f	\N	\N	f
3240	  	1	1	<p><br></p>	0.00	0.00	\N	3	2717	2019-10-11 08:20:01.131+00	2019-10-14 06:28:09.989+00	\N	437	480	\N	\N	f	\N	\N	f
3284		1	1	<p><br></p>	0.00	0.00	\N	3	2717	2019-10-14 06:30:30.413+00	2019-10-14 06:30:40.189+00	\N	436	480	\N	\N	f	\N	\N	f
3285		1	1	<p><br></p>	0.00	0.00	\N	3	2717	2019-10-14 06:31:17.178+00	2019-10-14 06:31:23.908+00	\N	436	480	\N	\N	f	\N	\N	f
3380	hateandbol	1	1	<p><br></p>	0.00	0.00	\N	3	2717	2019-10-14 14:13:47.701+00	2019-10-14 14:13:47.701+00	\N	436	480	\N	\N	f	\N	\N	f
3294	ddfdfdfd	1	1	<p><br></p>	0.00	0.00	\N	3	2717	2019-10-14 10:03:38.637+00	2019-10-14 10:03:46.548+00	\N	436	480	\N	\N	f	\N	\N	f
3323	kjhgf	1	1	<p><br></p>	0.00	0.00	\N	3	2717	2019-10-14 11:54:30.465+00	2019-10-14 14:16:57.715+00	\N	438	480	\N	\N	f	\N	\N	f
3299	testtesttest	1	1	<p><br></p>	0.00	0.00	\N	3	2717	2019-10-14 10:29:52.778+00	2019-10-14 10:30:14.86+00	\N	436	480	\N	\N	f	\N	\N	f
3305	lasthope	1	1	<p><br></p>	0.00	0.00	\N	3	2717	2019-10-14 10:57:17.092+00	2019-10-14 10:57:24.455+00	\N	436	480	\N	\N	f	\N	\N	f
3315	lkjhgf	1	1	<p><br></p>	0.00	0.00	\N	3	2717	2019-10-14 11:33:55.69+00	2019-10-14 14:18:18.868+00	\N	438	480	\N	\N	f	\N	\N	f
3194	SEO      	1	1	<p><br></p>	0.00	0.00	\N	2	266	2019-06-18 12:03:34.296+00	2019-07-02 07:36:46.333+00	\N	427	471	\N	266	f	\N	\N	f
3209	SEO sitemap	1	1	<p><br></p>	4.00	0.00	\N	3	266	2019-06-19 14:24:14.665+00	2019-07-02 07:36:47.924+00	\N	427	471	\N	266	f	\N	\N	f
3106	  photo  ldap	1	7	<p><br></p>	0.00	0.00	\N	2	186	2019-06-13 11:58:01.526+00	2019-07-02 11:36:19.141+00	\N	424	470	\N	266	f	\N	\N	f
3309	asasasa	1	1	<p><br></p>	0.00	0.00	\N	3	2717	2019-10-14 11:12:28.093+00	2019-10-15 08:26:24.649+00	\N	439	480	\N	\N	f	\N	\N	f
3211	test	1	3	<p><br></p>	13.00	0.00	\N	3	266	2019-07-02 07:25:02.59+00	2019-10-09 11:35:46.311+00	\N	428	470	\N	\N	t	\N	\N	t
3320	oootr	1	1	<p><br></p>	0.00	0.00	\N	3	2717	2019-10-14 11:50:15.04+00	2019-10-14 11:50:15.04+00	\N	437	480	\N	\N	f	\N	\N	f
3300		1	1	<p><br></p>	0.00	0.00	\N	3	2717	2019-10-14 10:31:37.112+00	2019-10-14 11:51:49.038+00	\N	437	480	\N	\N	f	\N	\N	f
3324	qwqwqw	1	1	<p><br></p>	0.00	0.00	\N	3	2717	2019-10-14 11:55:28.848+00	2019-10-14 11:55:28.848+00	\N	\N	480	\N	\N	f	\N	\N	f
3327	zzzzzz	1	1	<p><br></p>	0.00	0.00	\N	3	2717	2019-10-14 12:12:41.574+00	2019-10-14 12:12:41.574+00	\N	438	480	\N	\N	f	\N	\N	f
3312	eerty	1	9	<p><br></p>	0.00	0.00	\N	3	2717	2019-10-14 11:19:22.094+00	2019-10-14 13:49:14.456+00	\N	438	480	\N	\N	f	\N	\N	f
3213	test	1	1	<p><br></p>	0.00	0.00	\N	3	2698	2019-09-25 08:41:24.086+00	2019-09-25 08:41:24.086+00	\N	\N	473	\N	\N	f	\N	\N	f
3216	  01	1	1	<p>Lorem ipsum dolor sit amet, consectetur adipiscing elit. Pellentesque ac ante ut metus accumsan semper. Sed porta, nisi a iaculis pulvinar, ipsum justo mollis dui, quis molestie diam mi tempus est. Donec ac leo a magna luctus efficitur. Donec efficitur felis quis nunc vulputate, sed maximus lectus dapibus. Suspendisse potenti. Sed interdum hendrerit nunc ut feugiat. Pellentesque a odio pretium, interdum diam at, porta velit. Cras lacinia iaculis mi vel dictum. Pellentesque sit amet ante id eros lacinia bibendum. Pellentesque eget interdum leo. Fusce et lectus lobortis, dictum magna nec, auctor felis. Aliquam ornare elit et nibh vestibulum tristique. Suspendisse eget justo odio. Suspendisse sit amet consequat magna. Mauris cursus elit ligula, nec pharetra magna consectetur at. Vestibulum ac pellentesque est.</p>	0.00	0.00	\N	3	2698	2019-10-02 05:33:16.48+00	2019-10-02 05:33:16.48+00	\N	\N	477	\N	\N	f	\N	\N	f
3217	 02	1	1	<p>Lorem ipsum dolor sit amet, consectetur adipiscing elit. Pellentesque ac ante ut metus accumsan semper. Sed porta, nisi a iaculis pulvinar, ipsum justo mollis dui, quis molestie diam mi tempus est. Donec ac leo a magna luctus efficitur. Donec efficitur felis quis nunc vulputate, sed maximus lectus dapibus. Suspendisse potenti. Sed interdum hendrerit nunc ut feugiat. Pellentesque a odio pretium, interdum diam at, porta velit. Cras lacinia iaculis mi vel dictum. Pellentesque sit amet ante id eros lacinia bibendum. Pellentesque eget interdum leo. Fusce et lectus lobortis, dictum magna nec, auctor felis. Aliquam ornare elit et nibh vestibulum tristique. Suspendisse eget justo odio. Suspendisse sit amet consequat magna. Mauris cursus elit ligula, nec pharetra magna consectetur at. Vestibulum ac pellentesque est.</p>	0.00	0.00	\N	3	2698	2019-10-02 05:42:56.441+00	2019-10-02 05:42:56.441+00	\N	\N	477	\N	\N	f	\N	\N	f
3219	 	1	3	<p><br></p>	0.00	0.00	\N	3	2728	2019-10-02 09:10:12.6+00	2019-10-22 08:33:43.227+00	\N	436	480	\N	2728	f	\N	\N	f
3218	 03	1	1	<p>Lorem ipsum dolor sit amet, consectetur adipiscing elit. Pellentesque ac ante ut metus accumsan semper. Sed porta, nisi a iaculis pulvinar, ipsum justo mollis dui, quis molestie diam mi tempus est. Donec ac leo a magna luctus efficitur. Donec efficitur felis quis nunc vulputate, sed maximus lectus dapibus. Suspendisse potenti. Sed interdum hendrerit nunc ut feugiat. Pellentesque a odio pretium, interdum diam at, porta velit. Cras lacinia iaculis mi vel dictum. Pellentesque sit amet ante id eros lacinia bibendum. Pellentesque eget interdum leo. Fusce et lectus lobortis, dictum magna nec, auctor felis. Aliquam ornare elit et nibh vestibulum tristique. Suspendisse eget justo odio. Suspendisse sit amet consequat magna. Mauris cursus elit ligula, nec pharetra magna consectetur at. Vestibulum ac pellentesque est.</p>	0.00	0.00	\N	3	2717	2019-10-02 05:44:02.552+00	2019-10-02 05:54:54.499+00	\N	\N	477	\N	\N	f	\N	\N	f
3221	TESTING	1	1	<p><br></p>	0.00	0.00	\N	3	2697	2019-10-02 11:19:37.277+00	2019-11-22 09:16:33.163+00	\N	\N	482	\N	2697	f	\N	\N	f
3115	. PSP  - 	1	8	<p>: </p>\n<p><br></p>\n<p>: https://docs.google.com/document/d/1NeY0C2zHByAlCXuXE5S7uei_dbQ3O_Sy8tGhoDQN3Jc/edit</p>\n<p>: https://docs.google.com/document/d/10iawmR0vP6ycTFUkw_VWHEFQ7Z7kX6B6-Tqve4s10Ow/edit</p>\n<p>: https://docs.google.com/spreadsheets/d/1mSs74MB4datr2i-MjTyXZSuGBb6yiyAU0En6npE9ECY/edit#gid=902801002</p>\n<p><br></p>	0.00	0.00	\N	3	102	2019-06-13 15:10:16.756+00	2019-10-11 12:17:38.193+00	\N	\N	472	\N	102	f	\N	\N	f
3235		1	1	<p><br></p>	9.00	0.00	\N	3	2717	2019-10-11 06:34:44.074+00	2019-10-11 12:54:02.863+00	\N	426	472	\N	102	f	\N	\N	f
3237		1	1	<p><br></p>	1.00	0.00	\N	3	2717	2019-10-11 06:40:26.509+00	2019-10-11 12:54:13.68+00	\N	426	472	\N	\N	f	\N	\N	f
3236		1	1	<p><br></p>	5.00	0.00	\N	3	2717	2019-10-11 06:39:42.431+00	2019-10-11 12:55:30.778+00	\N	426	472	\N	\N	f	\N	\N	t
3220	TEST	1	1	<p><br></p>	0.00	0.00	\N	3	212	2019-10-02 11:15:08.783+00	2019-10-02 11:15:08.783+00	\N	\N	481	\N	\N	f	\N	\N	f
3118	. DiaSoft	1	5	<p>https://www.diasoft.ru/</p>\n<p><br></p>\n<p>   , mvp.       </p>	0.00	0.00	\N	3	102	2019-06-14 06:51:30.426+00	2019-10-11 13:00:37.05+00	\N	426	472	\N	102	f	\N	\N	f
3286		1	1	<p><br></p>	0.00	0.00	\N	3	2717	2019-10-14 06:37:46.361+00	2019-10-14 06:37:55.995+00	\N	436	480	\N	\N	f	\N	\N	f
3214	test task	1	1	<p><br></p>	0.00	0.00	\N	3	2698	2019-09-25 08:44:36.666+00	2019-10-11 08:16:12.935+00	\N	\N	475	\N	\N	t	\N	\N	f
3223	testff	1	1	<p><br></p>	0.00	0.00	\N	3	2717	2019-10-03 09:48:57.441+00	2019-10-03 09:48:57.441+00	\N	\N	485	\N	\N	f	\N	\N	f
3242	    &	1	1	<p><br></p>	0.00	0.00	\N	3	2717	2019-10-11 08:42:26.918+00	2019-10-14 06:39:15.18+00	\N	437	480	\N	\N	f	\N	\N	f
3215	Test task	1	1	<p><br></p>	0.00	0.00	\N	3	2698	2019-09-25 08:48:57.248+00	2019-10-11 08:17:25.88+00	\N	\N	475	\N	\N	f	\N	\N	f
3225	tesnn	1	10	<p><br></p>	0.00	0.00	\N	3	2717	2019-10-03 11:05:25.261+00	2019-10-03 11:05:41.454+00	\N	\N	484	\N	\N	f	\N	\N	f
3222	test	2	10	<p><br></p>	0.00	0.00	\N	3	2717	2019-10-03 09:00:54.238+00	2019-10-03 11:10:50.545+00	\N	\N	484	\N	\N	f	\N	\N	f
3295	testlast	1	1	<p><br></p>	0.00	0.00	\N	3	2717	2019-10-14 10:07:15.666+00	2019-10-14 10:07:22.444+00	\N	437	480	\N	\N	f	\N	\N	f
3226	bugs	1	10	<p><br></p>	0.00	0.00	\N	3	2717	2019-10-03 11:19:44.459+00	2019-10-03 11:19:55.996+00	\N	\N	484	\N	\N	f	\N	\N	f
3289	aaaaaa	1	1	<p><br></p>	0.00	0.00	\N	3	2717	2019-10-14 09:34:11.408+00	2019-10-14 10:12:29.49+00	\N	436	480	\N	\N	f	\N	\N	f
3227	testf	1	10	<p><br></p>	0.00	0.00	\N	3	2717	2019-10-03 11:30:40.074+00	2019-10-03 11:30:46.634+00	\N	\N	484	\N	\N	f	\N	\N	f
3228	1st tast	1	1	<p><br></p>	0.00	0.00	\N	3	2717	2019-10-08 06:13:04.785+00	2019-10-08 06:13:04.785+00	\N	\N	489	\N	\N	f	\N	\N	f
3229	2nd task	1	1	<p><br></p>	0.00	0.00	\N	3	2717	2019-10-08 06:13:40.711+00	2019-10-08 06:13:40.711+00	\N	\N	489	\N	\N	f	\N	\N	f
3306	urrra	1	1	<p><br></p>	0.00	0.00	\N	3	2717	2019-10-14 10:58:25.587+00	2019-10-14 10:58:46.173+00	\N	436	480	\N	\N	f	\N	\N	f
3230	test	1	10	<p><br></p>	0.00	0.00	\N	3	2717	2019-10-08 06:36:17.667+00	2019-10-08 06:37:33.706+00	\N	\N	490	\N	\N	f	\N	\N	f
3316	qwasdf	1	1	<p><br></p>	0.00	0.00	\N	3	2717	2019-10-14 11:38:51.642+00	2019-10-14 11:38:51.642+00	\N	437	480	\N	\N	f	\N	\N	f
3231	deqwewq	1	10	<p><br></p>	0.00	0.00	\N	3	2717	2019-10-08 09:42:48.554+00	2019-10-08 09:43:37.582+00	\N	\N	492	\N	\N	f	\N	\N	f
3224	bugs	1	2	<p><br></p>	0.00	0.00	\N	3	2717	2019-10-03 10:17:02.828+00	2019-10-08 12:53:28.735+00	\N	\N	486	\N	\N	f	\N	\N	f
3232	ulya	1	10	<p>task test</p>	10.00	0.00	\N	2	2717	2019-10-08 14:37:20.623+00	2019-10-08 14:37:33.405+00	\N	\N	493	\N	\N	t	\N	\N	f
3233	test	1	1	<p><br></p>	12.00	0.00	\N	3	2717	2019-10-09 11:41:06.141+00	2019-10-09 12:16:36.668+00	\N	\N	496	\N	2759	f	\N	\N	t
3212		1	3	<p><br></p>	4.00	0.00	\N	2	266	2019-07-02 07:33:53.311+00	2019-10-09 13:11:46.322+00	\N	428	470	\N	2759	t	\N	\N	t
3234		2	1	<p><br></p>	0.00	0.00	\N	3	2759	2019-10-10 11:00:53.776+00	2019-10-10 11:00:53.776+00	\N	\N	498	\N	\N	t	\N	\N	f
3243	    &	1	1	<p><br></p>	0.00	0.00	\N	3	2717	2019-10-11 08:47:24.91+00	2019-10-11 08:47:39.8+00	\N	436	480	\N	\N	f	\N	\N	f
3197	. Go Wash	1	1	<p>:        .</p>\n<p>:       .</p>\n<p><br></p>\n<p>    mywasher.pro   :&nbsp;</p>\n<p><br></p>\n<p>: ceo@go-wash.ru</p>\n<p>: qwerty1234</p>\n<p>&nbsp;</p>\n<p><br></p>\n<p>&nbsp;</p>\n<p>  </p>\n<p>&nbsp;</p>\n<p>ERP   ,   . +  CRM  WMS (warehouse management system).</p>\n<p><br></p>\n<p> &nbsp;&nbsp;&nbsp;&nbsp;&nbsp; </p>\n<p><br></p>\n<p> &nbsp;&nbsp;&nbsp;&nbsp;&nbsp;,   , ,    </p>\n<p><br></p>\n<p> &nbsp;&nbsp;&nbsp;&nbsp;&nbsp;   </p>\n<p><br></p>\n<p> &nbsp;&nbsp;&nbsp;&nbsp;&nbsp;    </p>\n<p><br></p>\n<p> &nbsp;&nbsp;&nbsp;&nbsp;&nbsp; ,  ,   </p>\n<p><br></p>\n<p> &nbsp;&nbsp;&nbsp;&nbsp;&nbsp;        </p>\n<p><br></p>\n<p> &nbsp;&nbsp;&nbsp;&nbsp;&nbsp;     API</p>\n<p><br></p>\n<p> &nbsp;&nbsp;&nbsp;&nbsp;&nbsp;            </p>\n<p><br></p>\n<p> &nbsp;&nbsp;&nbsp;&nbsp;&nbsp; ,   ( ,   ).</p>\n<p><br></p>\n<p> &nbsp;&nbsp;&nbsp;&nbsp;&nbsp;    </p>	16.00	0.00	\N	3	102	2019-06-18 14:09:53.222+00	2019-10-11 12:20:56.369+00	\N	429	472	\N	205	f	\N	\N	f
3117	. SkyEng	1	3	<p>: 1  Unity</p>\n<p>  </p>\n<p><br></p>	0.00	0.00	\N	3	102	2019-06-14 06:48:17.693+00	2019-10-11 12:57:04.586+00	\N	426	472	\N	102	f	\N	\N	f
3297	aaaaaaaaaaaaaaa	1	9	<p><br></p>	0.00	0.00	\N	3	2717	2019-10-14 10:16:05.119+00	2019-10-14 12:52:16.296+00	\N	437	480	\N	\N	f	\N	\N	f
3307	aasdd	1	1	<p><br></p>	0.00	0.00	\N	3	2717	2019-10-14 11:00:14.926+00	2019-10-14 11:00:22.32+00	\N	436	480	\N	\N	f	\N	\N	f
3370		1	1	<p><br></p>	0.00	0.00	\N	3	2717	2019-10-14 13:28:02.471+00	2019-10-14 13:28:02.471+00	\N	438	480	\N	\N	f	\N	\N	f
3374	qqqwqwq	1	1	<p><br></p>	0.00	0.00	\N	3	2717	2019-10-14 13:46:01.215+00	2019-10-14 13:46:01.215+00	\N	439	480	\N	\N	f	\N	\N	f
3296	aaaasqas	1	9	<p><br></p>	0.00	0.00	\N	3	2717	2019-10-14 10:08:46.893+00	2019-10-14 13:48:52.124+00	\N	437	480	\N	\N	f	\N	\N	f
3310	asaswew	1	9	<p><br></p>	0.00	0.00	\N	3	2717	2019-10-14 11:18:40.269+00	2019-10-14 13:48:59.529+00	\N	438	480	\N	\N	f	\N	\N	f
3372	asdfg	1	9	<p><br></p>	0.00	0.00	\N	3	2717	2019-10-14 13:37:21.771+00	2019-10-14 13:49:06.667+00	\N	438	480	\N	\N	f	\N	\N	f
3321	kjjhhgg	1	9	<p><br></p>	0.00	0.00	\N	3	2717	2019-10-14 11:50:26.021+00	2019-10-14 13:49:31.694+00	\N	438	480	\N	\N	f	\N	\N	f
3365	lasttest	1	9	<p><br></p>	0.00	0.00	\N	3	2717	2019-10-14 12:53:07.458+00	2019-10-14 13:49:36.666+00	\N	438	480	\N	\N	f	\N	\N	f
3377	ddddd	1	1	<p><br></p>	0.00	0.00	\N	3	2717	2019-10-14 13:51:57.572+00	2019-10-14 13:51:57.572+00	\N	439	480	\N	\N	f	\N	\N	f
3238	  &  	1	1	<p><br></p>	0.00	0.00	\N	3	2728	2019-10-11 07:36:53.248+00	2019-10-11 07:57:46.087+00	\N	\N	501	\N	2729	f	\N	\N	f
3379		1	1	<p><br></p>	0.00	0.00	\N	3	2717	2019-10-14 13:56:17.144+00	2019-10-14 13:56:17.144+00	\N	439	480	\N	\N	f	\N	\N	f
3317	aaaass	1	1	<p><br></p>	0.00	0.00	\N	3	2717	2019-10-14 11:43:21.938+00	2019-10-14 14:13:59.046+00	\N	438	480	\N	\N	f	\N	\N	f
3328	addfddf	1	1	<p><br></p>	0.00	0.00	\N	3	2717	2019-10-14 12:15:08.814+00	2019-10-14 14:16:18.315+00	\N	436	480	\N	\N	f	\N	\N	f
3381	yyyyy	1	1	<p><br></p>	0.00	0.00	\N	3	2717	2019-10-14 14:16:26.004+00	2019-10-14 14:16:26.004+00	\N	438	480	\N	\N	f	\N	\N	f
3311	asasawewqr	1	1	<p><br></p>	0.00	0.00	\N	3	2717	2019-10-14 11:18:53.641+00	2019-10-14 14:16:35.358+00	\N	438	480	\N	\N	f	\N	\N	f
3382	poiuyter	1	1	<p><br></p>	0.00	0.00	\N	3	2717	2019-10-14 14:16:51.495+00	2019-10-14 14:16:51.495+00	\N	436	480	\N	\N	f	\N	\N	f
3376	helpme	1	1	<p><br></p>	0.00	0.00	\N	3	2717	2019-10-14 13:49:57.482+00	2019-10-14 14:16:54.173+00	\N	436	480	\N	\N	f	\N	\N	f
3383	qwwwww	1	1	<p><br></p>	0.00	0.00	\N	3	2717	2019-10-14 14:18:06.768+00	2019-10-14 14:18:06.768+00	\N	439	480	\N	\N	f	\N	\N	f
3384	ppppppppppp	1	1	<p><br></p>	0.00	0.00	\N	3	2717	2019-10-14 14:20:38.776+00	2019-10-14 14:20:38.776+00	\N	439	480	\N	\N	f	\N	\N	f
3385	helppp	1	1	<p><br></p>	0.00	0.00	\N	3	2717	2019-10-14 14:40:01.456+00	2019-10-14 14:40:01.456+00	\N	439	480	\N	\N	f	\N	\N	f
3287	aaaaaaaa	1	1	<p><br></p>	0.00	0.00	\N	3	2717	2019-10-14 06:42:28.861+00	2019-10-14 14:40:50.806+00	\N	438	480	\N	\N	f	\N	\N	f
3386	eerere	1	1	<p><br></p>	0.00	0.00	\N	3	2717	2019-10-14 14:41:44.114+00	2019-10-14 14:41:44.114+00	\N	438	480	\N	\N	f	\N	\N	f
3319	poiuyt	1	1	<p><br></p>	0.00	0.00	\N	3	2717	2019-10-14 11:49:51.461+00	2019-10-14 14:41:46.394+00	\N	438	480	\N	\N	f	\N	\N	f
3387	ererer	1	1	<p><br></p>	0.00	0.00	\N	3	2717	2019-10-14 14:41:52.546+00	2019-10-14 14:41:52.546+00	\N	439	480	\N	\N	f	\N	\N	f
3301	qwertyui	1	1	<p><br></p>	0.00	0.00	\N	3	2717	2019-10-14 10:49:17.804+00	2019-10-14 14:41:56.58+00	\N	438	480	\N	\N	f	\N	\N	f
3388	workaet?	1	1	<p><br></p>	0.00	0.00	\N	3	2717	2019-10-14 14:42:09.527+00	2019-10-14 14:42:09.527+00	\N	437	480	\N	\N	f	\N	\N	f
3330	adsded	1	1	<p><br></p>	0.00	0.00	\N	3	2717	2019-10-14 12:18:14.635+00	2019-10-14 14:46:28.999+00	\N	438	480	\N	\N	f	\N	\N	f
3290	draganddrops	1	1	<p><br></p>	0.00	0.00	\N	3	2717	2019-10-14 09:40:01.78+00	2019-10-15 08:23:55.252+00	\N	438	480	\N	\N	f	\N	\N	f
3390	testagain	1	1	<p><br></p>	0.00	0.00	\N	3	2717	2019-10-15 08:24:08.984+00	2019-10-15 08:24:08.984+00	\N	439	480	\N	\N	f	\N	\N	f
3391	asasasa	1	1	<p><br></p>	0.00	0.00	\N	3	2717	2019-10-15 08:25:47.759+00	2019-10-15 08:25:47.759+00	\N	439	480	\N	\N	f	\N	\N	f
3392	asasasa	1	1	<p><br></p>	0.00	0.00	\N	3	2717	2019-10-15 08:25:48.117+00	2019-10-15 08:25:48.117+00	\N	439	480	\N	\N	f	\N	\N	f
3393	aswww	1	1	<p><br></p>	0.00	0.00	\N	3	2717	2019-10-15 08:25:58.098+00	2019-10-15 08:25:58.098+00	\N	437	480	\N	\N	f	\N	\N	f
3394	zswwww	1	1	<p><br></p>	0.00	0.00	\N	3	2717	2019-10-15 08:26:33.649+00	2019-10-15 08:26:33.649+00	\N	438	480	\N	\N	f	\N	\N	f
3395	aaaaaaaa	1	1	<p><br></p>	0.00	0.00	\N	3	2717	2019-10-15 08:26:46.701+00	2019-10-15 08:26:46.701+00	\N	436	480	\N	\N	f	\N	\N	f
3396	sssss	1	1	<p><br></p>	0.00	0.00	\N	3	2717	2019-10-15 08:31:00.663+00	2019-10-15 08:31:00.663+00	\N	437	480	\N	\N	f	\N	\N	f
3325	asasas	1	1	<p><br></p>	0.00	0.00	\N	3	2717	2019-10-14 11:56:14.52+00	2019-10-15 08:31:17.108+00	\N	438	480	\N	\N	f	\N	\N	f
3397	ddfdfdf	1	1	<p><br></p>	0.00	0.00	\N	3	2717	2019-10-15 08:31:25.62+00	2019-10-15 08:31:25.62+00	\N	439	480	\N	\N	f	\N	\N	f
3389	aaaaaa	1	1	<p><br></p>	0.00	0.00	\N	3	2717	2019-10-14 14:46:35.47+00	2019-10-15 08:32:31.146+00	\N	439	480	\N	\N	f	\N	\N	f
3367	123456	1	1	<p><br></p>	0.00	0.00	\N	3	2717	2019-10-14 13:01:51.451+00	2019-10-16 10:54:55.308+00	\N	438	480	\N	\N	f	\N	\N	f
3398	dwwwwe	1	1	<p><br></p>	0.00	0.00	\N	3	2717	2019-10-15 08:32:38.557+00	2019-10-16 10:55:36.586+00	\N	438	480	\N	\N	f	\N	\N	f
3400	 2 d&d	1	1	<p><br></p>	0.00	0.00	\N	3	2717	2019-10-16 10:56:26.239+00	2019-10-16 10:56:26.239+00	\N	438	480	\N	\N	f	\N	\N	f
3401	 3 d&d	1	1	<p><br></p>	0.00	0.00	\N	3	2717	2019-10-16 10:57:03.835+00	2019-10-16 10:57:03.835+00	\N	\N	480	\N	\N	f	\N	\N	t
3399	 d&d	1	1	<p><br></p>	0.00	0.00	\N	3	2717	2019-10-16 10:55:28.084+00	2019-10-16 10:57:22.008+00	\N	436	480	\N	\N	f	\N	\N	f
3402	task9	1	2	<p><br></p>	0.00	0.00	\N	2	2717	2019-10-16 11:03:56.439+00	2019-10-16 11:06:38.07+00	\N	\N	484	\N	\N	f	\N	\N	f
3403	 	1	1	<p><br></p>	0.00	0.00	\N	3	2717	2019-10-17 16:00:13.843+00	2019-10-17 16:00:13.843+00	\N	\N	503	\N	\N	f	\N	\N	f
3406	 03	1	1	<p><br></p>	0.00	0.00	\N	3	2718	2019-10-21 14:31:18.67+00	2019-10-21 14:31:18.67+00	\N	\N	505	\N	\N	f	\N	\N	f
3404	 01	1	3	<p><br></p>	0.00	0.00	\N	3	2718	2019-10-21 14:27:54.146+00	2019-10-21 14:31:25.135+00	\N	\N	505	\N	2718	f	\N	\N	f
3405	 02	1	5	<p><br></p>	0.00	0.00	\N	3	2718	2019-10-21 14:31:09.888+00	2019-10-21 14:31:32.357+00	\N	\N	505	\N	2718	f	\N	\N	f
3407	testcomment	1	1	<p><br></p>	0.00	0.00	\N	3	2759	2019-10-28 12:57:18.297+00	2019-10-28 12:57:18.297+00	\N	\N	507	\N	\N	f	\N	\N	f
3408	 500  	1	8	<p></p>	0.00	0.00	\N	3	2728	2019-10-28 13:08:11.802+00	2019-10-28 13:13:11.251+00	\N	\N	508	\N	2728	f	\N	\N	f
3409	New task from Naritai	1	3	<p>awesome task</p>	3.00	0.00	\N	2	2717	2019-10-28 13:39:51.52+00	2019-10-28 13:40:21.019+00	\N	\N	509	\N	2766	t	\N	\N	t
3205	 	1	3	<p>    &nbsp;</p>\n<p>    </p>\n<p><br></p>\n<p>http://joxi.ru/nAyZRnZTgWJwkr</p>\n<p>   -   </p>\n<p> -   "  "</p>\n<p>  </p>	0.00	0.00	\N	1	35	2019-06-19 10:28:01.688+00	2019-10-28 13:41:38.804+00	\N	427	471	\N	\N	t	\N	\N	t
3279	ssss	1	1	<p><br></p>	0.00	0.00	\N	3	2717	2019-10-11 12:55:39.165+00	2019-10-29 06:42:35.476+00	\N	426	472	\N	\N	f	\N	\N	f
3411	implementation2	1	3	<p>implementation2</p>	4.00	0.00	\N	3	2717	2019-10-29 06:51:01.5+00	2019-10-29 06:54:35.264+00	\N	\N	510	\N	2717	t	\N	\N	f
3412	vacation	1	1	<p>vacation</p>	0.00	0.00	\N	3	2717	2019-10-29 07:00:58.078+00	2019-10-29 07:00:58.078+00	\N	\N	510	\N	\N	f	\N	\N	f
3410	implementation	1	3	<p>implementation</p>	3.00	0.00	\N	3	2717	2019-10-29 06:49:55.557+00	2019-10-29 07:07:43.386+00	\N	\N	510	\N	2717	t	\N	\N	f
3083	500     ST	1	3	<p>,  </p>	0.00	0.00	\N	3	336	2019-06-11 08:35:24.739+00	2019-10-29 08:08:56.673+00	\N	428	470	\N	102	f	\N	\N	f
3413	   	1	1	<p>  </p>	0.00	0.00	\N	3	2728	2019-11-07 07:17:56.988+00	2019-11-07 07:17:56.988+00	\N	\N	512	\N	\N	f	\N	\N	f
3414	 	1	3	<p><br></p>	0.00	0.00	\N	3	2941	2019-11-07 10:39:51.677+00	2019-11-07 10:40:00.979+00	\N	\N	511	\N	2941	f	\N	\N	f
\.


--
-- Data for Name: timesheets; Type: TABLE DATA; Schema: public; Owner: track
--

COPY public.timesheets (id, sprint_id, task_id, user_id, on_date, type_id, spent_time, comment, is_billable, user_role_id, task_status_id, status_id, is_visible, created_at, updated_at, project_id, external_id) FROM stdin;
3918	425	3084	239	2019-06-12	1	3.00	\N	t	[6]	1	1	t	2019-06-13 08:00:27.621+00	2019-06-13 08:00:27.621+00	471	\N
3919	425	3097	239	2019-06-13	1	1.00	\N	t	[6]	3	1	t	2019-06-13 09:41:54.387+00	2019-06-13 09:41:54.387+00	471	\N
3920	425	3096	239	2019-06-13	1	0.25	\N	t	[6]	3	1	t	2019-06-13 09:50:29.953+00	2019-06-13 09:50:29.953+00	471	\N
3969	425	3177	266	2019-06-17	1	3.00	\N	t	[9]	3	1	t	2019-06-18 07:01:09.277+00	2019-06-18 07:35:44.008+00	471	\N
3970	427	3179	266	2019-06-18	1	2.00	\N	t	[9]	3	1	t	2019-06-18 08:40:02.496+00	2019-06-18 08:40:02.496+00	471	\N
3923	425	3094	239	2019-06-13	1	1.50	\N	t	[6]	3	1	t	2019-06-13 11:00:50.61+00	2019-06-13 11:00:50.61+00	471	\N
3924	425	3102	239	2019-06-13	1	1.00	\N	t	[6]	3	1	t	2019-06-13 12:08:52.259+00	2019-06-13 12:08:52.259+00	471	\N
3925	425	3103	239	2019-06-13	1	0.50	\N	t	[6]	3	1	t	2019-06-13 12:09:19.589+00	2019-06-13 12:09:19.589+00	471	\N
3927	\N	\N	266	2019-06-13	4	0.80	\N	f	\N	2	1	t	2019-06-13 12:59:17.883+00	2019-06-13 12:59:17.883+00	0	\N
3928	425	3104	239	2019-06-13	1	0.50	\N	t	[6]	3	1	t	2019-06-13 14:22:22.527+00	2019-06-13 14:22:22.527+00	471	\N
3929	425	3109	239	2019-06-13	1	0.50	\N	t	[6]	3	1	t	2019-06-13 14:59:56.815+00	2019-06-13 14:59:56.815+00	471	\N
3930	425	3111	239	2019-06-14	1	0.50	\N	t	[6]	1	1	t	2019-06-14 08:01:35.703+00	2019-06-14 08:01:35.703+00	471	\N
3931	425	3110	239	2019-06-13	1	0.50	\N	t	[6]	3	1	t	2019-06-14 08:03:32.754+00	2019-06-14 08:03:32.754+00	471	\N
3932	425	3112	239	2019-06-13	1	0.25	\N	t	[6]	3	1	t	2019-06-14 08:07:07.805+00	2019-06-14 08:07:07.805+00	471	\N
3922	425	3084	239	2019-06-13	1	2.00	\N	t	[6]	3	1	t	2019-06-13 10:07:50.65+00	2019-06-14 08:07:27.739+00	471	\N
3934	425	3119	239	2019-06-14	1	0.50	\N	t	[6]	1	1	t	2019-06-14 10:27:57.642+00	2019-06-14 10:27:57.642+00	471	\N
3935	425	3123	266	2019-06-14	1	0.50	\N	t	[9]	3	1	t	2019-06-14 10:43:12.723+00	2019-06-14 10:43:12.723+00	471	\N
3936	425	3129	266	2019-06-14	1	0.20	\N	t	[9]	3	1	t	2019-06-14 13:08:32.247+00	2019-06-14 13:08:32.247+00	471	\N
3937	425	3132	266	2019-06-14	1	0.20	\N	t	[9]	3	1	t	2019-06-14 18:27:50.118+00	2019-06-14 18:27:50.118+00	471	\N
3938	425	3136	266	2019-06-14	1	0.20	\N	t	[9]	3	1	t	2019-06-14 18:28:53.789+00	2019-06-14 18:28:53.789+00	471	\N
3939	425	3131	266	2019-06-14	1	0.20	\N	t	[9]	3	1	t	2019-06-14 18:30:27.716+00	2019-06-14 18:30:27.716+00	471	\N
3971	427	3176	266	2019-06-18	1	1.00	\N	t	[9]	3	1	t	2019-06-18 09:36:15.779+00	2019-06-18 09:36:15.779+00	471	\N
3972	424	3099	183	2019-06-18	1	1.00	\N	t	[6]	3	1	t	2019-06-18 11:08:43.196+00	2019-06-18 11:08:43.196+00	470	\N
3973	\N	3186	183	2019-06-17	1	3.00	\N	t	[6]	3	1	t	2019-06-18 11:15:28.148+00	2019-06-18 11:15:28.148+00	473	\N
3974	\N	3187	183	2019-06-17	1	5.00	\N	t	[6]	3	1	t	2019-06-18 11:15:32.978+00	2019-06-18 11:15:32.978+00	473	\N
3940	425	3093	266	2019-06-14	1	6.70	\N	t	[9]	3	1	t	2019-06-14 18:31:24.823+00	2019-06-14 19:03:25.753+00	471	\N
3941	425	3124	239	2019-06-14	1	3.00	\N	t	[6]	3	1	t	2019-06-14 19:55:00.361+00	2019-06-14 19:55:00.361+00	471	\N
3942	425	3125	239	2019-06-14	1	0.00	\N	t	[6]	3	1	t	2019-06-14 21:16:22.073+00	2019-06-14 21:16:22.073+00	471	\N
3943	425	3125	239	2019-06-15	1	1.50	\N	t	[6]	3	1	t	2019-06-14 21:16:26.976+00	2019-06-14 21:16:26.976+00	471	\N
3944	425	3121	239	2019-06-14	1	4.00	\N	t	[6]	3	1	t	2019-06-14 21:21:27.268+00	2019-06-14 21:21:27.268+00	471	\N
3945	425	3139	239	2019-06-15	1	1.00	\N	t	[6]	3	1	t	2019-06-14 22:32:27.402+00	2019-06-14 22:32:27.402+00	471	\N
3946	425	3133	239	2019-06-15	1	1.00	\N	t	[6]	3	1	t	2019-06-14 23:06:14.391+00	2019-06-14 23:06:14.391+00	471	\N
3975	\N	3187	239	2019-06-18	1	6.00	\N	t	[6]	3	1	t	2019-06-19 07:23:15.933+00	2019-06-19 07:23:15.933+00	473	\N
3976	427	3179	239	2019-06-17	1	1.00	\N	t	[6]	3	1	t	2019-06-19 07:24:02.433+00	2019-06-19 07:24:02.433+00	471	\N
3947	425	3140	239	2019-06-15	1	0.75	\N	t	[6]	3	1	t	2019-06-15 07:37:42.802+00	2019-06-15 07:37:54.71+00	471	\N
3948	425	3120	239	2019-06-16	1	2.00	\N	t	[6]	3	1	t	2019-06-15 20:43:39.533+00	2019-06-15 20:43:39.533+00	471	\N
3977	427	3199	239	2019-06-19	1	0.50	\N	t	[6]	3	1	t	2019-06-19 08:32:43.406+00	2019-06-19 08:32:48.135+00	471	\N
3949	425	3128	239	2019-06-16	1	1.50	\N	t	[6]	3	1	t	2019-06-15 21:27:14.734+00	2019-06-16 09:53:07.979+00	471	\N
3950	425	3142	239	2019-06-16	1	0.50	\N	t	[6]	3	1	t	2019-06-16 11:25:18.29+00	2019-06-16 11:25:18.29+00	471	\N
3951	425	3144	239	2019-06-16	1	1.00	\N	t	[6]	3	1	t	2019-06-16 19:24:42.211+00	2019-06-16 19:24:42.211+00	471	\N
3952	425	3145	239	2019-06-16	1	1.00	\N	t	[6]	3	1	t	2019-06-16 19:25:02.835+00	2019-06-16 19:25:02.835+00	471	\N
3953	425	3147	239	2019-06-17	1	1.00	\N	t	[6]	3	1	t	2019-06-16 21:23:27.206+00	2019-06-16 21:23:27.206+00	471	\N
3954	425	3158	239	2019-06-17	1	1.00	\N	t	[6]	3	1	t	2019-06-16 21:32:31.91+00	2019-06-16 21:32:31.91+00	471	\N
3955	425	3152	239	2019-06-17	1	0.25	\N	t	[6]	3	1	t	2019-06-16 22:00:31.665+00	2019-06-16 22:00:31.665+00	471	\N
3956	425	3151	239	2019-06-17	1	0.25	\N	t	[6]	3	1	t	2019-06-16 22:01:01.098+00	2019-06-16 22:01:01.098+00	471	\N
3957	425	3159	239	2019-06-17	1	0.25	\N	t	[6]	3	1	t	2019-06-16 22:17:51.778+00	2019-06-16 22:17:51.778+00	471	\N
3958	425	3160	239	2019-06-17	1	0.50	\N	t	[6]	3	1	t	2019-06-17 09:26:04.547+00	2019-06-17 09:26:04.547+00	471	\N
3959	425	3154	239	2019-06-17	1	1.00	\N	t	[6]	3	1	t	2019-06-17 09:27:15.108+00	2019-06-17 09:27:15.108+00	471	\N
3960	425	3153	239	2019-06-17	1	0.25	\N	t	[6]	3	1	t	2019-06-17 09:40:05.124+00	2019-06-17 09:40:05.124+00	471	\N
3961	425	3164	239	2019-06-17	1	1.00	\N	t	[6]	3	1	t	2019-06-17 10:48:09.193+00	2019-06-17 10:48:09.193+00	471	\N
3978	427	3194	266	2019-06-18	1	2.00	\N	t	[9]	3	1	t	2019-06-19 09:15:15.574+00	2019-06-19 09:15:15.574+00	471	\N
3979	427	3194	266	2019-06-19	1	2.00	\N	t	[9]	3	1	t	2019-06-19 09:15:29.142+00	2019-06-19 09:15:29.142+00	471	\N
3963	425	3172	266	2019-06-17	1	2.00	\N	t	[9]	3	1	t	2019-06-17 11:10:35.553+00	2019-06-17 11:10:35.553+00	471	\N
3964	425	3165	266	2019-06-17	1	2.00	\N	t	[9]	7	1	t	2019-06-17 11:12:25.932+00	2019-06-17 11:12:25.932+00	471	\N
3965	425	3174	239	2019-06-17	1	0.50	\N	t	[6]	3	1	t	2019-06-17 11:13:53.265+00	2019-06-17 11:13:53.265+00	471	\N
3966	425	3170	266	2019-06-17	1	1.00	\N	t	[9]	3	1	t	2019-06-17 11:44:11.316+00	2019-06-17 11:44:11.316+00	471	\N
3967	425	3093	266	2019-06-15	1	2.00	\N	t	[9]	3	1	t	2019-06-17 11:47:08.643+00	2019-06-17 11:47:08.643+00	471	\N
3968	425	3093	266	2019-06-16	1	2.00	\N	t	[9]	3	1	t	2019-06-17 11:47:10.604+00	2019-06-17 11:47:10.604+00	471	\N
3980	424	3106	266	2019-06-18	1	3.00	\N	t	[9]	3	1	t	2019-06-19 09:17:25.933+00	2019-06-19 09:17:25.933+00	470	\N
3982	428	3204	266	2019-06-19	1	4.00	\N	t	[9]	3	1	t	2019-06-19 12:27:13.19+00	2019-06-19 12:27:13.19+00	470	\N
3983	427	3168	266	2019-06-19	1	2.00	\N	t	[9]	3	1	t	2019-06-19 14:14:49.409+00	2019-06-19 14:14:49.409+00	471	\N
3926	425	3093	266	2019-06-13	1	7.00		t	[9]	1	1	t	2019-06-13 12:58:38.317+00	2019-06-27 12:15:23.647+00	471	\N
3921	425	3101	266	2019-06-13	1	0.20		t	[9]	3	1	t	2019-06-13 09:58:15.048+00	2019-06-27 12:15:28.265+00	471	\N
4076	\N	3219	2728	2019-10-03	1	8.00	\N	t	[5]	3	3	t	2019-10-04 07:38:29.84+00	2019-10-04 07:38:33.107+00	480	\N
4079	\N	3220	2725	2019-10-04	1	8.00	\N	t	[2]	1	2	t	2019-10-04 08:02:14.751+00	2019-10-04 08:05:12.139+00	481	\N
4081	\N	3229	2698	2019-10-08	1	8.00	 	f	[6]	3	3	t	2019-10-08 06:19:21.93+00	2019-10-11 12:33:42.593+00	489	\N
4097	\N	\N	2759	2019-10-10	8	2.00		f	[5]	2	3	t	2019-10-10 11:05:02.883+00	2019-10-17 14:53:49.372+00	498	\N
3995	428	3211	266	2019-07-02	1	2.00	\N	t	[9]	3	4	t	2019-07-02 07:25:24.879+00	2019-07-10 07:53:03.346+00	470	\N
4159	\N	\N	2717	2019-10-15	2	9.00	\N	t	[6]	2	4	t	2019-10-18 10:36:22.022+00	2019-10-24 14:03:37.549+00	482	\N
4085	\N	\N	2717	2019-10-09	2	8.00		f	\N	2	3	t	2019-10-08 14:17:28.991+00	2019-10-21 07:07:12.175+00	\N	\N
4094	\N	\N	2759	2019-10-07	3	10.00	ssssssa	t	[5]	2	3	t	2019-10-10 11:03:20.406+00	2019-10-17 14:53:49.372+00	498	\N
4162	436	3219	2728	2019-10-11	1	1.00	\N	t	[2]	3	4	t	2019-10-21 08:04:46.868+00	2019-10-22 07:45:16.85+00	480	\N
4088	\N	3229	2698	2019-10-10	1	0.00		t	[6]	3	3	t	2019-10-09 06:19:27.967+00	2019-10-11 08:20:10.144+00	489	\N
4160	\N	\N	2717	2019-09-30	2	0.00	dddd	f	\N	2	3	t	2019-10-20 10:32:33.907+00	2019-10-29 06:46:42.475+00	0	\N
4077	\N	3219	2728	2019-10-04	1	8.00	\N	t	[5]	3	3	t	2019-10-04 07:38:31.39+00	2019-10-04 07:38:33.107+00	480	\N
4028	\N	3219	2728	2019-10-01	1	1.00	\N	t	[5]	3	3	t	2019-10-02 09:14:43.805+00	2019-10-04 07:38:33.107+00	480	\N
4029	\N	3219	2728	2019-10-02	1	2.00	\N	t	[5]	3	3	t	2019-10-02 09:14:53.784+00	2019-10-04 07:38:33.107+00	480	\N
4034	\N	3219	2728	2019-10-02	1	0.00	123	t	[5]	7	3	t	2019-10-02 10:13:38.379+00	2019-10-04 07:38:33.107+00	480	\N
4213	\N	\N	2717	2019-10-25	2	1.00	\N	t	[6]	2	2	t	2019-10-25 08:29:28.877+00	2019-11-24 18:37:09.024+00	482	\N
4118	438	3287	2759	2019-10-15	1	1.00		f	[5]	5	4	t	2019-10-15 12:20:02.93+00	2019-10-24 13:20:00.511+00	480	\N
4186	\N	3221	2717	2019-11-01	1	9.00	\N	t	[6]	3	3	t	2019-10-24 09:02:46.932+00	2019-11-25 11:03:28.37+00	482	\N
4269	\N	3215	2728	2019-10-31	1	5.00	\N	t	[2]	3	3	t	2019-10-31 11:14:58.841+00	2019-11-22 13:06:13.196+00	475	\N
4246	\N	3221	2717	2019-11-28	1	1.00	\N	t	[6]	5	2	t	2019-10-25 08:35:48.198+00	2019-11-25 09:24:16.474+00	482	\N
4012	\N	\N	2698	2019-09-09	2	5.00	\N	f	\N	2	3	t	2019-09-24 08:04:39.366+00	2019-09-24 09:45:15.383+00	0	\N
4013	\N	\N	2698	2019-09-10	2	5.00	\N	f	\N	2	3	t	2019-09-24 08:04:39.565+00	2019-09-24 09:45:15.383+00	0	\N
4014	\N	\N	2698	2019-09-11	2	5.00	\N	f	\N	2	3	t	2019-09-24 08:04:39.826+00	2019-09-24 09:45:15.383+00	0	\N
4015	\N	\N	2698	2019-09-12	2	5.00	\N	f	\N	2	3	t	2019-09-24 08:04:40.02+00	2019-09-24 09:45:15.383+00	0	\N
4016	\N	\N	2698	2019-09-13	2	5.00	\N	f	\N	2	3	t	2019-09-24 08:04:41.255+00	2019-09-24 09:45:15.383+00	0	\N
3984	428	3204	266	2019-06-28	1	5.00	\N	t	[9]	5	4	t	2019-06-28 13:24:03.557+00	2019-07-10 07:52:10.5+00	470	\N
3985	427	3194	266	2019-06-25	1	4.00	\N	t	[9]	5	4	t	2019-06-28 13:24:07.32+00	2019-07-10 07:52:10.5+00	471	\N
3986	427	3210	266	2019-06-28	1	5.00	\N	t	[9]	3	4	t	2019-06-28 13:24:11.972+00	2019-07-10 07:52:10.5+00	471	\N
3987	427	3209	266	2019-06-28	1	5.00	\N	t	[9]	3	4	t	2019-06-28 13:24:25.165+00	2019-07-10 07:52:10.5+00	471	\N
3988	427	3179	266	2019-06-28	1	5.00	\N	t	[9]	3	4	t	2019-06-28 13:24:28.608+00	2019-07-10 07:52:10.5+00	471	\N
3989	427	3179	266	2019-06-28	1	5.00	\N	t	[9]	5	4	t	2019-06-28 13:24:31.941+00	2019-07-10 07:52:10.5+00	471	\N
3990	428	3204	266	2019-06-28	1	5.00	\N	t	[9]	7	4	t	2019-06-28 13:24:36.549+00	2019-07-10 07:52:10.5+00	470	\N
3991	428	3203	266	2019-06-28	1	3.00	\N	t	[9]	5	4	t	2019-06-28 13:25:41.061+00	2019-07-10 07:52:10.5+00	470	\N
3992	428	3198	266	2019-06-28	1	3.00	\N	t	[9]	5	4	t	2019-06-28 13:25:51.069+00	2019-07-10 07:52:10.5+00	470	\N
3993	428	3203	266	2019-06-28	1	3.00	\N	t	[9]	7	4	t	2019-06-28 13:28:50.796+00	2019-07-10 07:52:10.5+00	470	\N
3994	427	3194	266	2019-06-26	1	1.00		t	[9]	5	4	t	2019-06-28 13:32:10.875+00	2019-07-10 07:52:10.5+00	471	\N
3996	427	3205	266	2019-07-02	1	2.00	\N	t	[9]	3	4	t	2019-07-02 07:25:49.043+00	2019-07-10 07:53:03.346+00	471	\N
3997	\N	\N	266	2019-07-01	7	2.00	\N	f	\N	2	4	t	2019-07-02 07:35:08.072+00	2019-07-10 07:53:03.346+00	0	\N
3998	\N	\N	266	2019-07-01	5	2.00	\N	f	\N	2	4	t	2019-07-02 07:35:09.768+00	2019-07-10 07:53:03.346+00	0	\N
3999	428	3211	266	2019-07-10	1	2.00	\N	t	[9]	3	4	t	2019-07-10 07:54:06.666+00	2019-07-10 07:54:24.994+00	470	\N
4001	428	3211	266	2019-07-10	1	2.00	1	t	[9]	5	1	t	2019-07-10 07:56:52.419+00	2019-07-10 08:03:25.21+00	470	\N
4002	428	3198	266	2019-07-10	1	2.00	\N	t	[9]	5	1	t	2019-07-10 08:06:12.54+00	2019-07-10 08:06:12.54+00	470	\N
4000	428	3198	266	2019-07-10	1	2.00	1	t	[9]	3	1	f	2019-07-10 07:56:24.762+00	2019-07-10 08:08:14.319+00	470	\N
4009	\N	\N	2698	2019-09-19	2	5.00		f	\N	2	4	t	2019-09-24 08:02:11.348+00	2019-10-07 09:52:56.833+00	\N	\N
4003	428	3211	212	2019-07-08	1	0.00	\N	t	[9]	7	4	t	2019-07-10 08:11:44.684+00	2019-07-10 08:14:52.778+00	470	\N
4004	428	3211	212	2019-07-10	1	2.00	\N	t	[9]	7	4	t	2019-07-10 08:11:47.069+00	2019-07-10 08:14:52.778+00	470	\N
4005	428	3211	212	2019-07-11	1	6.00	\N	t	[9]	7	4	t	2019-07-10 08:14:39.104+00	2019-07-10 08:14:52.778+00	470	\N
4010	\N	\N	2698	2019-09-20	2	5.00		f	\N	2	4	t	2019-09-24 08:02:11.819+00	2019-10-07 09:52:56.833+00	\N	\N
4018	\N	\N	2710	2019-09-17	1	50.00	\N	t	[9]	7	1	t	2019-09-27 15:02:04.304+00	2019-09-27 15:02:00.564+00	470	\N
4036	428	3211	212	2019-10-02	1	8.00	\N	t	[9]	7	3	t	2019-10-02 11:15:54.114+00	2019-10-29 08:06:24.282+00	470	\N
4166	\N	3216	2718	2019-10-21	1	9.00		f	[6]	3	2	t	2019-10-21 14:09:36.463+00	2019-10-25 09:54:16.738+00	477	\N
4037	428	3211	212	2019-09-30	1	8.00	\N	t	[9]	7	3	t	2019-10-02 11:18:02.923+00	2019-10-29 08:06:24.282+00	470	\N
4038	428	3211	212	2019-10-01	1	8.00	\N	t	[9]	7	3	t	2019-10-02 11:18:03.513+00	2019-10-29 08:06:24.282+00	470	\N
4212	\N	3221	2717	2019-11-12	1	1.00	\N	t	[6]	5	4	t	2019-10-25 08:18:33.54+00	2019-11-25 08:52:19.664+00	482	\N
4039	428	3211	212	2019-10-03	1	8.00	\N	t	[9]	7	3	t	2019-10-02 11:18:03.964+00	2019-10-29 08:06:24.282+00	470	\N
4008	\N	\N	2698	2019-09-18	2	5.00		f	\N	2	4	t	2019-09-24 08:02:10.574+00	2019-10-07 09:52:56.833+00	\N	\N
4007	\N	\N	2698	2019-09-17	2	5.00		f	\N	2	4	t	2019-09-24 08:02:10.372+00	2019-10-07 09:52:56.833+00	\N	\N
4006	\N	\N	2698	2019-09-16	2	5.00		f	\N	2	4	t	2019-09-24 08:02:10.111+00	2019-10-07 09:52:56.833+00	\N	\N
4011	\N	\N	2698	2019-09-21	2	5.00		f	\N	2	4	t	2019-09-24 08:02:13.564+00	2019-10-07 09:52:56.833+00	\N	\N
4086	\N	\N	2717	2019-10-10	2	8.00		f	\N	2	3	t	2019-10-08 14:44:26.373+00	2019-10-21 07:07:12.175+00	\N	\N
4040	428	3211	212	2019-10-04	1	8.00	\N	t	[9]	7	3	t	2019-10-02 11:18:04.712+00	2019-10-29 08:06:24.282+00	470	\N
4089	\N	3229	2698	2019-10-11	1	0.00		t	[6]	3	3	t	2019-10-09 06:19:34.055+00	2019-10-11 08:20:10.144+00	489	\N
4082	\N	\N	2717	2019-10-08	2	10.00	1d	f	\N	2	3	t	2019-10-08 07:05:49.511+00	2019-10-21 07:07:12.175+00	\N	\N
4041	\N	3221	2697	2019-09-30	1	8.00	\N	t	[8,2]	1	3	t	2019-10-02 11:21:13.622+00	2019-10-02 11:26:01.322+00	482	\N
4042	\N	3221	2697	2019-10-01	1	8.00	\N	t	[8,2]	1	3	t	2019-10-02 11:21:14.099+00	2019-10-02 11:26:01.322+00	482	\N
4043	\N	3221	2697	2019-10-02	1	8.00	\N	t	[8,2]	1	3	t	2019-10-02 11:21:14.608+00	2019-10-02 11:26:01.322+00	482	\N
4044	\N	3221	2697	2019-10-03	1	8.00	\N	t	[8,2]	1	3	t	2019-10-02 11:21:15.051+00	2019-10-02 11:26:01.322+00	482	\N
4045	\N	3221	2697	2019-10-04	1	8.00	\N	t	[8,2]	1	3	t	2019-10-02 11:21:15.587+00	2019-10-02 11:26:01.322+00	482	\N
4098	\N	\N	2728	2019-10-10	2	1.00		t	[2]	2	4	t	2019-10-10 12:27:38.985+00	2019-10-22 07:45:16.85+00	480	\N
4095	\N	\N	2759	2019-10-08	2	12.00	ss	f	[5]	2	3	t	2019-10-10 11:04:28.654+00	2019-10-17 14:53:49.372+00	498	\N
4109	\N	\N	2728	2019-10-12	2	8.00		f	[2]	2	4	t	2019-10-10 12:32:18.477+00	2019-10-22 07:45:16.85+00	480	\N
4252	436	3219	2728	2019-10-21	1	8.00	\N	t	[2]	3	4	t	2019-10-25 09:54:36.529+00	2019-10-29 14:20:24.259+00	480	\N
4193	438	3367	2759	2019-10-17	1	2.00	\N	t	[5]	5	3	t	2019-10-24 14:29:03.88+00	2019-10-24 14:29:06.28+00	480	\N
4117	\N	3234	2759	2019-10-15	1	1.00	\N	t	[5]	5	3	t	2019-10-15 12:18:07.721+00	2019-10-24 14:29:06.28+00	498	\N
4119	437	3329	2759	2019-10-16	1	1.00	\N	t	[5]	5	4	t	2019-10-15 12:53:53.346+00	2019-10-24 13:20:00.511+00	480	\N
4261	\N	3221	2717	2020-01-16	1	6.00	\N	t	[6]	5	3	t	2019-10-28 12:22:16.224+00	2019-10-28 12:22:27.797+00	482	\N
4161	\N	\N	2717	2019-09-30	2	0.00	cc	f	\N	2	3	t	2019-10-20 10:32:44.002+00	2019-10-29 06:46:42.475+00	0	\N
4021	\N	\N	2727	2019-10-02	3	1.00	\N	t	[2]	2	2	t	2019-10-02 08:08:58.712+00	2019-10-29 06:57:56.169+00	477	\N
4022	\N	\N	2727	2019-10-02	5	1.00	\N	f	\N	2	2	t	2019-10-02 08:12:31.711+00	2019-10-29 06:57:56.169+00	0	\N
4052	\N	\N	2727	2019-09-26	2	5.00	\N	t	[2]	2	1	t	2019-10-02 11:44:59.05+00	2019-10-02 11:44:59.05+00	477	\N
4048	\N	\N	2727	2019-10-05	2	2.00	\N	f	\N	2	2	t	2019-10-02 11:43:19.043+00	2019-10-29 06:57:56.169+00	0	\N
4092	\N	\N	2759	2019-10-07	8	2.00		f	\N	2	2	t	2019-10-09 12:47:18.056+00	2019-10-21 12:55:49.422+00	\N	\N
4049	\N	\N	2727	2019-10-06	2	2.00	\N	f	\N	2	2	t	2019-10-02 11:43:20.427+00	2019-10-29 06:57:56.169+00	0	\N
4087	\N	\N	2717	2019-10-07	2	8.00		f	\N	2	3	t	2019-10-08 14:44:34.12+00	2019-10-21 07:07:12.175+00	\N	\N
4084	\N	\N	2717	2019-10-08	1	10.00	1d	f	\N	2	3	t	2019-10-08 14:11:51.067+00	2019-10-21 07:07:12.175+00	\N	\N
4093	\N	\N	2717	2019-10-13	2	0.00		f	\N	2	3	t	2019-10-10 08:36:29.98+00	2019-10-21 07:07:12.175+00	\N	\N
4050	\N	\N	2727	2019-10-01	2	2.00	\N	f	\N	2	2	t	2019-10-02 11:43:21.432+00	2019-10-29 06:57:56.169+00	0	\N
4051	\N	\N	2727	2019-09-30	2	2.00	\N	f	\N	2	2	t	2019-10-02 11:43:23.728+00	2019-10-29 06:57:56.169+00	0	\N
4059	\N	\N	2710	2019-09-23	2	20.00	\N	t	\N	2	1	t	2019-10-03 11:44:31.721+00	2019-10-03 11:44:34.613+00	\N	\N
4083	\N	3229	2698	2019-10-09	1	0.00		t	[6]	3	3	t	2019-10-08 08:04:01.367+00	2019-10-11 08:20:10.144+00	489	\N
4080	\N	3228	2698	2019-10-08	1	8.00	 	t	[6]	3	3	t	2019-10-08 06:19:00.829+00	2019-10-11 08:20:10.144+00	489	\N
4078	\N	3220	2725	2019-10-04	1	8.00	\N	t	[2]	5	2	t	2019-10-04 08:02:12.18+00	2019-10-04 08:05:12.139+00	481	\N
4262	\N	3221	2717	2019-12-30	1	1.00	dddd	t	[6]	7	1	t	2019-10-28 12:51:48.356+00	2019-10-28 12:51:52.122+00	482	\N
4060	\N	\N	2710	2019-09-27	2	41.00	\N	t	\N	2	1	t	2019-10-03 11:45:12.653+00	2019-10-30 11:45:18.806+00	\N	\N
4058	\N	\N	2732	2019-09-27	2	21.00	\N	t	\N	2	4	t	2019-10-03 11:14:09.223+00	2019-10-03 11:14:11.403+00	\N	\N
4056	\N	\N	2732	2019-09-23	2	20.00	\N	t	\N	2	4	t	2019-10-03 11:13:04.865+00	2019-10-03 11:13:07.7+00	\N	\N
4066	428	3083	183	2019-09-30	1	8.00	\N	t	[6]	3	2	t	2019-10-04 07:35:25.109+00	2019-10-29 08:05:52.692+00	470	\N
4067	428	3083	183	2019-10-01	1	8.00	\N	t	[6]	3	2	t	2019-10-04 07:35:25.337+00	2019-10-29 08:05:52.692+00	470	\N
4068	428	3083	183	2019-10-02	1	8.00	\N	t	[6]	3	2	t	2019-10-04 07:35:25.52+00	2019-10-29 08:05:52.692+00	470	\N
4260	\N	3221	2717	2019-12-28	1	6.00	\N	t	[6]	5	3	t	2019-10-27 18:10:09.439+00	2019-10-27 18:10:12.79+00	482	\N
4069	428	3083	183	2019-10-03	1	8.00		t	[6]	3	2	t	2019-10-04 07:35:25.772+00	2019-10-29 08:05:52.692+00	470	\N
4070	428	3083	183	2019-10-04	1	8.00		t	[6]	3	2	t	2019-10-04 07:35:25.954+00	2019-10-29 08:05:52.692+00	470	\N
4270	436	3219	2728	2019-10-30	1	5.00		f	[2]	7	4	t	2019-10-31 11:15:01.328+00	2019-11-22 13:06:10.159+00	480	\N
4096	\N	\N	2759	2019-10-09	4	2.00	\N	t	[5]	2	3	t	2019-10-10 11:04:48.72+00	2019-10-17 14:53:49.372+00	498	\N
4110	\N	\N	2759	2019-10-08	4	6.00	\N	t	[5]	2	3	t	2019-10-11 08:05:03.139+00	2019-10-17 14:53:49.372+00	480	\N
4182	\N	\N	2717	2019-10-31	2	5.00		f	\N	2	4	t	2019-10-23 13:35:50.623+00	2019-11-25 11:03:20.313+00	\N	\N
4187	\N	3221	2717	2019-10-28	1	9.00		t	[6]	3	3	t	2019-10-24 09:10:36.564+00	2019-11-25 11:03:28.37+00	482	\N
4214	\N	\N	2717	2019-11-09	2	12.00	\N	t	[6]	2	2	t	2019-10-25 08:29:58.976+00	2019-11-05 07:26:51.129+00	482	\N
4071	426	3113	102	2019-09-30	1	8.00	\N	t	[2]	3	2	t	2019-10-04 07:36:02.878+00	2019-11-22 06:43:14.07+00	472	\N
4247	\N	\N	2717	2019-12-02	2	12.00	\N	f	[10]	2	3	t	2019-10-25 08:36:38.714+00	2019-10-25 08:36:47.097+00	485	\N
4253	436	3219	2728	2019-10-22	1	8.00	\N	t	[2]	3	4	t	2019-10-25 09:54:37.474+00	2019-10-29 14:20:24.259+00	480	\N
4167	\N	3404	2718	2019-10-24	1	9.00		t	[5]	3	2	t	2019-10-21 14:30:54.679+00	2019-10-25 09:54:16.738+00	505	\N
4062	\N	\N	2717	2019-10-02	2	0.00	rgtgtre	f	\N	2	3	t	2019-10-03 09:51:07.88+00	2019-10-11 08:26:23.691+00	0	\N
4061	\N	\N	2717	2019-10-03	2	0.00	new old new	f	\N	2	3	t	2019-10-03 09:50:26.951+00	2019-10-11 08:26:23.691+00	0	\N
4065	\N	\N	2717	2019-10-01	2	0.00	cmt	f	\N	2	3	t	2019-10-03 10:56:18.222+00	2019-10-11 08:26:23.691+00	0	\N
4258	436	3243	2728	2019-10-21	1	4.00	\N	t	[2]	3	4	t	2019-10-25 09:55:22.838+00	2019-10-29 14:20:24.259+00	480	\N
4072	426	3113	102	2019-10-01	1	8.00	\N	t	[2]	3	2	t	2019-10-04 07:36:03.134+00	2019-11-22 06:43:14.07+00	472	\N
4073	426	3113	102	2019-10-02	1	8.00	\N	t	[2]	3	2	t	2019-10-04 07:36:03.392+00	2019-11-22 06:43:14.07+00	472	\N
4074	426	3113	102	2019-10-03	1	8.00	\N	t	[2]	3	2	t	2019-10-04 07:36:03.509+00	2019-11-22 06:43:14.07+00	472	\N
4259	\N	3239	2728	2019-10-25	1	5.00		t	[2]	3	4	t	2019-10-25 09:55:55.479+00	2019-10-29 14:20:24.259+00	475	\N
4075	426	3113	102	2019-10-04	1	8.00	\N	t	[2]	3	2	t	2019-10-04 07:36:04.834+00	2019-11-22 06:43:14.07+00	472	\N
4173	\N	3221	2717	2019-10-23	1	12.00	\N	t	[6]	7	2	t	2019-10-23 11:23:19.092+00	2019-11-24 18:37:09.024+00	482	\N
4113	\N	\N	2728	2019-10-11	6	4.00		t	[2]	2	3	t	2019-10-11 10:20:47.173+00	2019-10-21 10:53:22.013+00	475	\N
4099	\N	\N	2728	2019-10-09	8	2.00	\N	t	[2]	2	3	t	2019-10-10 12:27:40.424+00	2019-10-21 10:53:22.013+00	475	\N
4103	\N	\N	2728	2019-10-08	6	3.00		t	[2]	2	3	t	2019-10-10 12:32:07.4+00	2019-10-21 10:53:22.013+00	475	\N
4105	\N	\N	2728	2019-10-12	6	1.00		f	[2]	2	3	t	2019-10-10 12:32:14.09+00	2019-10-21 10:53:22.013+00	475	\N
4215	\N	3221	2717	2019-11-24	1	1.00	\N	t	[6]	5	2	t	2019-10-25 08:30:42.838+00	2019-11-22 13:48:34.56+00	482	\N
4263	\N	3220	2717	2019-12-30	1	1.00	dddd	t	[1]	7	1	t	2019-10-28 12:53:14.337+00	2019-10-28 12:53:18.311+00	481	\N
4191	\N	3221	2717	2019-10-16	1	1.00	\N	t	[6]	5	3	t	2019-10-24 14:25:01.066+00	2019-10-24 14:25:23.433+00	482	\N
4172	\N	3221	2717	2019-10-21	1	2.00	mkkk	t	[6]	5	2	t	2019-10-23 11:22:36.889+00	2019-11-24 18:37:09.024+00	482	\N
4100	\N	3219	2728	2019-10-09	1	3.00		t	[2]	7	4	t	2019-10-10 12:27:42.966+00	2019-10-22 07:45:16.85+00	480	\N
4101	\N	\N	2728	2019-10-08	3	1.00	\N	t	[2]	2	4	t	2019-10-10 12:32:04.1+00	2019-10-22 07:45:16.85+00	480	\N
4112	\N	\N	2728	2019-10-11	8	3.00		t	[2]	2	4	t	2019-10-11 10:20:45.543+00	2019-10-22 07:45:16.85+00	480	\N
4102	\N	\N	2728	2019-10-08	8	2.00	\N	t	[2]	2	4	t	2019-10-10 12:32:05.02+00	2019-10-22 07:45:16.85+00	480	\N
4106	\N	\N	2728	2019-10-12	8	1.00		f	[2]	2	4	t	2019-10-10 12:32:14.865+00	2019-10-22 07:45:16.85+00	480	\N
4254	436	3219	2728	2019-10-23	1	8.00	\N	t	[2]	3	4	t	2019-10-25 09:54:38.339+00	2019-10-29 14:20:24.259+00	480	\N
4248	\N	\N	2717	2019-12-05	3	2.00	\N	t	[6]	2	3	t	2019-10-25 08:36:45.511+00	2019-10-25 08:36:47.097+00	482	\N
4168	\N	3404	2718	2019-10-23	1	4.00	\N	t	[5]	3	2	t	2019-10-21 14:30:55.959+00	2019-10-25 09:54:16.738+00	505	\N
4192	\N	3221	2717	2019-10-14	1	1.00	\N	t	[6]	7	3	t	2019-10-24 14:26:29.232+00	2019-10-24 14:26:32.728+00	482	\N
4108	\N	\N	2728	2019-10-12	8	1.00		t	[2]	2	3	t	2019-10-10 12:32:16.292+00	2019-10-21 10:53:22.013+00	475	\N
4264	\N	3407	2759	2019-10-28	1	1.00	sssss	t	[5]	7	1	t	2019-10-28 12:58:19.859+00	2019-10-28 12:58:50.131+00	507	\N
4175	\N	\N	2717	2019-10-24	5	1.00	\N	f	\N	2	2	t	2019-10-23 11:28:10.091+00	2019-11-24 18:36:57.693+00	0	\N
4156	437	3329	2759	2019-10-14	1	0.00		f	[5]	5	4	t	2019-10-16 11:19:39.865+00	2019-10-24 13:20:00.511+00	480	\N
4157	438	3287	2759	2019-10-14	1	0.00		t	[5]	5	4	t	2019-10-16 11:20:04.638+00	2019-10-24 13:20:00.511+00	480	\N
4158	437	3329	2759	2019-10-15	1	0.00		t	[5]	5	4	t	2019-10-16 11:20:56.089+00	2019-10-24 13:20:00.511+00	480	\N
4249	\N	3221	2717	2019-12-13	1	1.00	\N	t	[6]	5	3	t	2019-10-25 08:44:27.622+00	2019-10-25 08:45:29.569+00	482	\N
4104	\N	3219	2728	2019-10-12	1	1.00		f	[2]	7	4	t	2019-10-10 12:32:13.455+00	2019-10-22 07:45:16.85+00	480	\N
4111	\N	\N	2728	2019-10-11	3	2.00		t	[2]	2	4	t	2019-10-11 10:20:44.377+00	2019-10-22 07:45:16.85+00	480	\N
4107	\N	\N	2728	2019-10-12	3	1.00		t	[2]	2	4	t	2019-10-10 12:32:15.567+00	2019-10-22 07:45:16.85+00	480	\N
4114	437	\N	2728	2019-10-10	2	23.00		t	[2]	2	4	t	2019-10-11 10:24:22.634+00	2019-10-22 07:45:16.85+00	480	\N
4169	\N	3404	2718	2019-10-25	1	4.00		f	[5]	3	2	t	2019-10-21 14:30:58.422+00	2019-10-25 09:54:16.738+00	505	\N
4255	436	3219	2728	2019-10-24	1	8.00	\N	t	[2]	3	4	t	2019-10-25 09:54:40.226+00	2019-10-29 14:20:24.259+00	480	\N
4267	\N	3408	2728	2019-10-28	1	4.00	\N	t	[5]	5	3	t	2019-10-28 13:12:25.493+00	2019-11-25 09:58:37.522+00	508	\N
4250	\N	\N	2717	2019-12-12	2	1.00	\N	t	[6]	2	3	t	2019-10-25 08:44:34.593+00	2019-10-25 08:45:29.569+00	482	\N
4170	\N	\N	2718	2019-10-26	2	8.00		f	[5]	2	2	t	2019-10-21 14:35:39.581+00	2019-10-25 09:54:16.738+00	505	\N
4256	436	3243	2728	2019-10-23	1	4.00	\N	t	[2]	3	4	t	2019-10-25 09:55:18.831+00	2019-10-29 14:20:24.259+00	480	\N
4265	436	3219	2728	2019-10-28	1	1.00		t	[2]	7	4	t	2019-10-28 13:08:57.676+00	2019-11-22 13:06:10.159+00	480	\N
4176	\N	3221	2717	2019-10-23	1	1.00	\N	t	[6]	3	2	t	2019-10-23 11:29:56.101+00	2019-11-24 18:37:09.024+00	482	\N
4251	\N	3221	2717	2019-12-20	1	1.00	\N	t	[6]	5	3	t	2019-10-25 08:51:52.976+00	2019-10-25 08:51:54.726+00	482	\N
4171	\N	3404	2718	2019-10-22	1	9.00		f	[5]	5	2	t	2019-10-22 05:58:46.398+00	2019-10-25 09:54:16.738+00	505	\N
4266	\N	3408	2728	2019-10-28	1	1.00	\N	t	[5]	3	3	t	2019-10-28 13:12:13.653+00	2019-11-25 09:58:37.522+00	508	\N
4257	436	3243	2728	2019-10-24	1	4.00	\N	t	[2]	3	4	t	2019-10-25 09:55:19.984+00	2019-10-29 14:20:24.259+00	480	\N
4090	\N	\N	2717	2019-10-14	2	10.00	jjj	f	\N	2	3	t	2019-10-09 09:08:35.545+00	2019-10-24 14:25:23.433+00	\N	\N
4023	\N	\N	2727	2019-10-02	4	1.00	\N	t	[2]	2	2	t	2019-10-02 08:13:29.868+00	2019-10-29 06:57:56.169+00	477	\N
4024	\N	\N	2727	2019-10-02	7	1.00	\N	f	\N	2	2	t	2019-10-02 08:13:30.782+00	2019-10-29 06:57:56.169+00	0	\N
4025	\N	\N	2727	2019-10-02	8	1.00	\N	t	[2]	2	2	t	2019-10-02 08:13:32.995+00	2019-10-29 06:57:56.169+00	477	\N
4026	\N	\N	2727	2019-10-02	6	1.00	\N	t	[2]	2	2	t	2019-10-02 08:14:01.874+00	2019-10-29 06:57:56.169+00	477	\N
4027	\N	\N	2727	2019-10-02	2	12.00		f	\N	2	2	t	2019-10-02 08:14:04.152+00	2019-10-29 06:57:56.169+00	\N	\N
4046	\N	\N	2727	2019-10-03	2	2.00	\N	f	\N	2	2	t	2019-10-02 11:43:16.692+00	2019-10-29 06:57:56.169+00	0	\N
4047	\N	\N	2727	2019-10-04	2	20.00	\N	f	\N	2	2	t	2019-10-02 11:43:18.218+00	2019-10-29 06:57:56.169+00	0	\N
4178	\N	\N	2717	2019-10-23	2	1.00	\N	f	\N	2	2	t	2019-10-23 11:30:23.102+00	2019-11-24 18:36:57.693+00	0	\N
4268	424	3211	212	2019-10-05	1	0.00		f	[9,10]	7	3	t	2019-10-29 08:05:44.093+00	2019-10-29 08:06:24.282+00	470	\N
4116	\N	\N	2717	2019-10-15	2	9.00	\N	t	[1,10]	2	3	t	2019-10-15 12:17:42.535+00	2019-10-25 08:29:49.047+00	475	\N
4179	\N	3221	2717	2019-10-30	1	1.00		t	[6]	5	3	t	2019-10-23 12:08:07.545+00	2019-11-25 11:03:28.37+00	482	\N
4154	\N	\N	2717	2019-10-15	2	0.00		f	\N	2	3	t	2019-10-16 10:13:04.075+00	2019-10-24 14:25:23.433+00	\N	\N
4091	\N	\N	2717	2019-10-14	4	0.00		f	\N	2	3	t	2019-10-09 11:39:59.141+00	2019-10-24 14:25:23.433+00	0	\N
4120	435	\N	2717	2019-10-16	2	9.00	\N	t	[1,10]	2	3	t	2019-10-16 07:32:28.523+00	2019-10-25 08:29:49.047+00	475	\N
4180	\N	3221	2717	2019-11-06	1	1.00	www	t	[6]	3	2	t	2019-10-23 12:11:25.636+00	2019-11-05 07:26:51.129+00	482	\N
4115	\N	\N	2717	2019-10-15	4	2.00		f	\N	2	3	t	2019-10-15 12:17:15.122+00	2019-10-24 14:25:23.433+00	\N	\N
\.


--
-- Data for Name: timesheets_draft; Type: TABLE DATA; Schema: public; Owner: track
--

COPY public.timesheets_draft (id, task_id, user_id, type_id, task_status_id, is_visible, created_at, updated_at, on_date, project_id) FROM stdin;
4063	3090	1	1	3	t	2019-06-12 17:51:42.236+00	2019-06-12 17:51:42.236+00	2019-06-12	470
4067	3093	266	1	3	t	2019-06-13 09:59:50.868+00	2019-06-13 09:59:50.868+00	2019-06-13	471
4068	3098	212	1	3	t	2019-06-13 10:01:22.354+00	2019-06-13 10:01:22.354+00	2019-06-13	471
4070	3100	239	1	3	t	2019-06-13 11:11:27.105+00	2019-06-13 11:11:27.105+00	2019-06-13	471
4072	3107	186	1	3	t	2019-06-13 11:58:33.647+00	2019-06-13 11:58:33.647+00	2019-06-13	470
4073	3108	186	1	3	t	2019-06-13 11:59:06.524+00	2019-06-13 11:59:06.524+00	2019-06-13	470
4076	3114	102	1	3	t	2019-06-13 15:09:44.684+00	2019-06-13 15:09:44.684+00	2019-06-13	472
4077	3113	102	1	5	t	2019-06-13 15:09:56.801+00	2019-06-13 15:09:56.801+00	2019-06-13	472
4080	3118	102	1	3	t	2019-06-14 11:00:07.193+00	2019-06-14 11:00:07.193+00	2019-06-14	472
4085	3125	266	1	3	t	2019-06-14 18:34:48.662+00	2019-06-14 18:34:48.662+00	2019-06-14	471
4086	3134	266	1	3	t	2019-06-14 19:02:51.697+00	2019-06-14 19:02:51.697+00	2019-06-14	471
4088	3140	239	1	3	t	2019-06-14 21:22:22.357+00	2019-06-14 21:22:22.357+00	2019-06-14	471
4089	3139	239	1	3	t	2019-06-14 21:22:26.064+00	2019-06-14 21:22:26.064+00	2019-06-14	471
4090	3133	239	1	3	t	2019-06-14 21:34:30.707+00	2019-06-14 21:34:30.707+00	2019-06-14	471
4091	3120	239	1	3	t	2019-06-15 20:43:25.602+00	2019-06-15 20:43:25.602+00	2019-06-15	471
4092	3128	239	1	3	t	2019-06-15 20:46:49.953+00	2019-06-15 20:46:49.953+00	2019-06-15	471
4093	3126	239	1	3	t	2019-06-15 21:26:03.848+00	2019-06-15 21:26:03.848+00	2019-06-15	471
4094	3124	239	1	3	t	2019-06-16 07:32:43.424+00	2019-06-16 07:32:43.424+00	2019-06-16	471
4095	3141	212	1	3	t	2019-06-16 08:58:55.791+00	2019-06-16 08:58:55.791+00	2019-06-16	471
4097	3138	336	1	3	t	2019-06-16 10:18:52.085+00	2019-06-16 10:18:52.085+00	2019-06-16	471
4098	3127	336	1	3	t	2019-06-16 10:18:57.118+00	2019-06-16 10:18:57.118+00	2019-06-16	471
4099	3135	186	1	3	t	2019-06-16 10:47:48.146+00	2019-06-16 10:47:48.146+00	2019-06-16	471
4100	3137	266	1	3	t	2019-06-16 12:02:24.436+00	2019-06-16 12:02:24.436+00	2019-06-16	471
4103	3155	266	1	3	t	2019-06-16 18:01:47.922+00	2019-06-16 18:01:47.922+00	2019-06-16	471
4104	3149	266	1	3	t	2019-06-16 18:02:03.817+00	2019-06-16 18:02:03.817+00	2019-06-16	471
4105	3150	266	1	3	t	2019-06-16 18:17:05.011+00	2019-06-16 18:17:05.011+00	2019-06-16	471
4106	3147	239	1	3	t	2019-06-16 19:28:05.697+00	2019-06-16 19:28:05.697+00	2019-06-16	471
4107	3158	239	1	3	t	2019-06-16 20:47:24.706+00	2019-06-16 20:47:24.706+00	2019-06-16	471
4108	3151	239	1	3	t	2019-06-16 20:47:29.04+00	2019-06-16 20:47:29.04+00	2019-06-16	471
4109	3152	239	1	3	t	2019-06-16 20:47:32.94+00	2019-06-16 20:47:32.94+00	2019-06-16	471
4110	3159	239	1	3	t	2019-06-16 20:47:41.836+00	2019-06-16 20:47:41.836+00	2019-06-16	471
4111	3161	212	1	3	t	2019-06-17 06:20:09.441+00	2019-06-17 06:20:09.441+00	2019-06-17	471
4112	3146	212	1	3	t	2019-06-17 06:51:26.57+00	2019-06-17 06:51:26.57+00	2019-06-17	471
4113	3162	266	1	3	t	2019-06-17 07:20:28.844+00	2019-06-17 07:20:28.844+00	2019-06-17	471
4118	3165	266	1	3	t	2019-06-17 09:55:25.895+00	2019-06-17 09:55:25.895+00	2019-06-17	471
4122	3177	266	1	3	t	2019-06-18 07:00:54.202+00	2019-06-18 07:00:54.202+00	2019-06-18	471
4124	3089	102	1	3	t	2019-06-18 08:08:39.051+00	2019-06-18 08:08:39.051+00	2019-06-18	470
4126	3114	102	1	5	t	2019-06-18 08:48:03.888+00	2019-06-18 08:48:03.888+00	2019-06-18	472
4127	3107	186	1	5	t	2019-06-18 09:54:24.551+00	2019-06-18 09:54:24.551+00	2019-06-18	470
4129	3099	183	1	5	t	2019-06-18 11:08:43.456+00	2019-06-18 11:08:43.456+00	2019-06-18	470
4131	3118	102	1	5	t	2019-06-19 06:09:03.03+00	2019-06-19 06:09:03.03+00	2019-06-19	472
4133	3196	205	1	3	t	2019-06-19 07:35:42.025+00	2019-06-19 07:35:42.025+00	2019-06-19	470
4134	3197	205	1	3	t	2019-06-19 07:35:44.985+00	2019-06-19 07:35:44.985+00	2019-06-19	472
4135	3200	212	1	3	t	2019-06-19 07:43:49.58+00	2019-06-19 07:43:49.58+00	2019-06-19	470
4136	3203	212	1	3	t	2019-06-19 09:10:43.88+00	2019-06-19 09:10:43.88+00	2019-06-19	470
4138	3207	1	1	3	t	2019-06-19 11:31:12.717+00	2019-06-19 11:31:12.717+00	2019-06-19	470
4139	3203	266	1	5	t	2019-06-19 12:24:56.038+00	2019-06-19 12:24:56.038+00	2019-06-19	470
4141	3204	266	1	5	t	2019-06-19 12:27:32.948+00	2019-06-19 12:27:32.948+00	2019-06-19	470
4142	3194	266	1	5	t	2019-06-19 12:27:52.655+00	2019-06-19 12:27:52.655+00	2019-06-19	471
4143	3210	266	1	3	t	2019-06-19 14:41:17.965+00	2019-06-19 14:41:17.965+00	2019-06-19	471
4149	3198	266	1	7	t	2019-06-28 13:25:55.612+00	2019-06-28 13:25:55.612+00	2019-06-28	470
4150	3203	205	1	5	t	2019-06-28 13:28:50.917+00	2019-06-28 13:28:50.917+00	2019-06-28	470
4151	3198	266	1	7	t	2019-07-02 07:22:45.246+00	2019-07-02 07:22:45.246+00	2019-07-02	470
4153	3211	266	1	5	t	2019-07-02 07:25:24.984+00	2019-07-02 07:25:24.984+00	2019-07-02	470
4155	3205	266	1	5	t	2019-07-02 07:25:49.156+00	2019-07-02 07:25:49.156+00	2019-07-02	471
4156	3197	205	1	3	t	2019-07-02 07:28:46.299+00	2019-07-02 07:28:46.299+00	2019-07-02	472
4157	3200	212	1	5	t	2019-07-02 07:29:21.073+00	2019-07-02 07:29:21.073+00	2019-07-02	470
4158	3212	266	1	3	t	2019-07-02 07:34:18+00	2019-07-02 07:34:18+00	2019-07-02	470
4159	3106	266	1	3	t	2019-07-02 11:35:50.687+00	2019-07-02 11:35:50.687+00	2019-07-02	470
4160	3212	266	1	5	t	2019-07-02 11:35:53.975+00	2019-07-02 11:35:53.975+00	2019-07-02	470
4161	3179	183	1	3	t	2019-07-02 11:36:13.885+00	2019-07-02 11:36:13.885+00	2019-07-02	471
4162	3106	266	1	5	t	2019-07-02 11:36:17.024+00	2019-07-02 11:36:17.024+00	2019-07-02	470
4169	3409	2766	1	3	t	2019-10-28 13:40:21.909+00	2019-10-28 13:40:21.909+00	2019-10-28	509
4170	3410	2717	1	3	t	2019-10-29 06:54:56.033+00	2019-10-29 06:56:38.575+00	2019-10-29	510
4171	3083	102	1	3	t	2019-10-29 08:08:56.978+00	2019-10-29 08:08:56.978+00	2019-10-29	470
\.


--
-- Data for Name: timesheets_statuses; Type: TABLE DATA; Schema: public; Owner: track
--

COPY public.timesheets_statuses (id, name, name_ru, is_blocked) FROM stdin;
1	inprogress	 	f
2	rejected		f
3	submitted		t
4	approved		t
\.


--
-- Data for Name: timesheets_types; Type: TABLE DATA; Schema: public; Owner: track
--

COPY public.timesheets_types (id, name, code_name, is_magic_activity, "order", name_en) FROM stdin;
1	Implementation	IMPLEMENTATION	f	0	Implementation
2		MEETING	t	1	Meeting
3	  	PRESALE	t	2	Presale and mark
5		VACATION	t	4	Vacation
4		EDUCATION	t	3	Education
7		HOSPITAL	t	6	Hospital
8		CONTROL	t	7	Control
6		BUSINESS_TRIP	t	5	Business trip
\.


--
-- Data for Name: tokens; Type: TABLE DATA; Schema: public; Owner: track
--

COPY public.tokens (id, token, expires, user_id) FROM stdin;
4679	eyJ0eXAiOiJKV1QiLCJhbGciOiJIUzI1NiJ9.eyJ1c2VyIjp7ImxvZ2luIjoiYXV0b3Rlc3QuYXV0b3Rlc3RvdiJ9LCJleHBpcmVzIjoiMjAxOS0xMS0xNFQwNzoyNzo1Ni4xMjJaIn0.9_XzU76MkyafrbPVGrW-8v7VlqPsO2iBRyeOs2A_Fks	2019-11-14 07:27:56+00	2941
4681	eyJ0eXAiOiJKV1QiLCJhbGciOiJIUzI1NiJ9.eyJ1c2VyIjp7ImxvZ2luIjoiYXV0b3Rlc3QuYXV0b3Rlc3RvdiJ9LCJleHBpcmVzIjoiMjAxOS0xMS0xNFQwNzozNjo0My4zNzhaIn0.3OXPVys0nB335-kxZw1Lwv2ahklOCh34RdfpTjZkTH4	2019-11-14 07:36:43+00	2941
3776	eyJ0eXAiOiJKV1QiLCJhbGciOiJIUzI1NiJ9.eyJ1c2VyIjp7ImxvZ2luIjoiYWxla3NhbmRyLmtyYXNub3YifSwiZXhwaXJlcyI6IjIwMTktMDYtMjBUMTI6MzM6MzEuNzQzWiJ9.vC5p6uz3NGtbo7g4yrZ5ypE-S2WW1_W-8ZC-gyiG99k	2019-06-20 12:33:31+00	357
4683	eyJ0eXAiOiJKV1QiLCJhbGciOiJIUzI1NiJ9.eyJ1c2VyIjp7ImxvZ2luIjoiYXV0b3Rlc3QuYXV0b3Rlc3RvdiJ9LCJleHBpcmVzIjoiMjAxOS0xMS0xNFQwODowMDozMC40NDJaIn0.WwqilESBZQ_LgbUgtCAMn0E-pswnUk6I6YRtTGA_sa8	2019-11-14 08:00:30+00	2941
4685	eyJ0eXAiOiJKV1QiLCJhbGciOiJIUzI1NiJ9.eyJ1c2VyIjp7ImxvZ2luIjoiYXV0b3Rlc3QuYXV0b3Rlc3RvdiJ9LCJleHBpcmVzIjoiMjAxOS0xMS0xNFQwOToxMjo0MS45NDRaIn0.gO8qzdZqfg4VnyhyPcVSvwVzbFBHLlni326f5pG8-c8	2019-11-14 09:12:41+00	2941
4687	eyJ0eXAiOiJKV1QiLCJhbGciOiJIUzI1NiJ9.eyJ1c2VyIjp7ImxvZ2luIjoiYXV0b3Rlc3QuYXV0b3Rlc3RvdiJ9LCJleHBpcmVzIjoiMjAxOS0xMS0xNFQxMDozODo1NS45NDVaIn0.exPkRCMnROETpUQIYYJW69uHlO2wUuK-AOfCusW3cdY	2019-11-14 10:38:55+00	2941
4689	eyJ0eXAiOiJKV1QiLCJhbGciOiJIUzI1NiJ9.eyJ1c2VyIjp7ImxvZ2luIjoiYXV0b3Rlc3QuYXV0b3Rlc3RvdiJ9LCJleHBpcmVzIjoiMjAxOS0xMS0xNFQxMDo1NDozOC45NDNaIn0.wx3Xr4uxWmKvxlkTQU89lbBwOCoMxXPSx1jKVuqG71o	2019-11-14 10:54:38+00	2941
4691	eyJ0eXAiOiJKV1QiLCJhbGciOiJIUzI1NiJ9.eyJ1c2VyIjp7ImxvZ2luIjoiYXV0b3Rlc3QuYXV0b3Rlc3RvdiJ9LCJleHBpcmVzIjoiMjAxOS0xMS0xNFQxMTowNTo1NS4zMzBaIn0.jIGKaK5YH_ShzyFVIpQbi_iTO4VzcNlk8I6gkMblkYc	2019-11-14 11:05:55+00	2941
4694	eyJ0eXAiOiJKV1QiLCJhbGciOiJIUzI1NiJ9.eyJ1c2VyIjp7ImxvZ2luIjoiYXV0b3Rlc3QuYXV0b3Rlc3RvdiJ9LCJleHBpcmVzIjoiMjAxOS0xMS0xNFQxMzo1ODo1OC4zODZaIn0.NgMIOCaNFrIaEUHpv4K_DCfkgA-JVIK7ALG_5ZjQ1Bs	2019-11-14 13:58:58+00	2941
3784	eyJ0eXAiOiJKV1QiLCJhbGciOiJIUzI1NiJ9.eyJ1c2VyIjp7ImxvZ2luIjoiaWx5YS5rYXNodGFua2luIn0sImV4cGlyZXMiOiIyMDE5LTA2LTI0VDExOjM3OjE4LjkwOVoifQ.iw92PpbLlUBcLo6WD8yqVD00q9NNjADZe1xjUeVtpJQ	2019-06-24 11:37:18+00	35
3785	eyJ0eXAiOiJKV1QiLCJhbGciOiJIUzI1NiJ9.eyJ1c2VyIjp7ImxvZ2luIjoianVsaWV0dGEuZWdvcm92YSJ9LCJleHBpcmVzIjoiMjAxOS0wNi0yNVQwNjoxMTowNi42ODZaIn0.6Clm8-zcvY9VWm_GF_OLYIt0erk46h0J-iQPe_Y6gxs	2019-06-25 06:11:06+00	205
3786	eyJ0eXAiOiJKV1QiLCJhbGciOiJIUzI1NiJ9.eyJ1c2VyIjp7ImxvZ2luIjoiYWxla3NlaS5hcnRhbW9ub3YifSwiZXhwaXJlcyI6IjIwMTktMDYtMjVUMDc6NDY6MjkuNDA5WiJ9.f1g3sXFoIUda90_8mbMZ6NtMh5iUgNKzUY58j7FsDrA	2019-06-25 07:46:29+00	344
4696	eyJ0eXAiOiJKV1QiLCJhbGciOiJIUzI1NiJ9.eyJ1c2VyIjp7ImxvZ2luIjoiYXV0b3Rlc3QuYXV0b3Rlc3RvdiJ9LCJleHBpcmVzIjoiMjAxOS0xMS0xNFQxNDowMjo1MS44MDVaIn0.CnWKofofQysp04HNebXr6uXtOEAX0abG6bFTENGvk_A	2019-11-14 14:02:51+00	2941
4698	eyJ0eXAiOiJKV1QiLCJhbGciOiJIUzI1NiJ9.eyJ1c2VyIjp7ImxvZ2luIjoiYXV0b3Rlc3QuYXV0b3Rlc3RvdiJ9LCJleHBpcmVzIjoiMjAxOS0xMS0xNFQxNDowNzozNC4zNDZaIn0.7e_lFgvEYJwzdIv7V0NYJ9zTRY0lOVbGso-vZ8EpIUQ	2019-11-14 14:07:34+00	2941
4700	eyJ0eXAiOiJKV1QiLCJhbGciOiJIUzI1NiJ9.eyJ1c2VyIjp7ImxvZ2luIjoiYXV0b3Rlc3QuYXV0b3Rlc3RvdiJ9LCJleHBpcmVzIjoiMjAxOS0xMS0xNFQxNDoxMDo0MC40NjVaIn0.aXDNze375fO3a8jkaYlfAuxi_7uXXf3LamO-3uOYg2g	2019-11-14 14:10:40+00	2941
4702	eyJ0eXAiOiJKV1QiLCJhbGciOiJIUzI1NiJ9.eyJ1c2VyIjp7ImxvZ2luIjoiYXV0b3Rlc3QuYXV0b3Rlc3RvdiJ9LCJleHBpcmVzIjoiMjAxOS0xMS0xNFQxNDoxNTo0OS41MzVaIn0.kk0Mv7lfZkN7SBUo3XVEpE5qxB1j3Lv_9-BF0CC0hJ8	2019-11-14 14:15:49+00	2941
3791	eyJ0eXAiOiJKV1QiLCJhbGciOiJIUzI1NiJ9.eyJ1c2VyIjp7ImxvZ2luIjoiaWx5YS5rYXNodGFua2luIn0sImV4cGlyZXMiOiIyMDE5LTA2LTI2VDA4OjE0OjMwLjU0MVoifQ.s6fb61IwuzLoNUzvHRCqcMt1hvFgk2Nz619VhTgm6sw	2019-06-26 08:14:30+00	35
4704	eyJ0eXAiOiJKV1QiLCJhbGciOiJIUzI1NiJ9.eyJ1c2VyIjp7ImxvZ2luIjoiYXV0b3Rlc3QuYXV0b3Rlc3RvdiJ9LCJleHBpcmVzIjoiMjAxOS0xMS0xNFQxNDozNzoxOS43MzVaIn0.s1CxATTv9FEExKcsp95tuHMGqFcTFvu13P9za_N3nfU	2019-11-14 14:37:19+00	2941
4706	eyJ0eXAiOiJKV1QiLCJhbGciOiJIUzI1NiJ9.eyJ1c2VyIjp7ImxvZ2luIjoiYXV0b3Rlc3QuYXV0b3Rlc3RvdiJ9LCJleHBpcmVzIjoiMjAxOS0xMS0xNFQxNDo0NzoxNy42NThaIn0.Pxe8ivshSSlghvN_SotsCPjv01T-3dlEAC28bFSbbWo	2019-11-14 14:47:17+00	2941
4708	eyJ0eXAiOiJKV1QiLCJhbGciOiJIUzI1NiJ9.eyJ1c2VyIjp7ImxvZ2luIjoiYXV0b3Rlc3QuYXV0b3Rlc3RvdiJ9LCJleHBpcmVzIjoiMjAxOS0xMS0xNVQwNjoxODo0NC4yMTRaIn0.efm9Rn7l88o_IAzEXIMojQoX5BLhFHywsNgQuxuFFp8	2019-11-15 06:18:44+00	2941
4710	eyJ0eXAiOiJKV1QiLCJhbGciOiJIUzI1NiJ9.eyJ1c2VyIjp7ImxvZ2luIjoidGF0eWFuYS5iYWJpY2gifSwiZXhwaXJlcyI6IjIwMTktMTEtMjVUMTQ6Mjg6MjguNzM1WiJ9.MLmtj15XaNSVKFC3xW6O8F0iLYoBsr68S8Vqecge_r4	2019-11-25 14:28:28+00	102
4714	eyJ0eXAiOiJKV1QiLCJhbGciOiJIUzI1NiJ9.eyJ1c2VyIjp7ImxvZ2luIjoidGVzdC1hZG1pbmlzdHJhdG9yLmxhc3RuYW0gdGVzdC1hZG1pbmlzdHJhdG9yIn0sImV4cGlyZXMiOiIyMDE5LTExLTI2VDA2OjI1OjI5LjMwMFoifQ.bM-yKt6VI8Q6n5RSL2KE4OLZVhg9lHbM5jHCTP5XTTY	2019-11-26 06:25:29+00	2725
4716	eyJ0eXAiOiJKV1QiLCJhbGciOiJIUzI1NiJ9.eyJ1c2VyIjp7ImxvZ2luIjoidGVzdC1hZG1pbmlzdHJhdG9yLmxhc3RuYW0gdGVzdC1hZG1pbmlzdHJhdG9yIn0sImV4cGlyZXMiOiIyMDE5LTExLTI2VDA2OjQ2OjA5LjczN1oifQ.mcfvvvxeqWmgP1qblQCoyOx1dWTrlOpFxAskIt_MniM	2019-11-26 06:46:09+00	2725
3802	eyJ0eXAiOiJKV1QiLCJhbGciOiJIUzI1NiJ9.eyJ1c2VyIjp7ImxvZ2luIjoiYW5hc3Rhc2lhLmdvcnNoa292YSJ9LCJleHBpcmVzIjoiMjAxOS0wNy0xMVQxNDozMDo0Ny4xNDdaIn0.ps-Wv8Trfnj_RYX8TPCopoEsgymiTACfwPlcMR2Vy0Q	2019-07-11 14:30:47+00	239
3811	eyJ0eXAiOiJKV1QiLCJhbGciOiJIUzI1NiJ9.eyJ1c2VyIjp7ImxvZ2luIjoibHVkbWlsYS5rbHVldmEifSwiZXhwaXJlcyI6IjIwMTktMDctMTdUMDg6MTE6MDguMTU0WiJ9.I0zbU6tFL0UxWzVWITlE3nEIcExAZMRUTsnu3XWGXMg	2019-07-17 08:11:08+00	266
3815	eyJ0eXAiOiJKV1QiLCJhbGciOiJIUzI1NiJ9.eyJ1c2VyIjp7ImxvZ2luIjoiZGVuaXMuc21vcm9kaW4ifSwiZXhwaXJlcyI6IjIwMTktMDktMTBUMTI6NTc6MzQuNzk1WiJ9.NVi0mC_X_OLbyVskVsz3GaieO7gl4zlh_U9vKndqjM4	2019-09-10 12:57:34+00	22
3844	eyJ0eXAiOiJKV1QiLCJhbGciOiJIUzI1NiJ9.eyJ1c2VyIjp7ImxvZ2luIjoibjEubG4xIn0sImV4cGlyZXMiOiIyMDE5LTEwLTA4VDEzOjQ0OjM0Ljc3MloifQ.r7WEK9YAgSdwaaqhVyJrIL-1nvlelhmC_R5pKlYxUSU	2019-10-08 13:44:34+00	\N
4647	eyJ0eXAiOiJKV1QiLCJhbGciOiJIUzI1NiJ9.eyJ1c2VyIjp7ImxvZ2luIjoic2VtZW4uc2VtZW5vdiJ9LCJleHBpcmVzIjoiMjAxOS0xMS0wN1QxMDowNjozNi4yNzVaIn0.qlVzbuzoei6qFwXW2TS9JzJvAez_5RABD5d8ZHkxsUI	2019-11-07 10:06:36+00	2728
4665	eyJ0eXAiOiJKV1QiLCJhbGciOiJIUzI1NiJ9.eyJ1c2VyIjp7ImxvZ2luIjoiYXV0b3Rlc3QuYXV0b3Rlc3RvdiJ9LCJleHBpcmVzIjoiMjAxOS0xMS0xNFQwNjoyMDo0MC40MThaIn0.uD5_ifYWSV5MDaG-V88m07XnMg-NTZCCv1Pay3pv40c	2019-11-14 06:20:40+00	2941
4667	eyJ0eXAiOiJKV1QiLCJhbGciOiJIUzI1NiJ9.eyJ1c2VyIjp7ImxvZ2luIjoiYXV0b3Rlc3QuYXV0b3Rlc3RvdiJ9LCJleHBpcmVzIjoiMjAxOS0xMS0xNFQwNjoyNDo0Ni40NzRaIn0.EFEpJyykKYyOOQBvpfGmBuHUU4e5qc8x4C8yNLUC0dM	2019-11-14 06:24:46+00	2941
4669	eyJ0eXAiOiJKV1QiLCJhbGciOiJIUzI1NiJ9.eyJ1c2VyIjp7ImxvZ2luIjoiYXV0b3Rlc3QuYXV0b3Rlc3RvdiJ9LCJleHBpcmVzIjoiMjAxOS0xMS0xNFQwNjoyNjozMy45NDRaIn0.EKQ6OsRM9WoWEPnI6gPQ_Rbj99CRgBvoJ9cM88qgzJQ	2019-11-14 06:26:33+00	2941
4680	eyJ0eXAiOiJKV1QiLCJhbGciOiJIUzI1NiJ9.eyJ1c2VyIjp7ImxvZ2luIjoiYXV0b3Rlc3QuYXV0b3Rlc3RvdiJ9LCJleHBpcmVzIjoiMjAxOS0xMS0xNFQwNzozNTozNy4wMDhaIn0.L0qyX2lTBRQvhfjqIWO6TqWIwZXVj88_OloWsQaOsS0	2019-11-14 07:35:37+00	2941
4682	eyJ0eXAiOiJKV1QiLCJhbGciOiJIUzI1NiJ9.eyJ1c2VyIjp7ImxvZ2luIjoiYXV0b3Rlc3QuYXV0b3Rlc3RvdiJ9LCJleHBpcmVzIjoiMjAxOS0xMS0xNFQwNzo1NjowMy42NDdaIn0.Xd_idMAVKJw966VHWfE5mxLWbtp-xg1sLYPf2YuGCqU	2019-11-14 07:56:03+00	2941
4684	eyJ0eXAiOiJKV1QiLCJhbGciOiJIUzI1NiJ9.eyJ1c2VyIjp7ImxvZ2luIjoiYXV0b3Rlc3QuYXV0b3Rlc3RvdiJ9LCJleHBpcmVzIjoiMjAxOS0xMS0xNFQwOTowODo0Ni42MDNaIn0.VLyVV6vBt0_FTWu43Yz8lAjE3GfyTnnYfSu-MMHiKU0	2019-11-14 09:08:46+00	2941
4686	eyJ0eXAiOiJKV1QiLCJhbGciOiJIUzI1NiJ9.eyJ1c2VyIjp7ImxvZ2luIjoiYXV0b3Rlc3QuYXV0b3Rlc3RvdiJ9LCJleHBpcmVzIjoiMjAxOS0xMS0xNFQwOTo1MDo0Ny40MjRaIn0.05_ke91F0cJDbqDQIZrjIk7DvmYXDH0KBLKETnypa2k	2019-11-14 09:50:47+00	2941
4688	eyJ0eXAiOiJKV1QiLCJhbGciOiJIUzI1NiJ9.eyJ1c2VyIjp7ImxvZ2luIjoiYXV0b3Rlc3QuYXV0b3Rlc3RvdiJ9LCJleHBpcmVzIjoiMjAxOS0xMS0xNFQxMDo0OTowOC44NzJaIn0.IQG7MNi12uld5yzqMz4e49s2Hac2IUHdKZuw7qnk9tk	2019-11-14 10:49:08+00	2941
4690	eyJ0eXAiOiJKV1QiLCJhbGciOiJIUzI1NiJ9.eyJ1c2VyIjp7ImxvZ2luIjoiYXV0b3Rlc3QuYXV0b3Rlc3RvdiJ9LCJleHBpcmVzIjoiMjAxOS0xMS0xNFQxMDo1ODowOC4yMzVaIn0.V0O81oqAuuTbMPJh4nYFdSuKvjr2Lw6xCrlnGFxF0Ac	2019-11-14 10:58:08+00	2941
4692	eyJ0eXAiOiJKV1QiLCJhbGciOiJIUzI1NiJ9.eyJ1c2VyIjp7ImxvZ2luIjoiYXV0b3Rlc3QuYXV0b3Rlc3RvdiJ9LCJleHBpcmVzIjoiMjAxOS0xMS0xNFQxMzo1NzowNy4yMTFaIn0.SQFN68gs77CDir4KSGFJZtQhrf5v87vJxo59ZJv07yo	2019-11-14 13:57:07+00	2941
4693	eyJ0eXAiOiJKV1QiLCJhbGciOiJIUzI1NiJ9.eyJ1c2VyIjp7ImxvZ2luIjoiYXV0b3Rlc3QuYXV0b3Rlc3RvdiJ9LCJleHBpcmVzIjoiMjAxOS0xMS0xNFQxMzo1ODowMi41MTBaIn0.G9ftnmRaBW4sO-6fgIggvHresTrS-RSAtcKeCQ2sji8	2019-11-14 13:58:02+00	2941
4695	eyJ0eXAiOiJKV1QiLCJhbGciOiJIUzI1NiJ9.eyJ1c2VyIjp7ImxvZ2luIjoiYXV0b3Rlc3QuYXV0b3Rlc3RvdiJ9LCJleHBpcmVzIjoiMjAxOS0xMS0xNFQxNDowMTozMS44MTNaIn0.S9Z8nRXExdBkk7kkYJJb4Ht6ywjmvMV0JTwNu_faS_0	2019-11-14 14:01:31+00	2941
4697	eyJ0eXAiOiJKV1QiLCJhbGciOiJIUzI1NiJ9.eyJ1c2VyIjp7ImxvZ2luIjoiYXV0b3Rlc3QuYXV0b3Rlc3RvdiJ9LCJleHBpcmVzIjoiMjAxOS0xMS0xNFQxNDowNTo0NC42ODlaIn0.zHXpLNBkykJiM0C6Bmh1UpLDflMwBN4UHJ0KAtKnoqE	2019-11-14 14:05:44+00	2941
4699	eyJ0eXAiOiJKV1QiLCJhbGciOiJIUzI1NiJ9.eyJ1c2VyIjp7ImxvZ2luIjoiYXV0b3Rlc3QuYXV0b3Rlc3RvdiJ9LCJleHBpcmVzIjoiMjAxOS0xMS0xNFQxNDoxMDowMi45MjdaIn0.cQpr6f0P7ShMaIUiGs3Yuxf4mrHsoUkcfRokKdZwagk	2019-11-14 14:10:02+00	2941
4701	eyJ0eXAiOiJKV1QiLCJhbGciOiJIUzI1NiJ9.eyJ1c2VyIjp7ImxvZ2luIjoiYXV0b3Rlc3QuYXV0b3Rlc3RvdiJ9LCJleHBpcmVzIjoiMjAxOS0xMS0xNFQxNDoxMzoyOS4zMzFaIn0.o9Lf7nMVskLVjkSzIvPebeiIosmLV8ZISg3kS0xdT0k	2019-11-14 14:13:29+00	2941
4703	eyJ0eXAiOiJKV1QiLCJhbGciOiJIUzI1NiJ9.eyJ1c2VyIjp7ImxvZ2luIjoiYXV0b3Rlc3QuYXV0b3Rlc3RvdiJ9LCJleHBpcmVzIjoiMjAxOS0xMS0xNFQxNDoyODo1Ny40NjBaIn0.YY5TNfmdA48mzUWwEg3uIN5tyKoYC1Q2nX89t96jp00	2019-11-14 14:28:57+00	2941
4705	eyJ0eXAiOiJKV1QiLCJhbGciOiJIUzI1NiJ9.eyJ1c2VyIjp7ImxvZ2luIjoiYXV0b3Rlc3QuYXV0b3Rlc3RvdiJ9LCJleHBpcmVzIjoiMjAxOS0xMS0xNFQxNDozODozNC41MTdaIn0.xChnxXj2fwkR4izj2gZDVIbjz5RfoLEFbANrxWYvBOU	2019-11-14 14:38:34+00	2941
4707	eyJ0eXAiOiJKV1QiLCJhbGciOiJIUzI1NiJ9.eyJ1c2VyIjp7ImxvZ2luIjoiYXV0b3Rlc3QuYXV0b3Rlc3RvdiJ9LCJleHBpcmVzIjoiMjAxOS0xMS0xNFQxNDo1MDozNC42MDRaIn0.yAUsumxXA0qYtLfUQQeOxmoIpNuHar7xTUnyO-w1B2I	2019-11-14 14:50:34+00	2941
4709	eyJ0eXAiOiJKV1QiLCJhbGciOiJIUzI1NiJ9.eyJ1c2VyIjp7ImxvZ2luIjoiYXV0b3Rlc3QuYXV0b3Rlc3RvdiJ9LCJleHBpcmVzIjoiMjAxOS0xMS0xNVQwNjoyMDo1My4wMjlaIn0.JIIrLfIUiD7n2jecTFbubXoGaeq_leKx_KotA0AUsl0	2019-11-15 06:20:53+00	2941
4713	eyJ0eXAiOiJKV1QiLCJhbGciOiJIUzI1NiJ9.eyJ1c2VyIjp7ImxvZ2luIjoidGVzdC1hZG1pbmlzdHJhdG9yLmxhc3RuYW0gdGVzdC1hZG1pbmlzdHJhdG9yIn0sImV4cGlyZXMiOiIyMDE5LTExLTI2VDA1OjU2OjEzLjYxMVoifQ.iG4kNnYC_7xf9Lz6KnuZOkU4ZNY_UJQj6fwINimH28E	2019-11-26 05:56:13+00	2725
4715	eyJ0eXAiOiJKV1QiLCJhbGciOiJIUzI1NiJ9.eyJ1c2VyIjp7ImxvZ2luIjoidGVzdC1hZG1pbmlzdHJhdG9yLmxhc3RuYW0gdGVzdC1hZG1pbmlzdHJhdG9yIn0sImV4cGlyZXMiOiIyMDE5LTExLTI2VDA2OjM3OjA4LjU2MVoifQ.pA5bRki0WMvk-fy4ZzK9KyZMMVLz7q2CloSp_4blLTE	2019-11-26 06:37:08+00	2725
4717	eyJ0eXAiOiJKV1QiLCJhbGciOiJIUzI1NiJ9.eyJ1c2VyIjp7ImxvZ2luIjoidGVzdC1hZG1pbmlzdHJhdG9yLmxhc3RuYW0gdGVzdC1hZG1pbmlzdHJhdG9yIn0sImV4cGlyZXMiOiIyMDE5LTExLTI2VDA3OjEzOjA2LjUxMloifQ.4nrHyKMBfYmNRQNCC6xlzc99Sh9M-clLVGiUl8bN23Q	2019-11-26 07:13:06+00	2725
4718	eyJ0eXAiOiJKV1QiLCJhbGciOiJIUzI1NiJ9.eyJ1c2VyIjp7ImxvZ2luIjoidGVzdC1hZG1pbmlzdHJhdG9yLmxhc3RuYW0gdGVzdC1hZG1pbmlzdHJhdG9yIn0sImV4cGlyZXMiOiIyMDE5LTExLTI2VDA4OjA2OjQzLjk3MFoifQ.rgRqtf-cTd5vHhNlA8tbxehcrcKiTLO-h11eeBqsd2s	2019-11-26 08:06:43+00	2725
4719	eyJ0eXAiOiJKV1QiLCJhbGciOiJIUzI1NiJ9.eyJ1c2VyIjp7ImxvZ2luIjoidGVzdC1hZG1pbmlzdHJhdG9yLmxhc3RuYW0gdGVzdC1hZG1pbmlzdHJhdG9yIn0sImV4cGlyZXMiOiIyMDE5LTExLTI2VDA4OjIwOjM4LjcwOVoifQ.f75htUtq5lWeGpOkZNj0dlDYWIzRxaHJq3xQSksP3pw	2019-11-26 08:20:38+00	2725
4720	eyJ0eXAiOiJKV1QiLCJhbGciOiJIUzI1NiJ9.eyJ1c2VyIjp7ImxvZ2luIjoidGVzdC1hZG1pbmlzdHJhdG9yLmxhc3RuYW0gdGVzdC1hZG1pbmlzdHJhdG9yIn0sImV4cGlyZXMiOiIyMDE5LTExLTI2VDA4OjM4OjQ0LjIwM1oifQ.jO7AxVWeo0MNbYZiimojEnvRL0KVI7wL6U5JFi8tWUY	2019-11-26 08:38:44+00	2725
4721	eyJ0eXAiOiJKV1QiLCJhbGciOiJIUzI1NiJ9.eyJ1c2VyIjp7ImxvZ2luIjoidGVzdC1hZG1pbmlzdHJhdG9yLmxhc3RuYW0gdGVzdC1hZG1pbmlzdHJhdG9yIn0sImV4cGlyZXMiOiIyMDE5LTExLTI2VDA4OjQwOjAwLjk2M1oifQ.97fWCTTBtaVwllVfuh8axMLEI2n-VCQvwN3C74Bt_eU	2019-11-26 08:40:00+00	2725
4570	eyJ0eXAiOiJKV1QiLCJhbGciOiJIUzI1NiJ9.eyJ1c2VyIjp7ImxvZ2luIjoiYXZhdGFyLmF2YXRhcm92In0sImV4cGlyZXMiOiIyMDE5LTExLTA0VDEwOjU4OjQxLjMyMVoifQ.ej21nzi40NXCojkAQhB5rCKxF8v9g4VKsOlRqaILpI8	2019-11-04 10:58:41+00	2940
4653	eyJ0eXAiOiJKV1QiLCJhbGciOiJIUzI1NiJ9.eyJ1c2VyIjp7ImxvZ2luIjoiYXV0b3Rlc3QuYXV0b3Rlc3RvdiJ9LCJleHBpcmVzIjoiMjAxOS0xMS0xM1QxMjo1NzoyOS41MTlaIn0.NmcZ7ybwqhbrusbs7Q0D3St3DJx5aS7YJ2cfSg7GK7A	2019-11-13 12:57:29+00	2941
4664	eyJ0eXAiOiJKV1QiLCJhbGciOiJIUzI1NiJ9.eyJ1c2VyIjp7ImxvZ2luIjoiYXV0b3Rlc3QuYXV0b3Rlc3RvdiJ9LCJleHBpcmVzIjoiMjAxOS0xMS0xM1QxMzo1NToyNS41OTdaIn0.KKZpA_NdK3_IG4oR284R4yj0mHhhDlEJTvmZQnvdtjY	2019-11-13 13:55:25+00	2941
4666	eyJ0eXAiOiJKV1QiLCJhbGciOiJIUzI1NiJ9.eyJ1c2VyIjp7ImxvZ2luIjoiYXV0b3Rlc3QuYXV0b3Rlc3RvdiJ9LCJleHBpcmVzIjoiMjAxOS0xMS0xNFQwNjoyMjowNi44NzdaIn0.bc1rwn1e0rNqbPnGofgGF77K0PVDdpVmAz6kgghsHxM	2019-11-14 06:22:06+00	2941
4668	eyJ0eXAiOiJKV1QiLCJhbGciOiJIUzI1NiJ9.eyJ1c2VyIjp7ImxvZ2luIjoiYXV0b3Rlc3QuYXV0b3Rlc3RvdiJ9LCJleHBpcmVzIjoiMjAxOS0xMS0xNFQwNjoyNjowMC4zMTRaIn0.OMmdcP6RGj1oXDOz14N5CSaoIM9YnHhVl2srgVb6240	2019-11-14 06:26:00+00	2941
4670	eyJ0eXAiOiJKV1QiLCJhbGciOiJIUzI1NiJ9.eyJ1c2VyIjp7ImxvZ2luIjoiYXV0b3Rlc3QuYXV0b3Rlc3RvdiJ9LCJleHBpcmVzIjoiMjAxOS0xMS0xNFQwNjozNDoyOS43ODNaIn0.v_-Ek5JDRe67Yos2lIzKqur2tNu-CwyQ6qOggFnJoMo	2019-11-14 06:34:29+00	2941
4722	eyJ0eXAiOiJKV1QiLCJhbGciOiJIUzI1NiJ9.eyJ1c2VyIjp7ImxvZ2luIjoidGVzdC1hZG1pbmlzdHJhdG9yLmxhc3RuYW0gdGVzdC1hZG1pbmlzdHJhdG9yIn0sImV4cGlyZXMiOiIyMDE5LTExLTI2VDA4OjU1OjA5LjQ4N1oifQ.FkmrF0RMJdF0RXEW2ztaS5znjFbP6RXaOEWBg73ECHA	2019-11-26 08:55:09+00	2725
4723	eyJ0eXAiOiJKV1QiLCJhbGciOiJIUzI1NiJ9.eyJ1c2VyIjp7ImxvZ2luIjoiYWRtLmFkbSJ9LCJleHBpcmVzIjoiMjAxOS0xMS0yOVQwNTo0ODowMC44MDdaIn0.LEkFgguHnxY-BZn7omeK_YnLlarySfE79x-s77aRcto	2019-11-29 05:48:00+00	2717
4725	eyJ0eXAiOiJKV1QiLCJhbGciOiJIUzI1NiJ9.eyJ1c2VyIjp7ImxvZ2luIjoiYWRtLmFkbSJ9LCJleHBpcmVzIjoiMjAxOS0xMi0wMlQwOTo1NzoyNy41NjBaIn0.mYTHA2L7wzSznwzQrBHmBMxGr6GEk8j3dVpg-v8w11g	2019-12-02 09:57:27+00	2717
4727	eyJ0eXAiOiJKV1QiLCJhbGciOiJIUzI1NiJ9.eyJ1c2VyIjp7ImxvZ2luIjoiYWRtLmFkbSJ9LCJleHBpcmVzIjoiMjAxOS0xMi0wMlQxMDo1MTo1Ny42NjhaIn0.SZxOOZcfgMl5hOBTHK3SV_TfcFp3T3J3d0OvWSpH3kM	2019-12-02 10:51:57+00	2717
\.


--
-- Data for Name: user_departments; Type: TABLE DATA; Schema: public; Owner: track
--

COPY public.user_departments (id, department_id, user_id) FROM stdin;
755	17	2696
756	15	35
757	16	344
758	15	357
5	1	212
759	15	1
9	1	266
68	3	205
95	5	102
108	5	183
115	5	239
761	5	2711
999	2	2710
780	5	2759
781	7	2761
782	4	2763
783	5	2886
784	5	2922
785	5	2923
786	5	2924
789	5	2927
790	5	2928
791	5	2929
792	3	2931
793	5	2932
794	5	2934
795	5	2935
796	5	2936
797	5	2937
798	5	2938
799	2	2939
800	1	2941
802	3	2943
\.


--
-- Data for Name: user_email_association; Type: TABLE DATA; Schema: public; Owner: track
--

COPY public.user_email_association (id, project_id, external_user_email, internal_user_id, created_at, updated_at, deleted_at) FROM stdin;
\.


--
-- Data for Name: users; Type: TABLE DATA; Schema: public; Owner: track
--

COPY public.users (id, ldap_login, login, last_name_en, first_name_en, last_name_ru, first_name_ru, active, photo, email_primary, email_secondary, phone, mobile, skype, city, birth_date, create_date, delete_date, ps_id, created_at, updated_at, deleted_at, full_name_ru, full_name_en, fullnameen, global_role, password, set_password_token, set_password_expired, expired_date, "isActive", description, is_test, gitlab_user_id, employment_date, dismissal_date, telegram_chat_id, telegram_user_name, telegram_reg_date) FROM stdin;
266	ludmila.klueva	ludmila.klueva	Klueva	Ludmila			1	/uploads/usersPhotos/266.jpg	ludmila.klueva@nordclan.com	mikadn@mail.ru	\N	79170567742	mikadn2g		1992-01-18	2016-05-30 08:18:00+00	\N	o2k187g0000la047b70g000000	2016-05-30 11:18:00+00	2017-07-03 13:34:05+00	\N	 	\N	\N	VISOR	\N	\N	\N	\N	\N	\N	f	12	2019-06-24 00:00:00+00	\N	\N	\N	\N
1	victor.sychev	victor.sychev	Sychev	Victor			1	/uploads/usersPhotos/1.jpg	victor.sychev@nordclan.com	simvics@gmail.com	\N	9603779027	sychev.victor		1985-09-14	2010-07-12 00:35:00+00	\N	o2k00680000ijhl7g9f0000000	2010-07-12 04:35:00+00	2017-07-03 13:33:49.959+00	\N	 	\N	\N	ADMIN	\N	\N	\N	\N	\N	\N	f	11	2019-07-19 00:00:00+00	\N	\N	\N	\N
205	julietta.egorova	julietta.egorova	Egorova	Julietta			1	/uploads/usersPhotos/205.jpg	julietta.egorova@nordclan.com	julietta.egorova@yandex.ru	\N	79539898993	julietta.egorova		1993-08-08	2015-12-06 23:29:00+00	\N	o2k187g0000l2uvsokbg000000	2015-12-07 02:29:00+00	2017-07-03 13:34:00.672+00	\N	 	\N	\N	USER	\N	\N	\N	\N	\N	\N	f	14	2019-06-24 00:00:00+00	\N	\N	\N	\N
357	aleksandr.krasnov	aleksandr.krasnov	Krasnov	Aleksandr			1	\N	aleksandr.krasnov@nordclan.com	freeman969@yandex.ru	\N	79176150295	live:aleksandr.krasnov		1986-05-29	2017-02-01 09:23:00+00	\N	o2k187g0000lju65cn5g000000	2017-02-01 12:23:00+00	2017-07-03 13:34:13.997+00	\N	 	\N	\N	ADMIN	\N	\N	\N	\N	\N	\N	f	15	2019-06-10 00:00:00+00	\N	\N	\N	\N
183	andrei.frenkel	andrei.frenkel	Frenkel	Andrei			1	/uploads/usersPhotos/183.jpg	andrei.frenkel@nordclan.com	user11141lkjljk1@gmail.com	\N	\N	andrei.frenkel73		1990-11-06	2015-10-20 22:08:00+00	\N	o2k187g0000l12d8hcg0000000	2015-10-21 01:08:00+00	2017-07-03 13:33:59.486+00	\N	 	\N	\N	VISOR	\N	\N	\N	\N	\N	\N	f	3	2019-06-24 00:00:00+00	\N	\N	\N	\N
344	aleksei.artamonov	aleksei.artamonov	Artamonov	Aleksei			1	/uploads/usersPhotos/344.jpg	aleksei.artamonov@nordclan.com	ha1ken@mail.ru	\N	9053487575	alexei.artamonov		2019-11-01	2016-12-21 07:22:00+00	\N	o2k187g0000li80bme0g000000	2016-12-21 10:22:00+00	2017-07-03 13:34:12.77+00	\N	 	Aleksei Artamonov	\N	USER		\N	\N	\N	\N	\N	f	18	2019-06-24 00:00:00+00	\N	\N	\N	\N
239	anastasia.gorshkova	anastasia.gorshkova	Gorshkova	Anastasia			1	/uploads/usersPhotos/239.jpg	anastasia.gorshkova@nordclan.com	gorshkovang92@gmail.com	\N	79378837644	anastasya9475		1992-12-28	2016-03-24 09:02:00+00	\N	o2k187g0000l79t5hti0000000	2016-03-24 12:02:00+00	2017-07-03 13:34:03.234+00	\N	 	\N	\N	USER	\N	\N	\N	\N	\N	\N	f	8	2019-06-24 00:00:00+00	\N	\N	\N	\N
22	denis.smorodin	denis.smorodin	Smorodin	Denis			1	\N	denis.smorodin@nordclan.com	denis.smorodin@nordclan.com	\N	9176296112	smodean73		1992-07-10	2019-08-26 11:18:00+00	\N	\N	2019-08-26 11:18:00+00	2019-08-26 11:18:00+00	\N	 	\N	\N	ADMIN	\N	\N	\N	\N	\N	\N	f	27	2019-08-26 11:18:00+00	\N	\N	\N	\N
2696	alexander.noskov	alexander.noskov	Noskov	Alexander			1	\N	alexander.noskov@nordclan.com	\N	\N	\N	\N		\N	2010-07-12 00:35:00+00	\N	\N	2010-07-12 00:35:00+00	2010-07-12 00:35:00+00	\N	 	\N	\N	USER	\N	\N	\N	\N	\N	\N	f	19	2019-06-24 00:00:00+00	\N	\N	\N	\N
336	andrew.yudin	andrew.yudin	Yudin	Andrew			1	/uploads/usersPhotos/336.jpg	andrew.yudin@nordclan.com	woody.just@gmail.com	\N	9041862212	live:woody.just1		1987-03-05	2016-11-29 05:05:00+00	\N	o2k187g0000lhc6l9cfg000000	2016-11-29 08:05:00+00	2017-07-03 13:34:11.813+00	\N	 	Andrew Yudin	\N	USER	\N	\N	\N	\N	\N	\N	f	7	2019-07-02 00:00:00+00	\N	\N	\N	\N
2698	roman.khmurenko	roman.khmurenko	Khmurenko	Roman			1	\N	\N	\N	\N	\N	\N	\N	\N	\N	\N	\N	2010-05-31 11:50:00+00	2010-05-31 11:50:00+00	\N	 	\N	\N	ADMIN	\N	\N	\N	\N	\N	\N	f	\N	2019-09-09 00:00:00+00	\N	\N	\N	\N
2728	semen.semenov	semen.semenov	Semenov	Semen			1		Semen@test.ru	\N	\N	\N	\N	\N	2000-10-10	\N	\N	\N	2019-10-02 07:35:58.572+00	2019-10-02 07:35:58.572+00	\N	 	Semen Semenov	\N	USER		\N	\N	\N	1	\N	f	\N	\N	\N	\N	\N	\N
2711	new.user	asdfa@nordclan.com	User	New			1	\N	asdfa@nordclan.com	\N	+790333858234	+790333858234	test		\N	\N	\N	\N	2019-10-01 07:50:40.44+00	2019-10-01 07:50:40.44+00	\N	\N	\N	\N	USER	qwe123	\N	\N	\N	1	\N	f	\N	\N	\N	\N	\N	\N
2716	newuser.user	asdfaf@nordclan.com	User	Newuser			1	\N	asdfaf@nordclan.com	\N	+790333858234	+790333858234	test		\N	\N	\N	\N	2019-10-01 07:53:52.433+00	2019-10-01 07:53:52.433+00	\N	\N	\N	\N	USER	qwe123	\N	\N	\N	1	\N	f	\N	\N	\N	\N	\N	\N
2727	perviy.testirovschik	perviy.testirovschik	Testirovschik	Perviy			1	\N	Perviy@test.ru	\N	\N	\N	\N	\N	\N	\N	\N	\N	2019-10-02 07:34:21.773+00	2019-10-02 07:34:21.773+00	\N	\N	\N	\N	USER	qwe123	\N	\N	\N	1	\N	f	\N	\N	\N	\N	\N	\N
2725	test-administrator.lastnam test-administrator	test-administrator.lastnam test-administrator	Lastnam Test-administrator	Test-administrator	 -	-	1	\N	Test-administrator@test.ru	\N	\N	\N	\N	\N	\N	\N	\N	\N	2019-10-01 13:07:26+00	2019-10-01 13:07:26+00	\N	-  -	Test-administrator Lastnam Test-administrator	\N	ADMIN	qwe123	\N	\N	\N	1	\N	f	\N	\N	\N	\N	\N	\N
2726	ivan.ivanov	ivan.ivanov	Petrov	Peter			1	\N	Ivanov@test.ru	\N	\N	\N	\N		\N	\N	\N	\N	2019-10-01 14:11:39.505+00	2019-10-01 14:11:39.505+00	\N	 	Ivan Ivanov	\N	VISOR		\N	\N	\N	1	\N	f	\N	\N	\N	\N	\N	\N
2697	radik.khismetov	radik.khismetov	Radik	Khismetov			1	/uploads/usersPhotos/183.jpg	radik.khismetov@nordclan.com	radik.khismetov@nordclan.com	\N	\N	\N		1990-11-06	2015-10-20 22:08:00+00	\N	o2k187g0000l12d8hco0000000	2019-07-22 11:38:07.137+00	2019-07-22 11:38:07.137+00	\N	 	\N	\N	USER	\N	\N	\N	\N	\N	\N	f	20	2019-07-22 00:00:00+00	\N	\N		\N
35	ilya.kashtankin	ilya.kashtankin	Kashtankin	Ilya			1	/uploads/usersPhotos/35.jpg	ilya.kashtankin@nordclan.com	ilya.kashtankin@nordclan.com	\N	+7 927 800 9999	\N		1982-07-26	2010-05-31 07:50:00+00	\N	fs002080000ihsi7038g000000	2010-05-31 11:50:00+00	2017-07-03 13:33:49.631+00	\N	 	\N	\N	ADMIN	\N	\N	\N	\N	1	\N	f	16	2019-06-10 00:00:00+00	\N	\N	\N	\N
2718	test.testov	test.testov	Testov	Test			1	\N	Test@test.ru	\N	\N	+7555 555 55 55	\N	\N	1900-10-10	\N	\N	\N	2019-10-01 10:46:33.743+00	2019-10-01 10:46:33.743+00	\N	 	Test Testov	\N	USER	qwe123	\N	\N	\N	1	\N	f	\N	\N	\N	\N	\N	\N
2761	test.test	test.test	test	test	test	test	1	\N	inna@b2bfamily.com	\N	89876543211	89876543211	dsasd		\N	\N	\N	\N	2019-10-09 12:44:16.392+00	2019-10-09 12:44:16.392+00	\N	\N	\N	\N	USER	1922091998	\N	\N	\N	1	\N	f	\N	\N	\N	\N	\N	\N
2733	petr.petrov	petr.petrov	Petrov	Petr			1	\N	petr.petrov@nordclam.com	\N	456787654567890	091823048912	\N	\N	\N	\N	\N	\N	2019-10-02 14:48:02.202+00	2019-10-02 14:48:02.202+00	\N	\N	\N	\N	USER	123	\N	\N	\N	1	\N	f	\N	\N	\N	\N	\N	\N
2763	dmitiy.medvedev	dmitiy.medvedev	Medvedev	Dmitiy			1	\N	Dmitiy.Medvedev@nordclan.com	\N	+7 (111) 111-11-11	+7 (111) 111-11-12	\N	Ulyanovsk	\N	\N	\N	\N	2019-10-09 13:57:43.399+00	2019-10-09 13:57:43.399+00	\N	\N	\N	\N	USER	qwe123	\N	\N	\N	1	\N	f	\N	\N	\N	\N	\N	\N
2777	using.user	using.user	user	using	usage	user	1	\N	sas@mail.ru	\N	\N	\N	\N	\N	\N	\N	\N	\N	2019-10-10 10:58:14.443+00	2019-10-10 10:58:14.443+00	\N	\N	\N	\N	DEV_OPS	QWE123	\N	\N	\N	1	\N	f	\N	\N	\N	\N	\N	\N
2766	n1.ln1	n1.ln1	Ln1	N1	1	N1	1	\N	Ln1@test.ru	\N	\N	\N	\N	\N	\N	\N	\N	\N	2019-10-10 07:17:06.154+00	2019-10-10 07:17:06.154+00	\N	\N	\N	\N	DEV_OPS	qwe123	\N	\N	\N	1	\N	f	\N	\N	\N	\N	\N	\N
2729	vasya.ivanov	vasya.ivanov	Ivanov	Vasya			1	\N	Vasya@test.ru	\N	\N	\N	\N		\N	\N	\N	\N	2019-10-02 07:39:12.437+00	2019-10-02 07:39:12.437+00	\N	 	Vasya Ivanov	\N	DEV_OPS		\N	\N	\N	1	\N	f	\N	\N	\N	\N	\N	\N
2759	inna.inna	inna.inna	Inna	Inna	Shutova	Inna	0	/avatars/ebc40cf2a8d9acfaebda2310b749b0b9.jpg?1571992583599	inna.shutova@nordclan.com	\N	89297936823	89297936823	aaiaa	Ulyanovsk	\N	\N	2019-11-23 08:00:00+00	\N	2019-10-09 12:10:04.478+00	2019-10-09 12:10:04.478+00	\N	Inna Shutova	Inna Inna	\N	USER		\N	\N	\N	1	\N	f	\N	\N	\N	\N	\N	\N
2751	igor.petrov	igor.petrol	\N	\N	\N	\N	0	\N	\N	\N	\N	\N	\N	\N	\N	2019-10-08 12:14:43.385+00	\N	\N	2019-10-08 12:14:47.691+00	2019-10-08 12:14:49.805+00	\N	\N	\N	\N	USER	\N	\N	\N	\N	\N	\N	f	\N	\N	\N	\N		\N
2757	yiacov.yiacovich	yiacov.yiacovich	yiacovich	yiacov			1	\N	\N	yiacov@gmail.com	\N	\N	\N	\N	\N	\N	\N	\N	2019-10-08 10:02:33.354+00	2019-10-08 10:02:33.354+00	\N	\N	\N	\N	USER	1qazxsw2!!!	\N	\N	\N	1	\N	f	\N	\N	\N	\N	\N	\N
2710	vlad.stepanov	vlad@email.com	Stepanov	Vlad			1	\N	vlad@email.com	\N	\N	\N	\N	\N	\N	\N	\N	\N	2019-09-27 06:17:53.943+00	2019-09-27 06:17:53.943+00	\N	\N	\N	\N	ADMIN	123123	\N	\N	\N	1	\N	f	\N	\N	\N	442770345	v555574	2019-10-08 00:00:00
2785	using.usage	using.usage	usage	using	usage	using	1	\N	usage@mail.ru	\N	\N	\N	\N	Nord	\N	\N	\N	\N	2019-10-10 11:10:12.879+00	2019-10-10 11:10:12.879+00	\N	\N	\N	\N	DEV_OPS	QWE123	\N	\N	\N	1	\N	f	\N	\N	\N	\N	\N	\N
2776	ittest173@ya.ru	ittest173@ya.ru	\N	\N	\N	 	0	\N	\N	\N	\N	\N	\N	\N	\N	\N	\N	\N	2019-10-10 07:49:14.885+00	2019-10-10 07:49:14.885+00	\N	\N	\N	\N	EXTERNAL_USER	\N	1a1327847b788c5cd361a598381228671748689a	2019-10-11 07:49:14.885+00	2019-10-12 23:59:59.999 +00:00	0	   I        ,      .  ,         :         .            .     324 ,       .	f	\N	\N	\N	\N	\N	\N
2805	use.use	use.use	use	use	use	used	1	\N	used@mail.ru	\N	\N	\N	\N	\N	\N	\N	\N	\N	2019-10-11 08:36:53.447+00	2019-10-11 08:36:53.447+00	\N	\N	\N	\N	DEV_OPS	qwe123	\N	\N	\N	1	\N	f	\N	\N	\N	\N	\N	\N
2807	user.user	user.user	user	user	user	used	1	\N	user@mail.ru	\N	\N	\N	\N	\N	\N	\N	\N	\N	2019-10-11 08:39:03.137+00	2019-10-11 08:39:03.137+00	\N	\N	\N	\N	DEV_OPS	qwe123	\N	\N	\N	1	\N	f	\N	\N	\N	\N	\N	\N
2810	ll.ll	ll.ll	ll	ll	ll	ll	1	\N	ill@ll.ru	\N	\N	\N	\N	\N	\N	\N	\N	\N	2019-10-11 08:40:24.61+00	2019-10-11 08:40:24.61+00	\N	\N	\N	\N	DEV_OPS	qwe123	\N	\N	\N	1	\N	f	\N	\N	\N	\N	\N	\N
2789	used.used	used.used	used	used	used	used	1	\N	use@mail.ru	\N	\N	\N	\N		\N	\N	\N	\N	2019-10-11 06:36:27.968+00	2019-10-11 06:36:27.968+00	\N	used used	used used	\N	DEV_OPS		\N	\N	\N	1	\N	f	\N	\N	\N	\N	\N	\N
102	tatyana.babich	tatyana.babich	Babich	Tatyana			1	/uploads/usersPhotos/102.jpg	tatyana.babich@nordclan.com	babich_ta@inbox.ru	\N	\N	live:tatyana.babich		1990-02-01	2014-07-14 07:34:00+00	\N	o2k187g0000kecskg4ag000000	2014-07-14 10:34:00+00	2017-07-03 13:33:54.348+00	\N	 	\N	\N	ADMIN	\N	\N	\N	\N	1	\N	f	10	2019-06-21 00:00:00+00	\N	\N		\N
2732	aleksey.khnyrev	aleksey.khnyrev	Khnyrev	Aleksei			1	\N	test@test.ru	test@test.ru	\N	\N	\N	\N	\N	\N	\N	\N	2019-10-02 14:11:32.629+00	2019-10-02 14:11:35.379+00	\N	\N	\N	\N	USER	qwe123	\N	\N	\N	1	\N	f	\N	\N	\N	\N		\N
2838	using.using	using.using	using	using	using	used	1	\N	using@mail.ru	\N	\N	\N	\N	\N	\N	\N	\N	\N	2019-10-13 17:16:40.999+00	2019-10-13 17:16:40.999+00	\N	\N	\N	\N	DEV_OPS	QWE123	\N	\N	\N	1	\N	f	\N	\N	\N	\N	\N	\N
2839	newuser.newuser	newuser.newuser	newuser	newuser	newuser	used	1	\N	newuser@mail.ru	\N	\N	\N	\N	\N	\N	\N	\N	\N	2019-10-13 17:17:44.9+00	2019-10-13 17:17:44.9+00	\N	\N	\N	\N	DEV_OPS	QWE123	\N	\N	\N	1	\N	f	\N	\N	\N	\N	\N	\N
2765	ittest73@ya.ru	ittest73@ya.ru	\N	\N	\N	 	0	\N	\N	\N	\N	\N	\N	\N	\N	\N	\N	\N	2019-10-10 06:44:38.62+00	2019-10-10 06:44:38.62+00	\N	 	\N	\N	EXTERNAL_USER	$2a$10$B6kR8PSQilC4PWfArQYeku6a5H3rzSDaH4FcuTkTTNZJ4fpxGj69K	1156cd32f31669ecccc69a8f9c5d83f1b2ce19b7	2019-10-12 06:44:38.619+00	2019-10-12 23:59:59.999 +00:00	1	Lorem ipsum dolor sit amet, consectetur adipiscing elit, sed do eiusmod tempor incididunt ut labore et dolore magna aliqua. Ut enim ad minim veniam, quis nostrud exercitation ullamco laboris nisi ut aliquip ex ea commodo consequat. Duis aute irure dolor in reprehenderit in voluptate velit esse cillum dolore eu fugiat nulla pariatur. Excepteur sint occaecat cupidatat non proident, sunt in culpa qui officia deserunt mollit anim id est laborum.	f	\N	\N	\N	\N	\N	\N
2928	kekar5.testoviy	kekar5.testoviy	Testoviy	Kekar5		5	1	\N	kekartest5@example.com	kekartest5@example.com	+7 (904) 767-1062	+7 (904) 767-1062	kekartest5	kekcity	\N	\N	\N	\N	2019-10-16 13:14:59.372+00	2019-10-16 13:14:59.372+00	\N	5 	Kekar5 Testoviy	\N	USER		\N	\N	\N	1	\N	f	\N	\N	\N	\N	\N	\N
2853	new.new	new.new	New	New			1	\N	new@new.com	\N	\N	\N	\N	\N	\N	\N	\N	\N	2019-10-15 08:44:55.066+00	2019-10-15 08:44:55.066+00	\N	\N	\N	\N	USER	qwe123	\N	\N	\N	1	\N	f	\N	\N	\N	\N	\N	\N
2856	used1.used1	used1.used1	used1	used1	used1	used1	1	\N	use1@mail.com	\N	used1	\N	\N	\N	\N	\N	\N	\N	2019-10-15 08:50:40.894+00	2019-10-15 08:50:40.894+00	\N	\N	\N	\N	USER	qwe123	\N	\N	\N	1	\N	f	\N	\N	\N	\N	\N	\N
2861	pavel.volya	pavel.volya	Volya	Pavel	Volya	Pavel	1	\N	pavo@mail.ru	\N	\N	\N	\N		\N	\N	\N	\N	2019-10-15 09:02:30.997+00	2019-10-15 09:02:30.997+00	\N	Pavel Volya	Pavel Volya	\N	USER		\N	\N	\N	1	\N	f	\N	\N	\N	\N	\N	\N
2887	vasya2.ivanov2	vasya2.ivanov2	Ivanov2	Vasya2	2	2	1	\N	Vasya@test.ru	\N	\N	\N	\N	\N	\N	\N	\N	\N	2019-10-16 07:38:46.248+00	2019-10-16 07:38:46.248+00	\N	\N	\N	\N	USER	qwe123	\N	\N	\N	1	\N	f	\N	\N	\N	\N	\N	\N
2920	vasya22.ivanov22	vasya22.ivanov22	Ivanov22	Vasya22	22	22	1	\N	Vasya@test.ru	\N	\N	\N	\N		\N	\N	\N	\N	2019-10-16 09:36:24.756+00	2019-10-16 09:36:24.756+00	\N	22 22	Vasya22 Ivanov22	\N	USER		\N	\N	\N	1	\N	f	\N	\N	\N	\N	\N	\N
2886	iwnna.inwna	iwnna.inwna	Inwna	Iwnna	Swhutova	Iwnna	0	\N	winna.shutova@nordclan.com	\N	89297936823	89297936823	aaiaa	\N	\N	\N	2019-11-02 08:00:00+00	\N	2019-10-15 10:39:57.259+00	2019-10-15 10:39:57.259+00	\N	Iwnna Swhutova	Iwnna Inwna	\N	USER		\N	\N	\N	1	\N	f	\N	\N	\N	\N	\N	\N
2921	fedor.fedorov	fedor.fedorov	Fedorov	Fedor			1	\N	fedor@test.ru	\N	\N	\N	\N	\N	\N	\N	\N	\N	2019-10-16 10:27:31.514+00	2019-10-16 10:27:31.514+00	\N	\N	\N	\N	USER	qwe123	\N	\N	\N	1	\N	f	\N	\N	\N	\N	\N	\N
2922	testoviy.polzovatel	testoviy.polzovatel	Polzovatel	Testoviy			1	\N	kekar@example.com	\N	+7 904 123 4567	+7 904 123 4567	kekar-skype		\N	\N	\N	\N	2019-10-16 11:01:42.949+00	2019-10-16 11:01:42.949+00	\N	\N	\N	\N	USER	alabala	\N	\N	\N	1	\N	f	\N	\N	\N	\N	\N	\N
2923	kekar.testoviy	kekar.testoviy	Testoviy	Kekar			1	\N	kekartest@example.com	\N	+7 (904) 123 4567	+7 (904) 123 4567	kekartest		\N	\N	\N	\N	2019-10-16 11:45:07.296+00	2019-10-16 11:45:07.296+00	\N	\N	\N	\N	USER	alabala	\N	\N	\N	1	\N	f	\N	\N	\N	\N	\N	\N
2924	kekar2.testoviy	kekar2.testoviy	Testoviy	Kekar2		2	1	\N	kekartest2@example.com	\N	+7 (904) 123 4455	\N	kekartest2	moscow	\N	\N	\N	\N	2019-10-16 11:57:55.728+00	2019-10-16 11:57:55.728+00	\N	\N	\N	\N	USER	alabala	\N	\N	\N	1	\N	f	\N	\N	\N	\N	\N	\N
2925	kekar3.testoviy	kekar3.testoviy	Testoviy	Kekar3		3	1	\N	kekartest3corporat@example.com	\N	\N	+7 (904) 767-1062	kekartest3	city	2019-10-01	\N	\N	\N	2019-10-16 12:53:24.833+00	2019-10-16 12:53:24.833+00	\N	\N	\N	\N	USER	alabala	\N	\N	\N	1	\N	f	\N	\N	\N	\N	\N	\N
2926	kekar4.testoviy	kekar4.testoviy	Testoviy	Kekar4		4	1	\N	kekartest4@example.com	kekartest4@example.com	+7 (904) 767-1062	+7 (904) 767-1062	kekartest4	kekcity	2019-10-01	\N	\N	\N	2019-10-16 13:08:50.112+00	2019-10-16 13:08:50.112+00	\N	\N	\N	\N	USER	alabala	\N	\N	\N	1	\N	f	\N	\N	\N	\N	\N	\N
2927	awd.awd	awd.awd	awd	awd	awd	awd	1	\N	awd	awd	awd	awd	awd	awd	2019-10-01	\N	\N	\N	2019-10-16 13:13:09.329+00	2019-10-16 13:13:09.329+00	\N	\N	\N	\N	USER	awd	\N	\N	\N	1	\N	f	\N	\N	\N	\N	\N	\N
2929	kekar6.testoviy	kekar6.testoviy	Testoviy	Kekar6		6	1	\N	kekartest6@example.com	kekartest6@example.com	+7 (904) 767-1062	+7 (904) 767-1062	kekartest6	kekCity	2019-10-02	\N	\N	\N	2019-10-16 13:45:56.614+00	2019-10-16 13:45:56.614+00	\N	\N	\N	\N	USER	alabala	\N	\N	\N	1	\N	f	\N	2019-10-02 09:00:00+00	\N	\N	\N	\N
2931	proverka.poley	proverka.poley	Poley	Proverka			1	\N	Proverka@test.ru	\N	+7 (111) 111-11-11	+7911) 111-11-11	test	CityTest	\N	\N	\N	\N	2019-10-18 08:52:25.026+00	2019-10-18 08:52:25.026+00	\N	 	Proverka Poley	\N	USER		\N	\N	\N	1	\N	f	\N	2019-10-01 09:00:00+00	\N	\N	\N	\N
2932	check2.fields	check2.fields	fields	check2		2	1	\N	fieldstest2@example.com	fieldstest2@example.com	123	123	fieldstest2	kek	2019-10-09	\N	\N	\N	2019-10-18 10:49:32.025+00	2019-10-18 10:49:32.025+00	\N	\N	\N	\N	USER	alabala	\N	\N	\N	1	\N	f	\N	2019-10-10 09:00:00+00	\N	\N	\N	\N
2933	proverka2.poley2	proverka2.poley2	Poley2	Proverka2	2	2	1	\N	Proverka2@test.ru	Proverka4@test.ru	+7 (111) 111-11-11	+7 (111) 111-11-11	111	msk	1961-04-12	\N	\N	\N	2019-10-18 11:04:49.893+00	2019-10-18 11:04:49.893+00	\N	\N	\N	\N	USER	qwe123	\N	\N	\N	1	\N	f	\N	2019-10-18 08:00:00+00	\N	\N	\N	\N
2934	kekar7.testoviy	kekar7.testoviy	Testoviy	Kekar7		7	1	\N	kekartest7@example.com	kekartest7@example.com	123	123	kekartest7	kek	2019-10-18	\N	\N	\N	2019-10-18 11:34:54.459+00	2019-10-18 11:34:54.459+00	\N	\N	\N	\N	USER	123	\N	\N	\N	1	\N	f	\N	2019-10-18 09:00:00+00	\N	\N	\N	\N
2935	kekar8.testoviy	kekar8.testoviy	Testoviy	Kekar8		8	1	\N	kekartest8@example.com	kekartest8@example.com	123	123	123	123	2019-10-01	\N	\N	\N	2019-10-18 11:37:32.416+00	2019-10-18 11:37:32.416+00	\N	\N	\N	\N	USER	123	\N	\N	\N	1	\N	f	\N	2019-10-01 09:00:00+00	\N	\N	\N	\N
2938	kekar11.testoviy	kekar11.testoviy	Testoviy	Kekar11		11	1	\N	123	13	123	123	123	123	2019-10-01	\N	\N	\N	2019-10-18 11:49:10.622+00	2019-10-18 11:49:10.622+00	\N	11 	Kekar11 Testoviy	\N	USER	123	\N	\N	\N	1	\N	f	\N	2019-10-01 09:00:00+00	\N	\N	\N	\N
2936	kekar9.testoviy	kekar9.testoviy	testoviy	kekar9		9	1	\N	123	123	123	123	123	123	2019-10-01	\N	\N	\N	2019-10-18 11:42:05.528+00	2019-10-18 11:42:05.528+00	\N	\N	\N	\N	USER	123	\N	\N	\N	1	\N	f	\N	2019-10-01 09:00:00+00	\N	\N	\N	\N
2937	kekar10.testoviy	kekar10.testoviy	Testoviy	Kekar10		10	1	\N	123	123	123	123	123	123	2019-10-01	\N	\N	\N	2019-10-18 11:47:48.731+00	2019-10-18 11:47:48.731+00	\N		Kekar10 Testoviy	\N	USER	123	\N	\N	\N	1	\N	f	\N	2019-10-01 09:00:00+00	\N	\N	\N	\N
2939	proverka3.poley3	proverka3.poley3	Poley3	Proverka3	3	3	1	\N	Proverka3@test.ru	Proverka3@test.ru	+7 (911) 111-11-11	+7 (911) 111-11-11	123	123	1961-04-11	\N	\N	\N	2019-10-18 12:15:02.245+00	2019-10-18 12:15:02.245+00	\N	3 3	Proverka3 Poley3	\N	USER	qwe123	\N	\N	\N	1	\N	f	\N	2019-10-19 08:00:00+00	\N	\N	\N	\N
2852	mr_sloooow@yopmail.com	mr_sloooow@yopmail.com	\N	\N	\N	  	1	\N	\N	\N	\N	\N	\N	\N	\N	\N	\N	\N	2019-10-14 07:46:00.119+00	2019-10-14 07:46:00.119+00	\N	\N	\N	\N	EXTERNAL_USER	$2a$10$B6kR8PSQilC4PWfArQYeku6a5H3rzSDaH4FcuTkTTNZJ4fpxGj69K	e909d4d48aa455106822769db306a0c08bbf211b	2019-10-15 07:46:00.118+00	2019-11-11 00:00:00.000 +00:00	1	"   "	f	\N	\N	\N	\N	\N	\N
2940	avatar.avatarov	avatar.avatarov	Avatarov	Avatar			1	\N	Avatar@test.ru	\N	+7 (111) 111-11-11	\N	\N	\N	2019-10-01	\N	\N	\N	2019-10-28 06:51:05.076+00	2019-10-28 06:51:05.076+00	\N	 	Avatar Avatarov	\N	USER	qwe123	\N	\N	\N	1	\N	f	\N	\N	\N	\N	\N	\N
2930	pav.vol	pav.vol	Vol	Pav	Vol	Pav	1	\N	pavol@mail.ru	\N	\N	\N	\N	\N	\N	\N	\N	\N	2019-10-16 14:03:15.4+00	2019-10-16 14:03:15.4+00	\N	Pav Vol	Pav Vol	\N	USER		\N	\N	\N	1	\N	f	\N	\N	\N	\N	\N	\N
212	ilya.filinin	ilya.filinin	Filinin	Ilya			1	/uploads/usersPhotos/212.jpg	ilya.filinin@nordclan.com	iliya2007852007@gmail.com	\N	\N	filinin94	\N	1994-02-08	2016-01-21 08:10:00+00	\N	o2k187g0000l4oo5252g000000	2016-01-21 11:10:00+00	2017-07-03 13:34:01.188+00	\N	 	\N	\N	USER	\N	\N	\N	\N	\N	\N	f	13	2019-07-01 00:00:00+00	\N	\N		\N
45	andrey.zolotov	andrey.zolotov	Zolotov	Andrey			1	/uploads/usersPhotos/45.jpg	andrey.zolotov@nordclan.com	andrey.zolotov@nordclan.com	\N	+7 902 244 58 19	zolotov_andrey		1981-05-10	2010-05-30 23:08:00+00	\N	o2k007g0000im2moub3g000000	2010-09-13 11:26:00+00	2017-07-03 13:34:23.107+00	\N	 	\N	\N	USER	\N	\N	\N	\N	1	\N	f	17	2019-06-21 00:00:00+00	\N	\N		\N
186	alexei.stratonov	alexei.stratonov	Stratonov	Alexei			1	/uploads/usersPhotos/186.jpg	alexei.stratonov@nordclan.com	an.stratonov@gmail.com	\N	89276328984	alexstrat2008		1994-06-20	2015-10-29 22:01:00+00	\N	o2k187g0000l1dvr85cg000000	2015-10-30 01:01:00+00	2017-07-03 13:33:59.584+00	\N	 	\N	\N	USER	\N	\N	\N	\N	\N	\N	f	2	2019-06-24 00:00:00+00	\N	\N		\N
2942	inna.shutova	inna.shutova	shutova	inna			1		pavol@mail.ru	pavol@mail.ru	89865672115	89865672111	iiiinnnnaaa		2019-11-02	\N	\N	\N	2019-11-25 10:00:54.188+00	2019-11-25 10:00:54.188+00	\N	 	inna shutova	\N	USER	1922091998	\N	\N	\N	1	\N	f	\N	2019-11-01 08:00:00+00	\N	\N	\N	\N
2717	adm.adm	adm.adm	adm	adm	administratorov	administrator	1		a.administrator@nordclan.com	\N	123123	1231231321	a.administrator		\N	\N	\N	\N	2019-10-01 09:39:25.6+00	2019-10-01 09:39:25.6+00	\N	administrator administratorov	adm adm	\N	ADMIN	qwe123	\N	\N	\N	1	\N	f	\N	\N	\N	\N	\N	\N
2941	autotest.autotestov	autotest.autotestov	Autotestov	Autotest			1	\N	Autotest@test.ru	\N	\N	\N	\N	\N	2019-11-06	\N	\N	\N	2019-11-06 12:45:38.229+00	2019-11-06 12:45:38.229+00	\N	 	Autotest Autotestov	\N	USER	qwe123	\N	\N	\N	1	\N	f	\N	\N	\N	\N	\N	\N
2943	test11.test11	test11.test11	test11	test11	qwerty	qwerty	1	\N	pavol11@mail.ru	pavo11l@mail.ru	89865672112	89865672112	qwerty.skype		2019-11-07	\N	\N	\N	2019-11-25 12:24:14.914+00	2019-11-25 12:24:14.914+00	\N	qwerty qwerty	test11 test11	\N	USER	1922091998	\N	\N	\N	1	\N	f	\N	2019-11-01 08:00:00+00	\N	\N	\N	\N
\.


--
-- Name: Milestones_id_seq; Type: SEQUENCE SET; Schema: public; Owner: track
--

SELECT pg_catalog.setval('public."Milestones_id_seq"', 224, true);


--
-- Name: bot_notification_seq; Type: SEQUENCE SET; Schema: public; Owner: track
--

SELECT pg_catalog.setval('public.bot_notification_seq', 141, true);


--
-- Name: bot_reply_seq; Type: SEQUENCE SET; Schema: public; Owner: track
--

SELECT pg_catalog.setval('public.bot_reply_seq', 99, false);


--
-- Name: bot_settings_seq; Type: SEQUENCE SET; Schema: public; Owner: track
--

SELECT pg_catalog.setval('public.bot_settings_seq', 99, false);


--
-- Name: comments_id_seq; Type: SEQUENCE SET; Schema: public; Owner: track
--

SELECT pg_catalog.setval('public.comments_id_seq', 961, true);


--
-- Name: departments_id_seq; Type: SEQUENCE SET; Schema: public; Owner: track
--

SELECT pg_catalog.setval('public.departments_id_seq', 17, true);


--
-- Name: gitlab_user_roles_id_seq; Type: SEQUENCE SET; Schema: public; Owner: track
--

SELECT pg_catalog.setval('public.gitlab_user_roles_id_seq', 1175, true);


--
-- Name: item_tags_id_seq; Type: SEQUENCE SET; Schema: public; Owner: track
--

SELECT pg_catalog.setval('public.item_tags_id_seq', 851, true);


--
-- Name: jira_sync_status_id_seq; Type: SEQUENCE SET; Schema: public; Owner: track
--

SELECT pg_catalog.setval('public.jira_sync_status_id_seq', 1, false);


--
-- Name: metrics_id_seq; Type: SEQUENCE SET; Schema: public; Owner: track
--

SELECT pg_catalog.setval('public.metrics_id_seq', 194173, true);


--
-- Name: milestone_types_dictionary_id_seq; Type: SEQUENCE SET; Schema: public; Owner: track
--

SELECT pg_catalog.setval('public.milestone_types_dictionary_id_seq', 4, true);


--
-- Name: model_histories_id_seq; Type: SEQUENCE SET; Schema: public; Owner: track
--

SELECT pg_catalog.setval('public.model_histories_id_seq', 25512, true);


--
-- Name: portfolios_id_seq; Type: SEQUENCE SET; Schema: public; Owner: track
--

SELECT pg_catalog.setval('public.portfolios_id_seq', 12, true);


--
-- Name: project_attachments_id_seq; Type: SEQUENCE SET; Schema: public; Owner: track
--

SELECT pg_catalog.setval('public.project_attachments_id_seq', 71, true);


--
-- Name: project_histories_id_seq; Type: SEQUENCE SET; Schema: public; Owner: track
--

SELECT pg_catalog.setval('public.project_histories_id_seq', 5489, true);


--
-- Name: project_types_id_seq; Type: SEQUENCE SET; Schema: public; Owner: track
--

SELECT pg_catalog.setval('public.project_types_id_seq', 4, true);


--
-- Name: project_users_id_seq; Type: SEQUENCE SET; Schema: public; Owner: track
--

SELECT pg_catalog.setval('public.project_users_id_seq', 883, true);


--
-- Name: project_users_roles_id_seq; Type: SEQUENCE SET; Schema: public; Owner: track
--

SELECT pg_catalog.setval('public.project_users_roles_id_seq', 4711, true);


--
-- Name: project_users_subscriptions_id_seq; Type: SEQUENCE SET; Schema: public; Owner: track
--

SELECT pg_catalog.setval('public.project_users_subscriptions_id_seq', 3920, true);


--
-- Name: projects_id_seq; Type: SEQUENCE SET; Schema: public; Owner: track
--

SELECT pg_catalog.setval('public.projects_id_seq', 512, true);


--
-- Name: sprint_statuses_id_seq; Type: SEQUENCE SET; Schema: public; Owner: track
--

SELECT pg_catalog.setval('public.sprint_statuses_id_seq', 1, false);


--
-- Name: sprints_id_seq; Type: SEQUENCE SET; Schema: public; Owner: track
--

SELECT pg_catalog.setval('public.sprints_id_seq', 439, true);


--
-- Name: system_tokens_id_seq; Type: SEQUENCE SET; Schema: public; Owner: track
--

SELECT pg_catalog.setval('public.system_tokens_id_seq', 34, true);


--
-- Name: tags_id_seq; Type: SEQUENCE SET; Schema: public; Owner: track
--

SELECT pg_catalog.setval('public.tags_id_seq', 384, true);


--
-- Name: task_attachments_id_seq; Type: SEQUENCE SET; Schema: public; Owner: track
--

SELECT pg_catalog.setval('public.task_attachments_id_seq', 1746, true);


--
-- Name: task_statuses_association_id_seq; Type: SEQUENCE SET; Schema: public; Owner: track
--

SELECT pg_catalog.setval('public.task_statuses_association_id_seq', 66, true);


--
-- Name: task_statuses_id_seq; Type: SEQUENCE SET; Schema: public; Owner: track
--

SELECT pg_catalog.setval('public.task_statuses_id_seq', 1, false);


--
-- Name: task_tasks_id_seq; Type: SEQUENCE SET; Schema: public; Owner: track
--

SELECT pg_catalog.setval('public.task_tasks_id_seq', 353, true);


--
-- Name: task_types_association_id_seq; Type: SEQUENCE SET; Schema: public; Owner: track
--

SELECT pg_catalog.setval('public.task_types_association_id_seq', 64, true);


--
-- Name: task_types_id_seq; Type: SEQUENCE SET; Schema: public; Owner: track
--

SELECT pg_catalog.setval('public.task_types_id_seq', 1, false);


--
-- Name: tasks_id_seq; Type: SEQUENCE SET; Schema: public; Owner: track
--

SELECT pg_catalog.setval('public.tasks_id_seq', 3414, true);


--
-- Name: timesheets_draft_id_seq; Type: SEQUENCE SET; Schema: public; Owner: track
--

SELECT pg_catalog.setval('public.timesheets_draft_id_seq', 4171, true);


--
-- Name: timesheets_id_seq; Type: SEQUENCE SET; Schema: public; Owner: track
--

SELECT pg_catalog.setval('public.timesheets_id_seq', 4270, true);


--
-- Name: timesheets_statuses_id_seq; Type: SEQUENCE SET; Schema: public; Owner: track
--

SELECT pg_catalog.setval('public.timesheets_statuses_id_seq', 1, false);


--
-- Name: timesheets_types_id_seq; Type: SEQUENCE SET; Schema: public; Owner: track
--

SELECT pg_catalog.setval('public.timesheets_types_id_seq', 1, false);


--
-- Name: tokens_id_seq; Type: SEQUENCE SET; Schema: public; Owner: track
--

SELECT pg_catalog.setval('public.tokens_id_seq', 4727, true);


--
-- Name: user_departments_id_seq; Type: SEQUENCE SET; Schema: public; Owner: track
--

SELECT pg_catalog.setval('public.user_departments_id_seq', 802, true);


--
-- Name: user_email_association_id_seq; Type: SEQUENCE SET; Schema: public; Owner: track
--

SELECT pg_catalog.setval('public.user_email_association_id_seq', 40, true);


--
-- Name: users_id_seq; Type: SEQUENCE SET; Schema: public; Owner: track
--

SELECT pg_catalog.setval('public.users_id_seq', 2944, true);


--
-- Data for Name: BLOBS; Type: BLOBS; Schema: -; Owner: -
--

BEGIN;

SELECT pg_catalog.lo_open('296264', 131072);
SELECT pg_catalog.lowrite(0, '\xd0add182d0be20d181d0bed0bed0b1d189d0b5d0bdd0b8d0b520d0b7d0b0d0bfd0bbd0b0d0bdd0b8d180d0bed0b2d0b0d0bdd0be20d0ba20d0bed182d0bfd180d0b0d0b2d0bad0b520d0b22031323a343520d0b820d0b1d183d0b4d0b5d18220d0bfd180d0b8d185d0bed0b4d0b8d182d18c20d0bad0b0d0b6d0b4d18bd0b920d0b4d0b5d0bdd18c20d0b220d18dd182d0be20d0b2d180d0b5d0bcd18f2e');
SELECT pg_catalog.lo_close(0);

COMMIT;

--
-- Name: Milestones Milestones_pkey; Type: CONSTRAINT; Schema: public; Owner: track
--

ALTER TABLE ONLY public."Milestones"
    ADD CONSTRAINT "Milestones_pkey" PRIMARY KEY (id);


--
-- Name: SequelizeMeta SequelizeMeta_pkey; Type: CONSTRAINT; Schema: public; Owner: track
--

ALTER TABLE ONLY public."SequelizeMeta"
    ADD CONSTRAINT "SequelizeMeta_pkey" PRIMARY KEY (name);


--
-- Name: bot_reply bot_message_pk; Type: CONSTRAINT; Schema: public; Owner: track
--

ALTER TABLE ONLY public.bot_reply
    ADD CONSTRAINT bot_message_pk PRIMARY KEY (id);


--
-- Name: bot_notification bot_notification_pk; Type: CONSTRAINT; Schema: public; Owner: track
--

ALTER TABLE ONLY public.bot_notification
    ADD CONSTRAINT bot_notification_pk PRIMARY KEY (id);


--
-- Name: bot_settings bot_settings_pk; Type: CONSTRAINT; Schema: public; Owner: track
--

ALTER TABLE ONLY public.bot_settings
    ADD CONSTRAINT bot_settings_pk PRIMARY KEY (id);


--
-- Name: comments comments_pkey; Type: CONSTRAINT; Schema: public; Owner: track
--

ALTER TABLE ONLY public.comments
    ADD CONSTRAINT comments_pkey PRIMARY KEY (id);


--
-- Name: departments departments_pkey; Type: CONSTRAINT; Schema: public; Owner: track
--

ALTER TABLE ONLY public.departments
    ADD CONSTRAINT departments_pkey PRIMARY KEY (id);


--
-- Name: flyway_schema_history flyway_schema_history_pk; Type: CONSTRAINT; Schema: public; Owner: track
--

ALTER TABLE ONLY public.flyway_schema_history
    ADD CONSTRAINT flyway_schema_history_pk PRIMARY KEY (installed_rank);


--
-- Name: gitlab_user_roles gitlab_user_roles_pkey; Type: CONSTRAINT; Schema: public; Owner: track
--

ALTER TABLE ONLY public.gitlab_user_roles
    ADD CONSTRAINT gitlab_user_roles_pkey PRIMARY KEY (id);


--
-- Name: goals goals_pkey; Type: CONSTRAINT; Schema: public; Owner: track
--

ALTER TABLE ONLY public.goals
    ADD CONSTRAINT goals_pkey PRIMARY KEY (id);


--
-- Name: item_tags item_tags_pkey; Type: CONSTRAINT; Schema: public; Owner: track
--

ALTER TABLE ONLY public.item_tags
    ADD CONSTRAINT item_tags_pkey PRIMARY KEY (id);


--
-- Name: item_tags item_tags_tag_id_taggable_taggable_id_key; Type: CONSTRAINT; Schema: public; Owner: track
--

ALTER TABLE ONLY public.item_tags
    ADD CONSTRAINT item_tags_tag_id_taggable_taggable_id_key UNIQUE (tag_id, taggable, taggable_id);


--
-- Name: item_tags item_tags_taggable_id_tag_id_key; Type: CONSTRAINT; Schema: public; Owner: track
--

ALTER TABLE ONLY public.item_tags
    ADD CONSTRAINT item_tags_taggable_id_tag_id_key UNIQUE (taggable_id, tag_id);


--
-- Name: jira_sync_status jira_sync_status_pkey; Type: CONSTRAINT; Schema: public; Owner: track
--

ALTER TABLE ONLY public.jira_sync_status
    ADD CONSTRAINT jira_sync_status_pkey PRIMARY KEY (id);


--
-- Name: metric_types metric_types_pkey; Type: CONSTRAINT; Schema: public; Owner: track
--

ALTER TABLE ONLY public.metric_types
    ADD CONSTRAINT metric_types_pkey PRIMARY KEY (id);


--
-- Name: metrics metrics_pkey; Type: CONSTRAINT; Schema: public; Owner: track
--

ALTER TABLE ONLY public.metrics
    ADD CONSTRAINT metrics_pkey PRIMARY KEY (id);


--
-- Name: milestone_types_dictionary milestone_types_dictionary_pkey; Type: CONSTRAINT; Schema: public; Owner: track
--

ALTER TABLE ONLY public.milestone_types_dictionary
    ADD CONSTRAINT milestone_types_dictionary_pkey PRIMARY KEY (id);


--
-- Name: task_histories model_histories_pkey; Type: CONSTRAINT; Schema: public; Owner: track
--

ALTER TABLE ONLY public.task_histories
    ADD CONSTRAINT model_histories_pkey PRIMARY KEY (id);


--
-- Name: portfolios portfolios_pkey; Type: CONSTRAINT; Schema: public; Owner: track
--

ALTER TABLE ONLY public.portfolios
    ADD CONSTRAINT portfolios_pkey PRIMARY KEY (id);


--
-- Name: project_attachments project_attachments_pkey; Type: CONSTRAINT; Schema: public; Owner: track
--

ALTER TABLE ONLY public.project_attachments
    ADD CONSTRAINT project_attachments_pkey PRIMARY KEY (id);


--
-- Name: project_events project_events_pkey; Type: CONSTRAINT; Schema: public; Owner: track
--

ALTER TABLE ONLY public.project_events
    ADD CONSTRAINT project_events_pkey PRIMARY KEY (id);


--
-- Name: project_histories project_histories_pkey; Type: CONSTRAINT; Schema: public; Owner: track
--

ALTER TABLE ONLY public.project_histories
    ADD CONSTRAINT project_histories_pkey PRIMARY KEY (id);


--
-- Name: project_roles project_roles_pkey; Type: CONSTRAINT; Schema: public; Owner: track
--

ALTER TABLE ONLY public.project_roles
    ADD CONSTRAINT project_roles_pkey PRIMARY KEY (id);


--
-- Name: project_statuses project_statuses_pkey; Type: CONSTRAINT; Schema: public; Owner: track
--

ALTER TABLE ONLY public.project_statuses
    ADD CONSTRAINT project_statuses_pkey PRIMARY KEY (id);


--
-- Name: project_types project_types_pkey; Type: CONSTRAINT; Schema: public; Owner: track
--

ALTER TABLE ONLY public.project_types
    ADD CONSTRAINT project_types_pkey PRIMARY KEY (id);


--
-- Name: project_users project_users_pkey; Type: CONSTRAINT; Schema: public; Owner: track
--

ALTER TABLE ONLY public.project_users
    ADD CONSTRAINT project_users_pkey PRIMARY KEY (id);


--
-- Name: project_users_roles project_users_roles_pkey; Type: CONSTRAINT; Schema: public; Owner: track
--

ALTER TABLE ONLY public.project_users_roles
    ADD CONSTRAINT project_users_roles_pkey PRIMARY KEY (id);


--
-- Name: project_users_subscriptions project_users_subscriptions_pkey; Type: CONSTRAINT; Schema: public; Owner: track
--

ALTER TABLE ONLY public.project_users_subscriptions
    ADD CONSTRAINT project_users_subscriptions_pkey PRIMARY KEY (id);


--
-- Name: projects projects_external_id_key; Type: CONSTRAINT; Schema: public; Owner: track
--

ALTER TABLE ONLY public.projects
    ADD CONSTRAINT projects_external_id_key UNIQUE (external_id);


--
-- Name: projects projects_pkey; Type: CONSTRAINT; Schema: public; Owner: track
--

ALTER TABLE ONLY public.projects
    ADD CONSTRAINT projects_pkey PRIMARY KEY (id);


--
-- Name: projects projects_prefix_key; Type: CONSTRAINT; Schema: public; Owner: track
--

ALTER TABLE ONLY public.projects
    ADD CONSTRAINT projects_prefix_key UNIQUE (prefix);


--
-- Name: sprint_statuses sprint_statuses_pkey; Type: CONSTRAINT; Schema: public; Owner: track
--

ALTER TABLE ONLY public.sprint_statuses
    ADD CONSTRAINT sprint_statuses_pkey PRIMARY KEY (id);


--
-- Name: sprints sprints_external_id_uq; Type: CONSTRAINT; Schema: public; Owner: track
--

ALTER TABLE ONLY public.sprints
    ADD CONSTRAINT sprints_external_id_uq UNIQUE (project_id, external_id);


--
-- Name: sprints sprints_pkey; Type: CONSTRAINT; Schema: public; Owner: track
--

ALTER TABLE ONLY public.sprints
    ADD CONSTRAINT sprints_pkey PRIMARY KEY (id);


--
-- Name: system_tokens system_tokens_pkey; Type: CONSTRAINT; Schema: public; Owner: track
--

ALTER TABLE ONLY public.system_tokens
    ADD CONSTRAINT system_tokens_pkey PRIMARY KEY (id);


--
-- Name: tags tags_pkey; Type: CONSTRAINT; Schema: public; Owner: track
--

ALTER TABLE ONLY public.tags
    ADD CONSTRAINT tags_pkey PRIMARY KEY (id);


--
-- Name: task_attachments task_attachments_pkey; Type: CONSTRAINT; Schema: public; Owner: track
--

ALTER TABLE ONLY public.task_attachments
    ADD CONSTRAINT task_attachments_pkey PRIMARY KEY (id);


--
-- Name: tasks task_external_id_uq; Type: CONSTRAINT; Schema: public; Owner: track
--

ALTER TABLE ONLY public.tasks
    ADD CONSTRAINT task_external_id_uq UNIQUE (project_id, external_id);


--
-- Name: task_statuses_association task_statuses_association_pkey; Type: CONSTRAINT; Schema: public; Owner: track
--

ALTER TABLE ONLY public.task_statuses_association
    ADD CONSTRAINT task_statuses_association_pkey PRIMARY KEY (id);


--
-- Name: task_statuses task_statuses_pkey; Type: CONSTRAINT; Schema: public; Owner: track
--

ALTER TABLE ONLY public.task_statuses
    ADD CONSTRAINT task_statuses_pkey PRIMARY KEY (id);


--
-- Name: task_tasks task_tasks_pkey; Type: CONSTRAINT; Schema: public; Owner: track
--

ALTER TABLE ONLY public.task_tasks
    ADD CONSTRAINT task_tasks_pkey PRIMARY KEY (id);


--
-- Name: task_tasks task_tasks_task_id_linked_task_id_key_deleted_at; Type: CONSTRAINT; Schema: public; Owner: track
--

ALTER TABLE ONLY public.task_tasks
    ADD CONSTRAINT task_tasks_task_id_linked_task_id_key_deleted_at UNIQUE (id, linked_task_id, task_id, deleted_at);


--
-- Name: task_types_association task_types_association_pkey; Type: CONSTRAINT; Schema: public; Owner: track
--

ALTER TABLE ONLY public.task_types_association
    ADD CONSTRAINT task_types_association_pkey PRIMARY KEY (id);


--
-- Name: task_types task_types_pkey; Type: CONSTRAINT; Schema: public; Owner: track
--

ALTER TABLE ONLY public.task_types
    ADD CONSTRAINT task_types_pkey PRIMARY KEY (id);


--
-- Name: tasks tasks_pkey; Type: CONSTRAINT; Schema: public; Owner: track
--

ALTER TABLE ONLY public.tasks
    ADD CONSTRAINT tasks_pkey PRIMARY KEY (id);


--
-- Name: timesheets_draft timesheets_draft_pkey; Type: CONSTRAINT; Schema: public; Owner: track
--

ALTER TABLE ONLY public.timesheets_draft
    ADD CONSTRAINT timesheets_draft_pkey PRIMARY KEY (id);


--
-- Name: timesheets timesheets_external_id_uq; Type: CONSTRAINT; Schema: public; Owner: track
--

ALTER TABLE ONLY public.timesheets
    ADD CONSTRAINT timesheets_external_id_uq UNIQUE (project_id, external_id);


--
-- Name: timesheets timesheets_pkey; Type: CONSTRAINT; Schema: public; Owner: track
--

ALTER TABLE ONLY public.timesheets
    ADD CONSTRAINT timesheets_pkey PRIMARY KEY (id);


--
-- Name: timesheets_statuses timesheets_statuses_pkey; Type: CONSTRAINT; Schema: public; Owner: track
--

ALTER TABLE ONLY public.timesheets_statuses
    ADD CONSTRAINT timesheets_statuses_pkey PRIMARY KEY (id);


--
-- Name: timesheets_types timesheets_types_pkey; Type: CONSTRAINT; Schema: public; Owner: track
--

ALTER TABLE ONLY public.timesheets_types
    ADD CONSTRAINT timesheets_types_pkey PRIMARY KEY (id);


--
-- Name: tokens tokens_pkey; Type: CONSTRAINT; Schema: public; Owner: track
--

ALTER TABLE ONLY public.tokens
    ADD CONSTRAINT tokens_pkey PRIMARY KEY (id);


--
-- Name: goal_sprints unique_goal_sprints_assoc; Type: CONSTRAINT; Schema: public; Owner: track
--

ALTER TABLE ONLY public.goal_sprints
    ADD CONSTRAINT unique_goal_sprints_assoc UNIQUE (goal_id, sprint_id);


--
-- Name: goal_tasks unique_goal_tasks_assoc; Type: CONSTRAINT; Schema: public; Owner: track
--

ALTER TABLE ONLY public.goal_tasks
    ADD CONSTRAINT unique_goal_tasks_assoc UNIQUE (goal_id, task_id);


--
-- Name: user_departments user_departments_department_id_user_id_key; Type: CONSTRAINT; Schema: public; Owner: track
--

ALTER TABLE ONLY public.user_departments
    ADD CONSTRAINT user_departments_department_id_user_id_key UNIQUE (department_id, user_id);


--
-- Name: user_departments user_departments_pkey; Type: CONSTRAINT; Schema: public; Owner: track
--

ALTER TABLE ONLY public.user_departments
    ADD CONSTRAINT user_departments_pkey PRIMARY KEY (id);


--
-- Name: user_email_association user_email_association_pkey; Type: CONSTRAINT; Schema: public; Owner: track
--

ALTER TABLE ONLY public.user_email_association
    ADD CONSTRAINT user_email_association_pkey PRIMARY KEY (id);


--
-- Name: users users_pkey; Type: CONSTRAINT; Schema: public; Owner: track
--

ALTER TABLE ONLY public.users
    ADD CONSTRAINT users_pkey PRIMARY KEY (id);


--
-- Name: Milestones_projectId; Type: INDEX; Schema: public; Owner: track
--

CREATE INDEX "Milestones_projectId" ON public."Milestones" USING btree ("projectId");


--
-- Name: comments_task_id; Type: INDEX; Schema: public; Owner: track
--

CREATE INDEX comments_task_id ON public.comments USING btree (task_id);


--
-- Name: flyway_schema_history_s_idx; Type: INDEX; Schema: public; Owner: track
--

CREATE INDEX flyway_schema_history_s_idx ON public.flyway_schema_history USING btree (success);


--
-- Name: index_active_sprint_id; Type: INDEX; Schema: public; Owner: track
--

CREATE INDEX index_active_sprint_id ON public.goals USING btree (active_sprint_id);


--
-- Name: index_moved_sprint_id; Type: INDEX; Schema: public; Owner: track
--

CREATE INDEX index_moved_sprint_id ON public.goals USING btree (moved_to_sprint_id);


--
-- Name: index_project_id; Type: INDEX; Schema: public; Owner: track
--

CREATE INDEX index_project_id ON public.goals USING btree (project_id);


--
-- Name: index_sprint_goal_id; Type: INDEX; Schema: public; Owner: track
--

CREATE INDEX index_sprint_goal_id ON public.goal_sprints USING btree (goal_id);


--
-- Name: index_sprint_id; Type: INDEX; Schema: public; Owner: track
--

CREATE INDEX index_sprint_id ON public.goal_sprints USING btree (sprint_id);


--
-- Name: index_task_goal_id; Type: INDEX; Schema: public; Owner: track
--

CREATE INDEX index_task_goal_id ON public.goal_tasks USING btree (goal_id);


--
-- Name: index_task_id; Type: INDEX; Schema: public; Owner: track
--

CREATE INDEX index_task_id ON public.goal_tasks USING btree (task_id);


--
-- Name: item_tags_tag_id; Type: INDEX; Schema: public; Owner: track
--

CREATE INDEX item_tags_tag_id ON public.item_tags USING btree (tag_id);


--
-- Name: item_tags_taggable; Type: INDEX; Schema: public; Owner: track
--

CREATE INDEX item_tags_taggable ON public.item_tags USING btree (taggable);


--
-- Name: item_tags_taggable_id; Type: INDEX; Schema: public; Owner: track
--

CREATE INDEX item_tags_taggable_id ON public.item_tags USING btree (taggable_id);


--
-- Name: login_unique; Type: INDEX; Schema: public; Owner: track
--

CREATE UNIQUE INDEX login_unique ON public.users USING btree (login);


--
-- Name: model_histories_task_id; Type: INDEX; Schema: public; Owner: track
--

CREATE INDEX model_histories_task_id ON public.task_histories USING btree (task_id);


--
-- Name: project_attachments_project_id; Type: INDEX; Schema: public; Owner: track
--

CREATE INDEX project_attachments_project_id ON public.project_attachments USING btree (project_id);


--
-- Name: project_roles_code; Type: INDEX; Schema: public; Owner: track
--

CREATE UNIQUE INDEX project_roles_code ON public.project_roles USING btree (code);


--
-- Name: projects_portfolio_id; Type: INDEX; Schema: public; Owner: track
--

CREATE INDEX projects_portfolio_id ON public.projects USING btree (portfolio_id);


--
-- Name: sprints_fact_finish_date; Type: INDEX; Schema: public; Owner: track
--

CREATE INDEX sprints_fact_finish_date ON public.sprints USING btree (fact_finish_date);


--
-- Name: sprints_fact_start_date; Type: INDEX; Schema: public; Owner: track
--

CREATE INDEX sprints_fact_start_date ON public.sprints USING btree (fact_start_date);


--
-- Name: sprints_project_id; Type: INDEX; Schema: public; Owner: track
--

CREATE INDEX sprints_project_id ON public.sprints USING btree (project_id);


--
-- Name: tags_name; Type: INDEX; Schema: public; Owner: track
--

CREATE UNIQUE INDEX tags_name ON public.tags USING btree (name);


--
-- Name: task_attachments_task_id; Type: INDEX; Schema: public; Owner: track
--

CREATE INDEX task_attachments_task_id ON public.task_attachments USING btree (task_id);


--
-- Name: task_tasks_linked_task_id; Type: INDEX; Schema: public; Owner: track
--

CREATE INDEX task_tasks_linked_task_id ON public.task_tasks USING btree (linked_task_id);


--
-- Name: task_tasks_task_id; Type: INDEX; Schema: public; Owner: track
--

CREATE INDEX task_tasks_task_id ON public.task_tasks USING btree (task_id);


--
-- Name: tasks_author_id; Type: INDEX; Schema: public; Owner: track
--

CREATE INDEX tasks_author_id ON public.tasks USING btree (author_id);


--
-- Name: tasks_parent_id; Type: INDEX; Schema: public; Owner: track
--

CREATE INDEX tasks_parent_id ON public.tasks USING btree (parent_id);


--
-- Name: tasks_performer_id; Type: INDEX; Schema: public; Owner: track
--

CREATE INDEX tasks_performer_id ON public.tasks USING btree (performer_id);


--
-- Name: tasks_priorities_id; Type: INDEX; Schema: public; Owner: track
--

CREATE INDEX tasks_priorities_id ON public.tasks USING btree (priorities_id);


--
-- Name: tasks_project_id; Type: INDEX; Schema: public; Owner: track
--

CREATE INDEX tasks_project_id ON public.tasks USING btree (project_id);


--
-- Name: tasks_sprint_id; Type: INDEX; Schema: public; Owner: track
--

CREATE INDEX tasks_sprint_id ON public.tasks USING btree (sprint_id);


--
-- Name: tasks_status_id; Type: INDEX; Schema: public; Owner: track
--

CREATE INDEX tasks_status_id ON public.tasks USING btree (status_id);


--
-- Name: tasks_type_id; Type: INDEX; Schema: public; Owner: track
--

CREATE INDEX tasks_type_id ON public.tasks USING btree (type_id);


--
-- Name: timesheets_project_id; Type: INDEX; Schema: public; Owner: track
--

CREATE INDEX timesheets_project_id ON public.timesheets USING btree (project_id);


--
-- Name: timesheets_sprint_id; Type: INDEX; Schema: public; Owner: track
--

CREATE INDEX timesheets_sprint_id ON public.timesheets USING btree (sprint_id);


--
-- Name: timesheets_task_id; Type: INDEX; Schema: public; Owner: track
--

CREATE INDEX timesheets_task_id ON public.timesheets USING btree (task_id);


--
-- Name: timesheets_user_id; Type: INDEX; Schema: public; Owner: track
--

CREATE INDEX timesheets_user_id ON public.timesheets USING btree (user_id);


--
-- Name: uniq_timesheet_draft; Type: INDEX; Schema: public; Owner: track
--

CREATE UNIQUE INDEX uniq_timesheet_draft ON public.timesheets_draft USING btree (user_id, on_date, type_id, (COALESCE(task_id, '-1'::integer)), (COALESCE(project_id, '-1'::integer)), (COALESCE(task_status_id, '-1'::integer)));


--
-- Name: Milestones Milestones_typeId_fkey; Type: FK CONSTRAINT; Schema: public; Owner: track
--

ALTER TABLE ONLY public."Milestones"
    ADD CONSTRAINT "Milestones_typeId_fkey" FOREIGN KEY ("typeId") REFERENCES public.milestone_types_dictionary(id);


--
-- Name: bot_notification_users bot_notification_users_bot_notification_id_fk; Type: FK CONSTRAINT; Schema: public; Owner: track
--

ALTER TABLE ONLY public.bot_notification_users
    ADD CONSTRAINT bot_notification_users_bot_notification_id_fk FOREIGN KEY (bot_notification_id) REFERENCES public.bot_notification(id) ON UPDATE CASCADE;


--
-- Name: bot_notification_users bot_notification_users_users_id_fk; Type: FK CONSTRAINT; Schema: public; Owner: track
--

ALTER TABLE ONLY public.bot_notification_users
    ADD CONSTRAINT bot_notification_users_users_id_fk FOREIGN KEY (users_id) REFERENCES public.users(id) ON UPDATE CASCADE;


--
-- Name: bot_settings_users bot_settings_users_bot_settings_id_fk; Type: FK CONSTRAINT; Schema: public; Owner: track
--

ALTER TABLE ONLY public.bot_settings_users
    ADD CONSTRAINT bot_settings_users_bot_settings_id_fk FOREIGN KEY (bot_settings_id) REFERENCES public.bot_settings(id) ON UPDATE CASCADE;


--
-- Name: bot_settings_users bot_settings_users_users_id_fk; Type: FK CONSTRAINT; Schema: public; Owner: track
--

ALTER TABLE ONLY public.bot_settings_users
    ADD CONSTRAINT bot_settings_users_users_id_fk FOREIGN KEY (users_id) REFERENCES public.users(id) ON UPDATE CASCADE;


--
-- Name: comments comments_author_id_fkey; Type: FK CONSTRAINT; Schema: public; Owner: track
--

ALTER TABLE ONLY public.comments
    ADD CONSTRAINT comments_author_id_fkey FOREIGN KEY (author_id) REFERENCES public.users(id) ON UPDATE CASCADE;


--
-- Name: comments comments_parent_id_fkey; Type: FK CONSTRAINT; Schema: public; Owner: track
--

ALTER TABLE ONLY public.comments
    ADD CONSTRAINT comments_parent_id_fkey FOREIGN KEY (parent_id) REFERENCES public.comments(id) ON UPDATE CASCADE ON DELETE SET NULL;


--
-- Name: comments comments_task_id_fkey; Type: FK CONSTRAINT; Schema: public; Owner: track
--

ALTER TABLE ONLY public.comments
    ADD CONSTRAINT comments_task_id_fkey FOREIGN KEY (task_id) REFERENCES public.tasks(id) ON UPDATE CASCADE;


--
-- Name: gitlab_user_roles gitlab_user_roles_project_user_id_fkey; Type: FK CONSTRAINT; Schema: public; Owner: track
--

ALTER TABLE ONLY public.gitlab_user_roles
    ADD CONSTRAINT gitlab_user_roles_project_user_id_fkey FOREIGN KEY (project_user_id) REFERENCES public.project_users(id);


--
-- Name: item_tags item_tags_tag_id_fkey; Type: FK CONSTRAINT; Schema: public; Owner: track
--

ALTER TABLE ONLY public.item_tags
    ADD CONSTRAINT item_tags_tag_id_fkey FOREIGN KEY (tag_id) REFERENCES public.tags(id) ON UPDATE CASCADE ON DELETE CASCADE;


--
-- Name: jira_sync_status jira_sync_status_simtrack_project_id_fkey; Type: FK CONSTRAINT; Schema: public; Owner: track
--

ALTER TABLE ONLY public.jira_sync_status
    ADD CONSTRAINT jira_sync_status_simtrack_project_id_fkey FOREIGN KEY (simtrack_project_id) REFERENCES public.projects(id);


--
-- Name: goal_sprints lnk_goals_goal_sprints; Type: FK CONSTRAINT; Schema: public; Owner: track
--

ALTER TABLE ONLY public.goal_sprints
    ADD CONSTRAINT lnk_goals_goal_sprints FOREIGN KEY (goal_id) REFERENCES public.goals(id) MATCH FULL ON UPDATE CASCADE ON DELETE CASCADE;


--
-- Name: goal_tasks lnk_goals_goal_tasks; Type: FK CONSTRAINT; Schema: public; Owner: track
--

ALTER TABLE ONLY public.goal_tasks
    ADD CONSTRAINT lnk_goals_goal_tasks FOREIGN KEY (goal_id) REFERENCES public.goals(id) MATCH FULL ON UPDATE CASCADE ON DELETE CASCADE;


--
-- Name: goals lnk_projects_goals; Type: FK CONSTRAINT; Schema: public; Owner: track
--

ALTER TABLE ONLY public.goals
    ADD CONSTRAINT lnk_projects_goals FOREIGN KEY (project_id) REFERENCES public.projects(id) MATCH FULL ON UPDATE CASCADE ON DELETE CASCADE;


--
-- Name: goal_sprints lnk_sprints_goal_sprints; Type: FK CONSTRAINT; Schema: public; Owner: track
--

ALTER TABLE ONLY public.goal_sprints
    ADD CONSTRAINT lnk_sprints_goal_sprints FOREIGN KEY (sprint_id) REFERENCES public.sprints(id) MATCH FULL ON UPDATE CASCADE ON DELETE CASCADE;


--
-- Name: goal_tasks lnk_sprints_goal_tasks; Type: FK CONSTRAINT; Schema: public; Owner: track
--

ALTER TABLE ONLY public.goal_tasks
    ADD CONSTRAINT lnk_sprints_goal_tasks FOREIGN KEY (task_id) REFERENCES public.tasks(id) MATCH FULL ON UPDATE CASCADE ON DELETE CASCADE;


--
-- Name: goals lnk_sprints_goals_active; Type: FK CONSTRAINT; Schema: public; Owner: track
--

ALTER TABLE ONLY public.goals
    ADD CONSTRAINT lnk_sprints_goals_active FOREIGN KEY (active_sprint_id) REFERENCES public.sprints(id) MATCH FULL ON UPDATE CASCADE ON DELETE SET NULL;


--
-- Name: goals lnk_sprints_goals_moved; Type: FK CONSTRAINT; Schema: public; Owner: track
--

ALTER TABLE ONLY public.goals
    ADD CONSTRAINT lnk_sprints_goals_moved FOREIGN KEY (moved_to_sprint_id) REFERENCES public.sprints(id) MATCH FULL ON UPDATE CASCADE ON DELETE SET NULL;


--
-- Name: metrics metrics_project_id_fkey; Type: FK CONSTRAINT; Schema: public; Owner: track
--

ALTER TABLE ONLY public.metrics
    ADD CONSTRAINT metrics_project_id_fkey FOREIGN KEY (project_id) REFERENCES public.projects(id) ON UPDATE CASCADE;


--
-- Name: metrics metrics_sprint_id_fkey; Type: FK CONSTRAINT; Schema: public; Owner: track
--

ALTER TABLE ONLY public.metrics
    ADD CONSTRAINT metrics_sprint_id_fkey FOREIGN KEY (sprint_id) REFERENCES public.sprints(id) ON UPDATE CASCADE;


--
-- Name: metrics metrics_user_id_fkey; Type: FK CONSTRAINT; Schema: public; Owner: track
--

ALTER TABLE ONLY public.metrics
    ADD CONSTRAINT metrics_user_id_fkey FOREIGN KEY (user_id) REFERENCES public.users(id) ON UPDATE CASCADE;


--
-- Name: task_histories model_histories_task_id_fkey; Type: FK CONSTRAINT; Schema: public; Owner: track
--

ALTER TABLE ONLY public.task_histories
    ADD CONSTRAINT model_histories_task_id_fkey FOREIGN KEY (task_id) REFERENCES public.tasks(id) ON UPDATE CASCADE ON DELETE SET NULL;


--
-- Name: task_histories model_histories_user_id_fkey; Type: FK CONSTRAINT; Schema: public; Owner: track
--

ALTER TABLE ONLY public.task_histories
    ADD CONSTRAINT model_histories_user_id_fkey FOREIGN KEY (user_id) REFERENCES public.users(id) ON UPDATE CASCADE ON DELETE SET NULL;


--
-- Name: project_histories project_histories_user_id_fkey; Type: FK CONSTRAINT; Schema: public; Owner: track
--

ALTER TABLE ONLY public.project_histories
    ADD CONSTRAINT project_histories_user_id_fkey FOREIGN KEY (user_id) REFERENCES public.users(id) ON UPDATE CASCADE ON DELETE SET NULL;


--
-- Name: project_users_roles project_users_roles_project_role_id_fkey; Type: FK CONSTRAINT; Schema: public; Owner: track
--

ALTER TABLE ONLY public.project_users_roles
    ADD CONSTRAINT project_users_roles_project_role_id_fkey FOREIGN KEY (project_role_id) REFERENCES public.project_roles(id) ON UPDATE CASCADE;


--
-- Name: project_users_roles project_users_roles_project_user_id_fkey; Type: FK CONSTRAINT; Schema: public; Owner: track
--

ALTER TABLE ONLY public.project_users_roles
    ADD CONSTRAINT project_users_roles_project_user_id_fkey FOREIGN KEY (project_user_id) REFERENCES public.project_users(id) ON UPDATE CASCADE;


--
-- Name: project_users_subscriptions project_users_subscriptions_project_event_id_fkey; Type: FK CONSTRAINT; Schema: public; Owner: track
--

ALTER TABLE ONLY public.project_users_subscriptions
    ADD CONSTRAINT project_users_subscriptions_project_event_id_fkey FOREIGN KEY (project_event_id) REFERENCES public.project_events(id) ON UPDATE CASCADE;


--
-- Name: project_users_subscriptions project_users_subscriptions_project_user_id_fkey; Type: FK CONSTRAINT; Schema: public; Owner: track
--

ALTER TABLE ONLY public.project_users_subscriptions
    ADD CONSTRAINT project_users_subscriptions_project_user_id_fkey FOREIGN KEY (project_user_id) REFERENCES public.project_users(id) ON UPDATE CASCADE ON DELETE CASCADE;


--
-- Name: project_users project_users_user_id_fkey; Type: FK CONSTRAINT; Schema: public; Owner: track
--

ALTER TABLE ONLY public.project_users
    ADD CONSTRAINT project_users_user_id_fkey FOREIGN KEY (user_id) REFERENCES public.users(id) ON UPDATE CASCADE ON DELETE SET NULL;


--
-- Name: projects projects_portfolio_id_fkey; Type: FK CONSTRAINT; Schema: public; Owner: track
--

ALTER TABLE ONLY public.projects
    ADD CONSTRAINT projects_portfolio_id_fkey FOREIGN KEY (portfolio_id) REFERENCES public.portfolios(id) ON UPDATE CASCADE ON DELETE CASCADE;


--
-- Name: projects projects_status_id_fkey; Type: FK CONSTRAINT; Schema: public; Owner: track
--

ALTER TABLE ONLY public.projects
    ADD CONSTRAINT projects_status_id_fkey FOREIGN KEY (status_id) REFERENCES public.project_statuses(id) ON UPDATE CASCADE ON DELETE CASCADE;


--
-- Name: sprints sprints_project_id_fkey; Type: FK CONSTRAINT; Schema: public; Owner: track
--

ALTER TABLE ONLY public.sprints
    ADD CONSTRAINT sprints_project_id_fkey FOREIGN KEY (project_id) REFERENCES public.projects(id) ON UPDATE CASCADE ON DELETE SET NULL;


--
-- Name: sprints sprints_status_id_fkey; Type: FK CONSTRAINT; Schema: public; Owner: track
--

ALTER TABLE ONLY public.sprints
    ADD CONSTRAINT sprints_status_id_fkey FOREIGN KEY (status_id) REFERENCES public.sprint_statuses(id) ON UPDATE CASCADE ON DELETE CASCADE;


--
-- Name: task_statuses_association task_statuses_association_internal_status_id_fkey; Type: FK CONSTRAINT; Schema: public; Owner: track
--

ALTER TABLE ONLY public.task_statuses_association
    ADD CONSTRAINT task_statuses_association_internal_status_id_fkey FOREIGN KEY (internal_status_id) REFERENCES public.task_statuses(id);


--
-- Name: task_statuses_association task_statuses_association_project_id_fkey; Type: FK CONSTRAINT; Schema: public; Owner: track
--

ALTER TABLE ONLY public.task_statuses_association
    ADD CONSTRAINT task_statuses_association_project_id_fkey FOREIGN KEY (project_id) REFERENCES public.projects(id);


--
-- Name: task_tasks task_tasks_linked_task_id_fkey; Type: FK CONSTRAINT; Schema: public; Owner: track
--

ALTER TABLE ONLY public.task_tasks
    ADD CONSTRAINT task_tasks_linked_task_id_fkey FOREIGN KEY (linked_task_id) REFERENCES public.tasks(id) ON UPDATE CASCADE ON DELETE CASCADE;


--
-- Name: task_tasks task_tasks_task_id_fkey; Type: FK CONSTRAINT; Schema: public; Owner: track
--

ALTER TABLE ONLY public.task_tasks
    ADD CONSTRAINT task_tasks_task_id_fkey FOREIGN KEY (task_id) REFERENCES public.tasks(id) ON UPDATE CASCADE ON DELETE CASCADE;


--
-- Name: task_types_association task_types_association_internal_task_type_id_fkey; Type: FK CONSTRAINT; Schema: public; Owner: track
--

ALTER TABLE ONLY public.task_types_association
    ADD CONSTRAINT task_types_association_internal_task_type_id_fkey FOREIGN KEY (internal_task_type_id) REFERENCES public.task_types(id);


--
-- Name: task_types_association task_types_association_project_id_fkey; Type: FK CONSTRAINT; Schema: public; Owner: track
--

ALTER TABLE ONLY public.task_types_association
    ADD CONSTRAINT task_types_association_project_id_fkey FOREIGN KEY (project_id) REFERENCES public.projects(id);


--
-- Name: tasks tasks_parent_id_fkey; Type: FK CONSTRAINT; Schema: public; Owner: track
--

ALTER TABLE ONLY public.tasks
    ADD CONSTRAINT tasks_parent_id_fkey FOREIGN KEY (parent_id) REFERENCES public.tasks(id) ON UPDATE CASCADE ON DELETE SET NULL;


--
-- Name: tasks tasks_project_id_fkey; Type: FK CONSTRAINT; Schema: public; Owner: track
--

ALTER TABLE ONLY public.tasks
    ADD CONSTRAINT tasks_project_id_fkey FOREIGN KEY (project_id) REFERENCES public.projects(id) ON UPDATE CASCADE;


--
-- Name: tasks tasks_sprint_id_fkey; Type: FK CONSTRAINT; Schema: public; Owner: track
--

ALTER TABLE ONLY public.tasks
    ADD CONSTRAINT tasks_sprint_id_fkey FOREIGN KEY (sprint_id) REFERENCES public.sprints(id) ON UPDATE CASCADE ON DELETE SET NULL;


--
-- Name: tasks tasks_status_id_fkey; Type: FK CONSTRAINT; Schema: public; Owner: track
--

ALTER TABLE ONLY public.tasks
    ADD CONSTRAINT tasks_status_id_fkey FOREIGN KEY (status_id) REFERENCES public.task_statuses(id) ON UPDATE CASCADE ON DELETE CASCADE;


--
-- Name: timesheets_draft timesheets_draft_task_id_fkey; Type: FK CONSTRAINT; Schema: public; Owner: track
--

ALTER TABLE ONLY public.timesheets_draft
    ADD CONSTRAINT timesheets_draft_task_id_fkey FOREIGN KEY (task_id) REFERENCES public.tasks(id) ON UPDATE CASCADE;


--
-- Name: timesheets_draft timesheets_draft_task_status_id_fkey; Type: FK CONSTRAINT; Schema: public; Owner: track
--

ALTER TABLE ONLY public.timesheets_draft
    ADD CONSTRAINT timesheets_draft_task_status_id_fkey FOREIGN KEY (task_status_id) REFERENCES public.task_statuses(id) ON UPDATE CASCADE;


--
-- Name: timesheets_draft timesheets_draft_type_id_fkey; Type: FK CONSTRAINT; Schema: public; Owner: track
--

ALTER TABLE ONLY public.timesheets_draft
    ADD CONSTRAINT timesheets_draft_type_id_fkey FOREIGN KEY (type_id) REFERENCES public.timesheets_types(id) ON UPDATE CASCADE;


--
-- Name: timesheets_draft timesheets_draft_user_id_fkey; Type: FK CONSTRAINT; Schema: public; Owner: track
--

ALTER TABLE ONLY public.timesheets_draft
    ADD CONSTRAINT timesheets_draft_user_id_fkey FOREIGN KEY (user_id) REFERENCES public.users(id) ON UPDATE CASCADE;


--
-- Name: timesheets timesheets_status_id_fkey; Type: FK CONSTRAINT; Schema: public; Owner: track
--

ALTER TABLE ONLY public.timesheets
    ADD CONSTRAINT timesheets_status_id_fkey FOREIGN KEY (status_id) REFERENCES public.timesheets_statuses(id) ON UPDATE CASCADE;


--
-- Name: timesheets timesheets_task_id_fkey; Type: FK CONSTRAINT; Schema: public; Owner: track
--

ALTER TABLE ONLY public.timesheets
    ADD CONSTRAINT timesheets_task_id_fkey FOREIGN KEY (task_id) REFERENCES public.tasks(id) ON UPDATE CASCADE;


--
-- Name: timesheets timesheets_task_status_id_fkey; Type: FK CONSTRAINT; Schema: public; Owner: track
--

ALTER TABLE ONLY public.timesheets
    ADD CONSTRAINT timesheets_task_status_id_fkey FOREIGN KEY (task_status_id) REFERENCES public.task_statuses(id) ON UPDATE CASCADE;


--
-- Name: timesheets timesheets_type_id_fkey; Type: FK CONSTRAINT; Schema: public; Owner: track
--

ALTER TABLE ONLY public.timesheets
    ADD CONSTRAINT timesheets_type_id_fkey FOREIGN KEY (type_id) REFERENCES public.timesheets_types(id) ON UPDATE CASCADE;


--
-- Name: timesheets timesheets_user_id_fkey; Type: FK CONSTRAINT; Schema: public; Owner: track
--

ALTER TABLE ONLY public.timesheets
    ADD CONSTRAINT timesheets_user_id_fkey FOREIGN KEY (user_id) REFERENCES public.users(id) ON UPDATE CASCADE;


--
-- Name: tokens tokens_user_id_fkey; Type: FK CONSTRAINT; Schema: public; Owner: track
--

ALTER TABLE ONLY public.tokens
    ADD CONSTRAINT tokens_user_id_fkey FOREIGN KEY (user_id) REFERENCES public.users(id) ON UPDATE CASCADE ON DELETE SET NULL;


--
-- Name: user_departments user_departments_department_id_fkey; Type: FK CONSTRAINT; Schema: public; Owner: track
--

ALTER TABLE ONLY public.user_departments
    ADD CONSTRAINT user_departments_department_id_fkey FOREIGN KEY (department_id) REFERENCES public.departments(id) ON UPDATE CASCADE ON DELETE CASCADE;


--
-- Name: user_departments user_departments_user_id_fkey; Type: FK CONSTRAINT; Schema: public; Owner: track
--

ALTER TABLE ONLY public.user_departments
    ADD CONSTRAINT user_departments_user_id_fkey FOREIGN KEY (user_id) REFERENCES public.users(id) ON UPDATE CASCADE ON DELETE CASCADE;


--
-- Name: user_email_association user_email_association_project_id_fkey; Type: FK CONSTRAINT; Schema: public; Owner: track
--

ALTER TABLE ONLY public.user_email_association
    ADD CONSTRAINT user_email_association_project_id_fkey FOREIGN KEY (project_id) REFERENCES public.projects(id);


--
-- PostgreSQL database dump complete
--

